Item Code,Item Description,Spec Book,Unit,Statewide 12-Mo Moving Avg ($),Statewide 3-Mo Moving Avg ($),Engineer Estimate Avg ($),Min Bid Price ($),Max Bid Price ($),Total Awarded Qty (12-Mo),Total Awarded Value ($),Category
"0100-6001","PREPARING ROW (TY 1)","2024/2014","STA",431.2,405.33,405.33,320,850,500,215600,"100 Earthwork"
"0100-6002","PREPARING ROW (TY 2)","2024/2014","AC",450.8,437.28,423.75,326.4,875.5,2070,933156,"100 Earthwork"
"0100-6003","PREPARING ROW (TY 3)","2024/2014","STA",470.4,470.4,442.18,332.8,901,3640,1712256,"100 Earthwork"
"0100-6004","PREPARING ROW (TY 4)","2024/2014","AC",490,504.7,460.6,339.2,926.5,5210,2552900,"100 Earthwork"
"0100-6005","PREPARING ROW (TY 5)","2024/2014","STA",509.6,540.18,479.02,320,952,6780,3455088,"100 Earthwork"
"0100-6006","PREPARING ROW (TY 6)","2024/2014","AC",529.2,497.45,497.45,326.4,977.5,8350,4418820,"100 Earthwork"
"0100-6007","PREPARING ROW (TY 7)","2024/2014","STA",548.8,532.34,515.87,332.8,850,9920,5444096,"100 Earthwork"
"0100-6008","PREPARING ROW (TY 8)","2024/2014","AC",431.2,431.2,405.33,339.2,875.5,11490,4954488,"100 Earthwork"
"0100-6009","PREPARING ROW (TY 9)","2024/2014","STA",450.8,464.32,423.75,320,901,13060,5887448,"100 Earthwork"
"0100-6010","PREPARING ROW (TY 10)","2024/2014","AC",470.4,498.62,442.18,326.4,926.5,3830,1801632,"100 Earthwork"
"0100-6011","PREPARING ROW (TY 11)","2024/2014","STA",490,460.6,460.6,332.8,952,5400,2646000,"100 Earthwork"
"0100-6012","PREPARING ROW (TY 12)","2024/2014","AC",509.6,494.31,479.02,339.2,977.5,6970,3551912,"100 Earthwork"
"0100-6013","PREPARING ROW (TY 13)","2024/2014","STA",529.2,529.2,497.45,320,850,8540,4519368,"100 Earthwork"
"0100-6014","PREPARING ROW (TY 14)","2024/2014","AC",548.8,565.26,515.87,326.4,875.5,10110,5548368,"100 Earthwork"
"0100-6015","PREPARING ROW (TY 15)","2024/2014","STA",431.2,457.07,405.33,332.8,901,11680,5036416,"100 Earthwork"
"0100-6016","PREPARING ROW (TY 16)","2024/2014","AC",450.8,423.75,423.75,339.2,926.5,13250,5973100,"100 Earthwork"
"0100-6017","PREPARING ROW (TY 17)","2024/2014","STA",470.4,456.29,442.18,320,952,14820,6971328,"100 Earthwork"
"0100-6018","PREPARING ROW (TY 18)","2024/2014","AC",490,490,460.6,326.4,977.5,16390,8031100,"100 Earthwork"
"0100-6019","PREPARING ROW (TY 19)","2024/2014","STA",509.6,524.89,479.02,332.8,850,7160,3648736,"100 Earthwork"
"0100-6020","PREPARING ROW (TY 20)","2024/2014","AC",529.2,560.95,497.45,339.2,875.5,8730,4619916,"100 Earthwork"
"0100-6021","PREPARING ROW (TY 21)","2024/2014","STA",548.8,515.87,515.87,320,901,10300,5652640,"100 Earthwork"
"0100-6022","PREPARING ROW (TY 22)","2024/2014","AC",431.2,418.26,405.33,326.4,926.5,11870,5118344,"100 Earthwork"
"0100-6023","PREPARING ROW (TY 23)","2024/2014","STA",450.8,450.8,423.75,332.8,952,13440,6058752,"100 Earthwork"
"0100-6024","PREPARING ROW (TY 24)","2024/2014","AC",470.4,484.51,442.18,339.2,977.5,15010,7060704,"100 Earthwork"
"0100-6025","PREPARING ROW (TY 25)","2024/2014","STA",490,519.4,460.6,320,850,16580,8124200,"100 Earthwork"
"0103-6001","DISPOSAL OF WATER WELLS (TY 1)","2024/2014","EA",3344,3143.36,3143.36,2200,6500,500,1672000,"100 Earthwork"
"0103-6002","DISPOSAL OF WATER WELLS (TY 2)","2024/2014","EA",3496,3391.12,3286.24,2244,6695,2070,7236720,"100 Earthwork"
"0103-6003","DISPOSAL OF WATER WELLS (TY 3)","2024/2014","EA",3648,3648,3429.12,2288,6890,3640,13278720,"100 Earthwork"
"0103-6004","DISPOSAL OF WATER WELLS (TY 4)","2024/2014","EA",3800,3914,3572,2332,7085,5210,19798000,"100 Earthwork"
"0103-6005","DISPOSAL OF WATER WELLS (TY 5)","2024/2014","EA",3952,4189.12,3714.88,2200,7280,6780,26794560,"100 Earthwork"
"0103-6006","DISPOSAL OF WATER WELLS (TY 6)","2024/2014","EA",4104,3857.76,3857.76,2244,7475,8350,34268400,"100 Earthwork"
"0103-6007","DISPOSAL OF WATER WELLS (TY 7)","2024/2014","EA",4256,4128.32,4000.64,2288,6500,9920,42219520,"100 Earthwork"
"0103-6008","DISPOSAL OF WATER WELLS (TY 8)","2024/2014","EA",3344,3344,3143.36,2332,6695,11490,38422560,"100 Earthwork"
"0103-6009","DISPOSAL OF WATER WELLS (TY 9)","2024/2014","EA",3496,3600.88,3286.24,2200,6890,13060,45657760,"100 Earthwork"
"0103-6010","DISPOSAL OF WATER WELLS (TY 10)","2024/2014","EA",3648,3866.88,3429.12,2244,7085,3830,13971840,"100 Earthwork"
"0104-6001","REMOVING CONC (TY 1)","2024/2014","SY",19.36,18.2,18.2,8,65,500,9680,"100 Earthwork"
"0104-6002","REMOVING CONC (TY 2)","2024/2014","LF",20.24,19.63,19.03,8.16,66.95,2070,41896.8,"100 Earthwork"
"0104-6003","REMOVING CONC (TY 3)","2024/2014","EA",21.12,21.12,19.85,8.32,68.9,3640,76876.8,"100 Earthwork"
"0104-6004","REMOVING CONC (TY 4)","2024/2014","CY",22,22.66,20.68,8.48,70.85,5210,114620,"100 Earthwork"
"0104-6005","REMOVING CONC (TY 5)","2024/2014","SY",22.88,24.25,21.51,8,72.8,6780,155126.4,"100 Earthwork"
"0104-6006","REMOVING CONC (TY 6)","2024/2014","LF",23.76,22.33,22.33,8.16,74.75,8350,198396,"100 Earthwork"
"0104-6007","REMOVING CONC (TY 7)","2024/2014","EA",24.64,23.9,23.16,8.32,65,9920,244428.8,"100 Earthwork"
"0104-6008","REMOVING CONC (TY 8)","2024/2014","CY",19.36,19.36,18.2,8.48,66.95,11490,222446.4,"100 Earthwork"
"0104-6009","REMOVING CONC (TY 9)","2024/2014","SY",20.24,20.85,19.03,8,68.9,13060,264334.4,"100 Earthwork"
"0104-6010","REMOVING CONC (TY 10)","2024/2014","LF",21.12,22.39,19.85,8.16,70.85,3830,80889.6,"100 Earthwork"
"0104-6011","REMOVING CONC (TY 11)","2024/2014","EA",22,20.68,20.68,8.32,72.8,5400,118800,"100 Earthwork"
"0104-6012","REMOVING CONC (TY 12)","2024/2014","CY",22.88,22.19,21.51,8.48,74.75,6970,159473.6,"100 Earthwork"
"0104-6013","REMOVING CONC (TY 13)","2024/2014","SY",23.76,23.76,22.33,8,65,8540,202910.4,"100 Earthwork"
"0104-6014","REMOVING CONC (TY 14)","2024/2014","LF",24.64,25.38,23.16,8.16,66.95,10110,249110.4,"100 Earthwork"
"0104-6015","REMOVING CONC (TY 15)","2024/2014","EA",19.36,20.52,18.2,8.32,68.9,11680,226124.8,"100 Earthwork"
"0104-6016","REMOVING CONC (TY 16)","2024/2014","CY",20.24,19.03,19.03,8.48,70.85,13250,268180,"100 Earthwork"
"0104-6017","REMOVING CONC (TY 17)","2024/2014","SY",21.12,20.49,19.85,8,72.8,14820,312998.4,"100 Earthwork"
"0104-6018","REMOVING CONC (TY 18)","2024/2014","LF",22,22,20.68,8.16,74.75,16390,360580,"100 Earthwork"
"0104-6019","REMOVING CONC (TY 19)","2024/2014","EA",22.88,23.57,21.51,8.32,65,7160,163820.8,"100 Earthwork"
"0104-6020","REMOVING CONC (TY 20)","2024/2014","CY",23.76,25.19,22.33,8.48,66.95,8730,207424.8,"100 Earthwork"
"0104-6021","REMOVING CONC (TY 21)","2024/2014","SY",24.64,23.16,23.16,8,68.9,10300,253792,"100 Earthwork"
"0104-6022","REMOVING CONC (TY 22)","2024/2014","LF",19.36,18.78,18.2,8.16,70.85,11870,229803.2,"100 Earthwork"
"0104-6023","REMOVING CONC (TY 23)","2024/2014","EA",20.24,20.24,19.03,8.32,72.8,13440,272025.6,"100 Earthwork"
"0104-6024","REMOVING CONC (TY 24)","2024/2014","CY",21.12,21.75,19.85,8.48,74.75,15010,317011.2,"100 Earthwork"
"0104-6025","REMOVING CONC (TY 25)","2024/2014","SY",22,23.32,20.68,8,65,16580,364760,"100 Earthwork"
"0104-6026","REMOVING CONC (TY 26)","2024/2014","LF",22.88,21.51,21.51,8.16,66.95,18150,415272,"100 Earthwork"
"0104-6027","REMOVING CONC (TY 27)","2024/2014","EA",23.76,23.05,22.33,8.32,68.9,19720,468547.2,"100 Earthwork"
"0104-6028","REMOVING CONC (TY 28)","2024/2014","CY",24.64,24.64,23.16,8.48,70.85,10490,258473.6,"100 Earthwork"
"0104-6029","REMOVING CONC (TY 29)","2024/2014","SY",19.36,19.94,18.2,8,72.8,12060,233481.6,"100 Earthwork"
"0104-6030","REMOVING CONC (TY 30)","2024/2014","LF",20.24,21.45,19.03,8.16,74.75,13630,275871.2,"100 Earthwork"
"0104-6031","REMOVING CONC (TY 31)","2024/2014","EA",21.12,19.85,19.85,8.32,65,15200,321024,"100 Earthwork"
"0104-6032","REMOVING CONC (TY 32)","2024/2014","CY",22,21.34,20.68,8.48,66.95,16770,368940,"100 Earthwork"
"0104-6033","REMOVING CONC (TY 33)","2024/2014","SY",22.88,22.88,21.51,8,68.9,18340,419619.2,"100 Earthwork"
"0104-6034","REMOVING CONC (TY 34)","2024/2014","LF",23.76,24.47,22.33,8.16,70.85,19910,473061.6,"100 Earthwork"
"0104-6035","REMOVING CONC (TY 35)","2024/2014","EA",24.64,26.12,23.16,8.32,72.8,21480,529267.2,"100 Earthwork"
"0104-6036","REMOVING CONC (TY 36)","2024/2014","CY",19.36,18.2,18.2,8.48,74.75,23050,446248,"100 Earthwork"
"0104-6037","REMOVING CONC (TY 37)","2024/2014","SY",20.24,19.63,19.03,8,65,13820,279716.8,"100 Earthwork"
"0104-6038","REMOVING CONC (TY 38)","2024/2014","LF",21.12,21.12,19.85,8.16,66.95,15390,325036.8,"100 Earthwork"
"0104-6039","REMOVING CONC (TY 39)","2024/2014","EA",22,22.66,20.68,8.32,68.9,16960,373120,"100 Earthwork"
"0104-6040","REMOVING CONC (TY 40)","2024/2014","CY",22.88,24.25,21.51,8.48,70.85,18530,423966.4,"100 Earthwork"
"0104-6041","REMOVING CONC (TY 41)","2024/2014","SY",23.76,22.33,22.33,8,72.8,20100,477576,"100 Earthwork"
"0104-6042","REMOVING CONC (TY 42)","2024/2014","LF",24.64,23.9,23.16,8.16,74.75,21670,533948.8,"100 Earthwork"
"0104-6043","REMOVING CONC (TY 43)","2024/2014","EA",19.36,19.36,18.2,8.32,65,23240,449926.4,"100 Earthwork"
"0104-6044","REMOVING CONC (TY 44)","2024/2014","CY",20.24,20.85,19.03,8.48,66.95,24810,502154.4,"100 Earthwork"
"0104-6045","REMOVING CONC (TY 45)","2024/2014","SY",21.12,22.39,19.85,8,68.9,26380,557145.6,"100 Earthwork"
"0104-6046","REMOVING CONC (TY 46)","2024/2014","LF",22,20.68,20.68,8.16,70.85,17150,377300,"100 Earthwork"
"0104-6047","REMOVING CONC (TY 47)","2024/2014","EA",22.88,22.19,21.51,8.32,72.8,18720,428313.6,"100 Earthwork"
"0104-6048","REMOVING CONC (TY 48)","2024/2014","CY",23.76,23.76,22.33,8.48,74.75,20290,482090.4,"100 Earthwork"
"0104-6049","REMOVING CONC (TY 49)","2024/2014","SY",24.64,25.38,23.16,8,65,21860,538630.4,"100 Earthwork"
"0104-6050","REMOVING CONC (TY 50)","2024/2014","LF",19.36,20.52,18.2,8.16,66.95,23430,453604.8,"100 Earthwork"
"0104-6051","REMOVING CONC (TY 51)","2024/2014","EA",20.24,19.03,19.03,8.32,68.9,25000,506000,"100 Earthwork"
"0104-6052","REMOVING CONC (TY 52)","2024/2014","CY",21.12,20.49,19.85,8.48,70.85,26570,561158.4,"100 Earthwork"
"0104-6053","REMOVING CONC (TY 53)","2024/2014","SY",22,22,20.68,8,72.8,28140,619080,"100 Earthwork"
"0104-6054","REMOVING CONC (TY 54)","2024/2014","LF",22.88,23.57,21.51,8.16,74.75,29710,679764.8,"100 Earthwork"
"0104-6055","REMOVING CONC (TY 55)","2024/2014","EA",23.76,25.19,22.33,8.32,65,20480,486604.8,"100 Earthwork"
"0104-6056","REMOVING CONC (TY 56)","2024/2014","CY",24.64,23.16,23.16,8.48,66.95,22050,543312,"100 Earthwork"
"0104-6057","REMOVING CONC (TY 57)","2024/2014","SY",19.36,18.78,18.2,8,68.9,23620,457283.2,"100 Earthwork"
"0104-6058","REMOVING CONC (TY 58)","2024/2014","LF",20.24,20.24,19.03,8.16,70.85,25190,509845.6,"100 Earthwork"
"0104-6059","REMOVING CONC (TY 59)","2024/2014","EA",21.12,21.75,19.85,8.32,72.8,26760,565171.2,"100 Earthwork"
"0104-6060","REMOVING CONC (TY 60)","2024/2014","CY",22,23.32,20.68,8.48,74.75,28330,623260,"100 Earthwork"
"0105-6001","REMOVING STAB BASE & ASPH PAV (TY 1)","2024/2014","SY",11,10.34,10.34,4.2,28,500,5500,"100 Earthwork"
"0105-6002","REMOVING STAB BASE & ASPH PAV (TY 2)","2024/2014","SY",11.5,11.16,10.81,4.28,28.84,2070,23805,"100 Earthwork"
"0105-6003","REMOVING STAB BASE & ASPH PAV (TY 3)","2024/2014","SY",12,12,11.28,4.37,29.68,3640,43680,"100 Earthwork"
"0105-6004","REMOVING STAB BASE & ASPH PAV (TY 4)","2024/2014","SY",12.5,12.88,11.75,4.45,30.52,5210,65125,"100 Earthwork"
"0105-6005","REMOVING STAB BASE & ASPH PAV (TY 5)","2024/2014","SY",13,13.78,12.22,4.2,31.36,6780,88140,"100 Earthwork"
"0105-6006","REMOVING STAB BASE & ASPH PAV (TY 6)","2024/2014","SY",13.5,12.69,12.69,4.28,32.2,8350,112725,"100 Earthwork"
"0105-6007","REMOVING STAB BASE & ASPH PAV (TY 7)","2024/2014","SY",14,13.58,13.16,4.37,28,9920,138880,"100 Earthwork"
"0105-6008","REMOVING STAB BASE & ASPH PAV (TY 8)","2024/2014","SY",11,11,10.34,4.45,28.84,11490,126390,"100 Earthwork"
"0105-6009","REMOVING STAB BASE & ASPH PAV (TY 9)","2024/2014","SY",11.5,11.84,10.81,4.2,29.68,13060,150190,"100 Earthwork"
"0105-6010","REMOVING STAB BASE & ASPH PAV (TY 10)","2024/2014","SY",12,12.72,11.28,4.28,30.52,3830,45960,"100 Earthwork"
"0105-6011","REMOVING STAB BASE & ASPH PAV (TY 11)","2024/2014","SY",12.5,11.75,11.75,4.37,31.36,5400,67500,"100 Earthwork"
"0105-6012","REMOVING STAB BASE & ASPH PAV (TY 12)","2024/2014","SY",13,12.61,12.22,4.45,32.2,6970,90610,"100 Earthwork"
"0105-6013","REMOVING STAB BASE & ASPH PAV (TY 13)","2024/2014","SY",13.5,13.5,12.69,4.2,28,8540,115290,"100 Earthwork"
"0105-6014","REMOVING STAB BASE & ASPH PAV (TY 14)","2024/2014","SY",14,14.42,13.16,4.28,28.84,10110,141540,"100 Earthwork"
"0105-6015","REMOVING STAB BASE & ASPH PAV (TY 15)","2024/2014","SY",11,11.66,10.34,4.37,29.68,11680,128480,"100 Earthwork"
"0105-6016","REMOVING STAB BASE & ASPH PAV (TY 16)","2024/2014","SY",11.5,10.81,10.81,4.45,30.52,13250,152375,"100 Earthwork"
"0105-6017","REMOVING STAB BASE & ASPH PAV (TY 17)","2024/2014","SY",12,11.64,11.28,4.2,31.36,14820,177840,"100 Earthwork"
"0105-6018","REMOVING STAB BASE & ASPH PAV (TY 18)","2024/2014","SY",12.5,12.5,11.75,4.28,32.2,16390,204875,"100 Earthwork"
"0105-6019","REMOVING STAB BASE & ASPH PAV (TY 19)","2024/2014","SY",13,13.39,12.22,4.37,28,7160,93080,"100 Earthwork"
"0105-6020","REMOVING STAB BASE & ASPH PAV (TY 20)","2024/2014","SY",13.5,14.31,12.69,4.45,28.84,8730,117855,"100 Earthwork"
"0105-6021","REMOVING STAB BASE & ASPH PAV (TY 21)","2024/2014","SY",14,13.16,13.16,4.2,29.68,10300,144200,"100 Earthwork"
"0105-6022","REMOVING STAB BASE & ASPH PAV (TY 22)","2024/2014","SY",11,10.67,10.34,4.28,30.52,11870,130570,"100 Earthwork"
"0105-6023","REMOVING STAB BASE & ASPH PAV (TY 23)","2024/2014","SY",11.5,11.5,10.81,4.37,31.36,13440,154560,"100 Earthwork"
"0105-6024","REMOVING STAB BASE & ASPH PAV (TY 24)","2024/2014","SY",12,12.36,11.28,4.45,32.2,15010,180120,"100 Earthwork"
"0105-6025","REMOVING STAB BASE & ASPH PAV (TY 25)","2024/2014","SY",12.5,13.25,11.75,4.2,28,16580,207250,"100 Earthwork"
"0105-6026","REMOVING STAB BASE & ASPH PAV (TY 26)","2024/2014","SY",13,12.22,12.22,4.28,28.84,18150,235950,"100 Earthwork"
"0105-6027","REMOVING STAB BASE & ASPH PAV (TY 27)","2024/2014","SY",13.5,13.1,12.69,4.37,29.68,19720,266220,"100 Earthwork"
"0105-6028","REMOVING STAB BASE & ASPH PAV (TY 28)","2024/2014","SY",14,14,13.16,4.45,30.52,10490,146860,"100 Earthwork"
"0105-6029","REMOVING STAB BASE & ASPH PAV (TY 29)","2024/2014","SY",11,11.33,10.34,4.2,31.36,12060,132660,"100 Earthwork"
"0105-6030","REMOVING STAB BASE & ASPH PAV (TY 30)","2024/2014","SY",11.5,12.19,10.81,4.28,32.2,13630,156745,"100 Earthwork"
"0105-6031","REMOVING STAB BASE & ASPH PAV (TY 31)","2024/2014","SY",12,11.28,11.28,4.37,28,15200,182400,"100 Earthwork"
"0105-6032","REMOVING STAB BASE & ASPH PAV (TY 32)","2024/2014","SY",12.5,12.12,11.75,4.45,28.84,16770,209625,"100 Earthwork"
"0105-6033","REMOVING STAB BASE & ASPH PAV (TY 33)","2024/2014","SY",13,13,12.22,4.2,29.68,18340,238420,"100 Earthwork"
"0105-6034","REMOVING STAB BASE & ASPH PAV (TY 34)","2024/2014","SY",13.5,13.9,12.69,4.28,30.52,19910,268785,"100 Earthwork"
"0105-6035","REMOVING STAB BASE & ASPH PAV (TY 35)","2024/2014","SY",14,14.84,13.16,4.37,31.36,21480,300720,"100 Earthwork"
"0106-6001","OBLITERATING ABANDONED ROAD (TY 1)","2024/2014","STA",308,289.52,289.52,180,750,500,154000,"100 Earthwork"
"0106-6002","OBLITERATING ABANDONED ROAD (TY 2)","2024/2014","SY",322,312.34,302.68,183.6,772.5,2070,666540,"100 Earthwork"
"0106-6003","OBLITERATING ABANDONED ROAD (TY 3)","2024/2014","STA",336,336,315.84,187.2,795,3640,1223040,"100 Earthwork"
"0106-6004","OBLITERATING ABANDONED ROAD (TY 4)","2024/2014","SY",350,360.5,329,190.8,817.5,5210,1823500,"100 Earthwork"
"0106-6005","OBLITERATING ABANDONED ROAD (TY 5)","2024/2014","STA",364,385.84,342.16,180,840,6780,2467920,"100 Earthwork"
"0106-6006","OBLITERATING ABANDONED ROAD (TY 6)","2024/2014","SY",378,355.32,355.32,183.6,862.5,8350,3156300,"100 Earthwork"
"0106-6007","OBLITERATING ABANDONED ROAD (TY 7)","2024/2014","STA",392,380.24,368.48,187.2,750,9920,3888640,"100 Earthwork"
"0106-6008","OBLITERATING ABANDONED ROAD (TY 8)","2024/2014","SY",308,308,289.52,190.8,772.5,11490,3538920,"100 Earthwork"
"0106-6009","OBLITERATING ABANDONED ROAD (TY 9)","2024/2014","STA",322,331.66,302.68,180,795,13060,4205320,"100 Earthwork"
"0106-6010","OBLITERATING ABANDONED ROAD (TY 10)","2024/2014","SY",336,356.16,315.84,183.6,817.5,3830,1286880,"100 Earthwork"
"0106-6011","OBLITERATING ABANDONED ROAD (TY 11)","2024/2014","STA",350,329,329,187.2,840,5400,1890000,"100 Earthwork"
"0106-6012","OBLITERATING ABANDONED ROAD (TY 12)","2024/2014","SY",364,353.08,342.16,190.8,862.5,6970,2537080,"100 Earthwork"
"0106-6013","OBLITERATING ABANDONED ROAD (TY 13)","2024/2014","STA",378,378,355.32,180,750,8540,3228120,"100 Earthwork"
"0106-6014","OBLITERATING ABANDONED ROAD (TY 14)","2024/2014","SY",392,403.76,368.48,183.6,772.5,10110,3963120,"100 Earthwork"
"0106-6015","OBLITERATING ABANDONED ROAD (TY 15)","2024/2014","STA",308,326.48,289.52,187.2,795,11680,3597440,"100 Earthwork"
"0110-6001","EXCAVATION (TY 1)","2024/2014","CY",13.64,12.82,12.82,8.5,45,500,6820,"100 Earthwork"
"0110-6002","EXCAVATION (TY 2)","2024/2014","CY",14.26,13.83,13.4,8.67,46.35,2070,29518.2,"100 Earthwork"
"0110-6003","EXCAVATION (TY 3)","2024/2014","CY",14.88,14.88,13.99,8.84,47.7,3640,54163.2,"100 Earthwork"
"0110-6004","EXCAVATION (TY 4)","2024/2014","CY",15.5,15.96,14.57,9.01,49.05,5210,80755,"100 Earthwork"
"0110-6005","EXCAVATION (TY 5)","2024/2014","CY",16.12,17.09,15.15,8.5,50.4,6780,109293.6,"100 Earthwork"
"0110-6006","EXCAVATION (TY 6)","2024/2014","CY",16.74,15.74,15.74,8.67,51.75,8350,139779,"100 Earthwork"
"0110-6007","EXCAVATION (TY 7)","2024/2014","CY",17.36,16.84,16.32,8.84,45,9920,172211.2,"100 Earthwork"
"0110-6008","EXCAVATION (TY 8)","2024/2014","CY",13.64,13.64,12.82,9.01,46.35,11490,156723.6,"100 Earthwork"
"0110-6009","EXCAVATION (TY 9)","2024/2014","CY",14.26,14.69,13.4,8.5,47.7,13060,186235.6,"100 Earthwork"
"0110-6010","EXCAVATION (TY 10)","2024/2014","CY",14.88,15.77,13.99,8.67,49.05,3830,56990.4,"100 Earthwork"
"0110-6011","EXCAVATION (TY 11)","2024/2014","CY",15.5,14.57,14.57,8.84,50.4,5400,83700,"100 Earthwork"
"0110-6012","EXCAVATION (TY 12)","2024/2014","CY",16.12,15.64,15.15,9.01,51.75,6970,112356.4,"100 Earthwork"
"0110-6013","EXCAVATION (TY 13)","2024/2014","CY",16.74,16.74,15.74,8.5,45,8540,142959.6,"100 Earthwork"
"0110-6014","EXCAVATION (TY 14)","2024/2014","CY",17.36,17.88,16.32,8.67,46.35,10110,175509.6,"100 Earthwork"
"0110-6015","EXCAVATION (TY 15)","2024/2014","CY",13.64,14.46,12.82,8.84,47.7,11680,159315.2,"100 Earthwork"
"0110-6016","EXCAVATION (TY 16)","2024/2014","CY",14.26,13.4,13.4,9.01,49.05,13250,188945,"100 Earthwork"
"0110-6017","EXCAVATION (TY 17)","2024/2014","CY",14.88,14.43,13.99,8.5,50.4,14820,220521.6,"100 Earthwork"
"0110-6018","EXCAVATION (TY 18)","2024/2014","CY",15.5,15.5,14.57,8.67,51.75,16390,254045,"100 Earthwork"
"0110-6019","EXCAVATION (TY 19)","2024/2014","CY",16.12,16.6,15.15,8.84,45,7160,115419.2,"100 Earthwork"
"0110-6020","EXCAVATION (TY 20)","2024/2014","CY",16.74,17.74,15.74,9.01,46.35,8730,146140.2,"100 Earthwork"
"0110-6021","EXCAVATION (TY 21)","2024/2014","CY",17.36,16.32,16.32,8.5,47.7,10300,178808,"100 Earthwork"
"0110-6022","EXCAVATION (TY 22)","2024/2014","CY",13.64,13.23,12.82,8.67,49.05,11870,161906.8,"100 Earthwork"
"0110-6023","EXCAVATION (TY 23)","2024/2014","CY",14.26,14.26,13.4,8.84,50.4,13440,191654.4,"100 Earthwork"
"0110-6024","EXCAVATION (TY 24)","2024/2014","CY",14.88,15.33,13.99,9.01,51.75,15010,223348.8,"100 Earthwork"
"0110-6025","EXCAVATION (TY 25)","2024/2014","CY",15.5,16.43,14.57,8.5,45,16580,256990,"100 Earthwork"
"0110-6026","EXCAVATION (TY 26)","2024/2014","CY",16.12,15.15,15.15,8.67,46.35,18150,292578,"100 Earthwork"
"0110-6027","EXCAVATION (TY 27)","2024/2014","CY",16.74,16.24,15.74,8.84,47.7,19720,330112.8,"100 Earthwork"
"0110-6028","EXCAVATION (TY 28)","2024/2014","CY",17.36,17.36,16.32,9.01,49.05,10490,182106.4,"100 Earthwork"
"0110-6029","EXCAVATION (TY 29)","2024/2014","CY",13.64,14.05,12.82,8.5,50.4,12060,164498.4,"100 Earthwork"
"0110-6030","EXCAVATION (TY 30)","2024/2014","CY",14.26,15.12,13.4,8.67,51.75,13630,194363.8,"100 Earthwork"
"0110-6031","EXCAVATION (TY 31)","2024/2014","CY",14.88,13.99,13.99,8.84,45,15200,226176,"100 Earthwork"
"0110-6032","EXCAVATION (TY 32)","2024/2014","CY",15.5,15.04,14.57,9.01,46.35,16770,259935,"100 Earthwork"
"0110-6033","EXCAVATION (TY 33)","2024/2014","CY",16.12,16.12,15.15,8.5,47.7,18340,295640.8,"100 Earthwork"
"0110-6034","EXCAVATION (TY 34)","2024/2014","CY",16.74,17.24,15.74,8.67,49.05,19910,333293.4,"100 Earthwork"
"0110-6035","EXCAVATION (TY 35)","2024/2014","CY",17.36,18.4,16.32,8.84,50.4,21480,372892.8,"100 Earthwork"
"0110-6036","EXCAVATION (TY 36)","2024/2014","CY",13.64,12.82,12.82,9.01,51.75,23050,314402,"100 Earthwork"
"0110-6037","EXCAVATION (TY 37)","2024/2014","CY",14.26,13.83,13.4,8.5,45,13820,197073.2,"100 Earthwork"
"0110-6038","EXCAVATION (TY 38)","2024/2014","CY",14.88,14.88,13.99,8.67,46.35,15390,229003.2,"100 Earthwork"
"0110-6039","EXCAVATION (TY 39)","2024/2014","CY",15.5,15.96,14.57,8.84,47.7,16960,262880,"100 Earthwork"
"0110-6040","EXCAVATION (TY 40)","2024/2014","CY",16.12,17.09,15.15,9.01,49.05,18530,298703.6,"100 Earthwork"
"0110-6041","EXCAVATION (TY 41)","2024/2014","CY",16.74,15.74,15.74,8.5,50.4,20100,336474,"100 Earthwork"
"0110-6042","EXCAVATION (TY 42)","2024/2014","CY",17.36,16.84,16.32,8.67,51.75,21670,376191.2,"100 Earthwork"
"0110-6043","EXCAVATION (TY 43)","2024/2014","CY",13.64,13.64,12.82,8.84,45,23240,316993.6,"100 Earthwork"
"0110-6044","EXCAVATION (TY 44)","2024/2014","CY",14.26,14.69,13.4,9.01,46.35,24810,353790.6,"100 Earthwork"
"0110-6045","EXCAVATION (TY 45)","2024/2014","CY",14.88,15.77,13.99,8.5,47.7,26380,392534.4,"100 Earthwork"
"0112-6001","SUBGRADE WIDENING (TY 1)","2024/2014","STA",563.2,529.41,529.41,380,1100,500,281600,"100 Earthwork"
"0112-6002","SUBGRADE WIDENING (TY 2)","2024/2014","STA",588.8,571.14,553.47,387.6,1133,2070,1218816,"100 Earthwork"
"0112-6003","SUBGRADE WIDENING (TY 3)","2024/2014","STA",614.4,614.4,577.54,395.2,1166,3640,2236416,"100 Earthwork"
"0112-6004","SUBGRADE WIDENING (TY 4)","2024/2014","STA",640,659.2,601.6,402.8,1199,5210,3334400,"100 Earthwork"
"0112-6005","SUBGRADE WIDENING (TY 5)","2024/2014","STA",665.6,705.54,625.66,380,1232,6780,4512768,"100 Earthwork"
"0112-6006","SUBGRADE WIDENING (TY 6)","2024/2014","STA",691.2,649.73,649.73,387.6,1265,8350,5771520,"100 Earthwork"
"0112-6007","SUBGRADE WIDENING (TY 7)","2024/2014","STA",716.8,695.3,673.79,395.2,1100,9920,7110656,"100 Earthwork"
"0112-6008","SUBGRADE WIDENING (TY 8)","2024/2014","STA",563.2,563.2,529.41,402.8,1133,11490,6471168,"100 Earthwork"
"0112-6009","SUBGRADE WIDENING (TY 9)","2024/2014","STA",588.8,606.46,553.47,380,1166,13060,7689728,"100 Earthwork"
"0112-6010","SUBGRADE WIDENING (TY 10)","2024/2014","STA",614.4,651.26,577.54,387.6,1199,3830,2353152,"100 Earthwork"
"0112-6011","SUBGRADE WIDENING (TY 11)","2024/2014","STA",640,601.6,601.6,395.2,1232,5400,3456000,"100 Earthwork"
"0112-6012","SUBGRADE WIDENING (TY 12)","2024/2014","STA",665.6,645.63,625.66,402.8,1265,6970,4639232,"100 Earthwork"
"0112-6013","SUBGRADE WIDENING (TY 13)","2024/2014","STA",691.2,691.2,649.73,380,1100,8540,5902848,"100 Earthwork"
"0112-6014","SUBGRADE WIDENING (TY 14)","2024/2014","STA",716.8,738.3,673.79,387.6,1133,10110,7246848,"100 Earthwork"
"0112-6015","SUBGRADE WIDENING (TY 15)","2024/2014","STA",563.2,596.99,529.41,395.2,1166,11680,6578176,"100 Earthwork"
"0112-6016","SUBGRADE WIDENING (TY 16)","2024/2014","STA",588.8,553.47,553.47,402.8,1199,13250,7801600,"100 Earthwork"
"0112-6017","SUBGRADE WIDENING (TY 17)","2024/2014","STA",614.4,595.97,577.54,380,1232,14820,9105408,"100 Earthwork"
"0112-6018","SUBGRADE WIDENING (TY 18)","2024/2014","STA",640,640,601.6,387.6,1265,16390,10489600,"100 Earthwork"
"0112-6019","SUBGRADE WIDENING (TY 19)","2024/2014","STA",665.6,685.57,625.66,395.2,1100,7160,4765696,"100 Earthwork"
"0112-6020","SUBGRADE WIDENING (TY 20)","2024/2014","STA",691.2,732.67,649.73,402.8,1133,8730,6034176,"100 Earthwork"
"0132-6001","EMBANKMENT (TY 1)","2024/2014","CY",15.84,14.89,14.89,9.5,42,500,7920,"100 Earthwork"
"0132-6002","EMBANKMENT (TY 2)","2024/2014","CY",16.56,16.06,15.57,9.69,43.26,2070,34279.2,"100 Earthwork"
"0132-6003","EMBANKMENT (TY 3)","2024/2014","CY",17.28,17.28,16.24,9.88,44.52,3640,62899.2,"100 Earthwork"
"0132-6004","EMBANKMENT (TY 4)","2024/2014","CY",18,18.54,16.92,10.07,45.78,5210,93780,"100 Earthwork"
"0132-6005","EMBANKMENT (TY 5)","2024/2014","CY",18.72,19.84,17.6,9.5,47.04,6780,126921.6,"100 Earthwork"
"0132-6006","EMBANKMENT (TY 6)","2024/2014","CY",19.44,18.27,18.27,9.69,48.3,8350,162324,"100 Earthwork"
"0132-6007","EMBANKMENT (TY 7)","2024/2014","CY",20.16,19.56,18.95,9.88,42,9920,199987.2,"100 Earthwork"
"0132-6008","EMBANKMENT (TY 8)","2024/2014","CY",15.84,15.84,14.89,10.07,43.26,11490,182001.6,"100 Earthwork"
"0132-6009","EMBANKMENT (TY 9)","2024/2014","CY",16.56,17.06,15.57,9.5,44.52,13060,216273.6,"100 Earthwork"
"0132-6010","EMBANKMENT (TY 10)","2024/2014","CY",17.28,18.32,16.24,9.69,45.78,3830,66182.4,"100 Earthwork"
"0132-6011","EMBANKMENT (TY 11)","2024/2014","CY",18,16.92,16.92,9.88,47.04,5400,97200,"100 Earthwork"
"0132-6012","EMBANKMENT (TY 12)","2024/2014","CY",18.72,18.16,17.6,10.07,48.3,6970,130478.4,"100 Earthwork"
"0132-6013","EMBANKMENT (TY 13)","2024/2014","CY",19.44,19.44,18.27,9.5,42,8540,166017.6,"100 Earthwork"
"0132-6014","EMBANKMENT (TY 14)","2024/2014","CY",20.16,20.76,18.95,9.69,43.26,10110,203817.6,"100 Earthwork"
"0132-6015","EMBANKMENT (TY 15)","2024/2014","CY",15.84,16.79,14.89,9.88,44.52,11680,185011.2,"100 Earthwork"
"0132-6016","EMBANKMENT (TY 16)","2024/2014","CY",16.56,15.57,15.57,10.07,45.78,13250,219420,"100 Earthwork"
"0132-6017","EMBANKMENT (TY 17)","2024/2014","CY",17.28,16.76,16.24,9.5,47.04,14820,256089.6,"100 Earthwork"
"0132-6018","EMBANKMENT (TY 18)","2024/2014","CY",18,18,16.92,9.69,48.3,16390,295020,"100 Earthwork"
"0132-6019","EMBANKMENT (TY 19)","2024/2014","CY",18.72,19.28,17.6,9.88,42,7160,134035.2,"100 Earthwork"
"0132-6020","EMBANKMENT (TY 20)","2024/2014","CY",19.44,20.61,18.27,10.07,43.26,8730,169711.2,"100 Earthwork"
"0132-6021","EMBANKMENT (TY 21)","2024/2014","CY",20.16,18.95,18.95,9.5,44.52,10300,207648,"100 Earthwork"
"0132-6022","EMBANKMENT (TY 22)","2024/2014","CY",15.84,15.36,14.89,9.69,45.78,11870,188020.8,"100 Earthwork"
"0132-6023","EMBANKMENT (TY 23)","2024/2014","CY",16.56,16.56,15.57,9.88,47.04,13440,222566.4,"100 Earthwork"
"0132-6024","EMBANKMENT (TY 24)","2024/2014","CY",17.28,17.8,16.24,10.07,48.3,15010,259372.8,"100 Earthwork"
"0132-6025","EMBANKMENT (TY 25)","2024/2014","CY",18,19.08,16.92,9.5,42,16580,298440,"100 Earthwork"
"0132-6026","EMBANKMENT (TY 26)","2024/2014","CY",18.72,17.6,17.6,9.69,43.26,18150,339768,"100 Earthwork"
"0132-6027","EMBANKMENT (TY 27)","2024/2014","CY",19.44,18.86,18.27,9.88,44.52,19720,383356.8,"100 Earthwork"
"0132-6028","EMBANKMENT (TY 28)","2024/2014","CY",20.16,20.16,18.95,10.07,45.78,10490,211478.4,"100 Earthwork"
"0132-6029","EMBANKMENT (TY 29)","2024/2014","CY",15.84,16.32,14.89,9.5,47.04,12060,191030.4,"100 Earthwork"
"0132-6030","EMBANKMENT (TY 30)","2024/2014","CY",16.56,17.55,15.57,9.69,48.3,13630,225712.8,"100 Earthwork"
"0132-6031","EMBANKMENT (TY 31)","2024/2014","CY",17.28,16.24,16.24,9.88,42,15200,262656,"100 Earthwork"
"0132-6032","EMBANKMENT (TY 32)","2024/2014","CY",18,17.46,16.92,10.07,43.26,16770,301860,"100 Earthwork"
"0132-6033","EMBANKMENT (TY 33)","2024/2014","CY",18.72,18.72,17.6,9.5,44.52,18340,343324.8,"100 Earthwork"
"0132-6034","EMBANKMENT (TY 34)","2024/2014","CY",19.44,20.02,18.27,9.69,45.78,19910,387050.4,"100 Earthwork"
"0132-6035","EMBANKMENT (TY 35)","2024/2014","CY",20.16,21.37,18.95,9.88,47.04,21480,433036.8,"100 Earthwork"
"0132-6036","EMBANKMENT (TY 36)","2024/2014","CY",15.84,14.89,14.89,10.07,48.3,23050,365112,"100 Earthwork"
"0132-6037","EMBANKMENT (TY 37)","2024/2014","CY",16.56,16.06,15.57,9.5,42,13820,228859.2,"100 Earthwork"
"0132-6038","EMBANKMENT (TY 38)","2024/2014","CY",17.28,17.28,16.24,9.69,43.26,15390,265939.2,"100 Earthwork"
"0132-6039","EMBANKMENT (TY 39)","2024/2014","CY",18,18.54,16.92,9.88,44.52,16960,305280,"100 Earthwork"
"0132-6040","EMBANKMENT (TY 40)","2024/2014","CY",18.72,19.84,17.6,10.07,45.78,18530,346881.6,"100 Earthwork"
"0132-6041","EMBANKMENT (TY 41)","2024/2014","CY",19.44,18.27,18.27,9.5,47.04,20100,390744,"100 Earthwork"
"0132-6042","EMBANKMENT (TY 42)","2024/2014","CY",20.16,19.56,18.95,9.69,48.3,21670,436867.2,"100 Earthwork"
"0132-6043","EMBANKMENT (TY 43)","2024/2014","CY",15.84,15.84,14.89,9.88,42,23240,368121.6,"100 Earthwork"
"0132-6044","EMBANKMENT (TY 44)","2024/2014","CY",16.56,17.06,15.57,10.07,43.26,24810,410853.6,"100 Earthwork"
"0132-6045","EMBANKMENT (TY 45)","2024/2014","CY",17.28,18.32,16.24,9.5,44.52,26380,455846.4,"100 Earthwork"
"0132-6046","EMBANKMENT (TY 46)","2024/2014","CY",18,16.92,16.92,9.69,45.78,17150,308700,"100 Earthwork"
"0132-6047","EMBANKMENT (TY 47)","2024/2014","CY",18.72,18.16,17.6,9.88,47.04,18720,350438.4,"100 Earthwork"
"0132-6048","EMBANKMENT (TY 48)","2024/2014","CY",19.44,19.44,18.27,10.07,48.3,20290,394437.6,"100 Earthwork"
"0132-6049","EMBANKMENT (TY 49)","2024/2014","CY",20.16,20.76,18.95,9.5,42,21860,440697.6,"100 Earthwork"
"0132-6050","EMBANKMENT (TY 50)","2024/2014","CY",15.84,16.79,14.89,9.69,43.26,23430,371131.2,"100 Earthwork"
"0134-6001","BACKFILL (TY 1)","2024/2014","STA",167.2,157.17,157.17,110,360,500,83600,"100 Earthwork"
"0134-6002","BACKFILL (TY 2)","2024/2014","STA",174.8,169.56,164.31,112.2,370.8,2070,361836,"100 Earthwork"
"0134-6003","BACKFILL (TY 3)","2024/2014","STA",182.4,182.4,171.46,114.4,381.6,3640,663936,"100 Earthwork"
"0134-6004","BACKFILL (TY 4)","2024/2014","STA",190,195.7,178.6,116.6,392.4,5210,989900,"100 Earthwork"
"0134-6005","BACKFILL (TY 5)","2024/2014","STA",197.6,209.46,185.74,110,403.2,6780,1339728,"100 Earthwork"
"0134-6006","BACKFILL (TY 6)","2024/2014","STA",205.2,192.89,192.89,112.2,414,8350,1713420,"100 Earthwork"
"0134-6007","BACKFILL (TY 7)","2024/2014","STA",212.8,206.42,200.03,114.4,360,9920,2110976,"100 Earthwork"
"0134-6008","BACKFILL (TY 8)","2024/2014","STA",167.2,167.2,157.17,116.6,370.8,11490,1921128,"100 Earthwork"
"0134-6009","BACKFILL (TY 9)","2024/2014","STA",174.8,180.04,164.31,110,381.6,13060,2282888,"100 Earthwork"
"0134-6010","BACKFILL (TY 10)","2024/2014","STA",182.4,193.34,171.46,112.2,392.4,3830,698592,"100 Earthwork"
"0134-6011","BACKFILL (TY 11)","2024/2014","STA",190,178.6,178.6,114.4,403.2,5400,1026000,"100 Earthwork"
"0134-6012","BACKFILL (TY 12)","2024/2014","STA",197.6,191.67,185.74,116.6,414,6970,1377272,"100 Earthwork"
"0134-6013","BACKFILL (TY 13)","2024/2014","STA",205.2,205.2,192.89,110,360,8540,1752408,"100 Earthwork"
"0134-6014","BACKFILL (TY 14)","2024/2014","STA",212.8,219.18,200.03,112.2,370.8,10110,2151408,"100 Earthwork"
"0134-6015","BACKFILL (TY 15)","2024/2014","STA",167.2,177.23,157.17,114.4,381.6,11680,1952896,"100 Earthwork"
"0134-6016","BACKFILL (TY 16)","2024/2014","STA",174.8,164.31,164.31,116.6,392.4,13250,2316100,"100 Earthwork"
"0134-6017","BACKFILL (TY 17)","2024/2014","STA",182.4,176.93,171.46,110,403.2,14820,2703168,"100 Earthwork"
"0134-6018","BACKFILL (TY 18)","2024/2014","STA",190,190,178.6,112.2,414,16390,3114100,"100 Earthwork"
"0134-6019","BACKFILL (TY 19)","2024/2014","STA",197.6,203.53,185.74,114.4,360,7160,1414816,"100 Earthwork"
"0134-6020","BACKFILL (TY 20)","2024/2014","STA",205.2,217.51,192.89,116.6,370.8,8730,1791396,"100 Earthwork"
"0134-6021","BACKFILL (TY 21)","2024/2014","STA",212.8,200.03,200.03,110,381.6,10300,2191840,"100 Earthwork"
"0134-6022","BACKFILL (TY 22)","2024/2014","STA",167.2,162.18,157.17,112.2,392.4,11870,1984664,"100 Earthwork"
"0134-6023","BACKFILL (TY 23)","2024/2014","STA",174.8,174.8,164.31,114.4,403.2,13440,2349312,"100 Earthwork"
"0134-6024","BACKFILL (TY 24)","2024/2014","STA",182.4,187.87,171.46,116.6,414,15010,2737824,"100 Earthwork"
"0134-6025","BACKFILL (TY 25)","2024/2014","STA",190,201.4,178.6,110,360,16580,3150200,"100 Earthwork"
"0150-6001","BLADING (TY 1)","2024/2014","HR",114.4,107.54,107.54,85,220,500,57200,"100 Earthwork"
"0150-6002","BLADING (TY 2)","2024/2014","HR",119.6,116.01,112.42,86.7,226.6,2070,247572,"100 Earthwork"
"0150-6003","BLADING (TY 3)","2024/2014","HR",124.8,124.8,117.31,88.4,233.2,3640,454272,"100 Earthwork"
"0150-6004","BLADING (TY 4)","2024/2014","HR",130,133.9,122.2,90.1,239.8,5210,677300,"100 Earthwork"
"0150-6005","BLADING (TY 5)","2024/2014","HR",135.2,143.31,127.09,85,246.4,6780,916656,"100 Earthwork"
"0150-6006","BLADING (TY 6)","2024/2014","HR",140.4,131.98,131.98,86.7,253,8350,1172340,"100 Earthwork"
"0150-6007","BLADING (TY 7)","2024/2014","HR",145.6,141.23,136.86,88.4,220,9920,1444352,"100 Earthwork"
"0150-6008","BLADING (TY 8)","2024/2014","HR",114.4,114.4,107.54,90.1,226.6,11490,1314456,"100 Earthwork"
"0150-6009","BLADING (TY 9)","2024/2014","HR",119.6,123.19,112.42,85,233.2,13060,1561976,"100 Earthwork"
"0150-6010","BLADING (TY 10)","2024/2014","HR",124.8,132.29,117.31,86.7,239.8,3830,477984,"100 Earthwork"
"0150-6011","BLADING (TY 11)","2024/2014","HR",130,122.2,122.2,88.4,246.4,5400,702000,"100 Earthwork"
"0150-6012","BLADING (TY 12)","2024/2014","HR",135.2,131.14,127.09,90.1,253,6970,942344,"100 Earthwork"
"0150-6013","BLADING (TY 13)","2024/2014","HR",140.4,140.4,131.98,85,220,8540,1199016,"100 Earthwork"
"0150-6014","BLADING (TY 14)","2024/2014","HR",145.6,149.97,136.86,86.7,226.6,10110,1472016,"100 Earthwork"
"0150-6015","BLADING (TY 15)","2024/2014","HR",114.4,121.26,107.54,88.4,233.2,11680,1336192,"100 Earthwork"
"0160-6001","FURNISHING AND PLACING TOPSOIL (TY 1)","2024/2014","SY",3.7,3.48,3.48,2.1,12,500,1850,"100 Earthwork"
"0160-6002","FURNISHING AND PLACING TOPSOIL (TY 2)","2024/2014","CY",3.86,3.74,3.63,2.14,12.36,2070,7990.2,"100 Earthwork"
"0160-6003","FURNISHING AND PLACING TOPSOIL (TY 3)","2024/2014","SY",4.03,4.03,3.79,2.18,12.72,3640,14669.2,"100 Earthwork"
"0160-6004","FURNISHING AND PLACING TOPSOIL (TY 4)","2024/2014","CY",4.2,4.33,3.95,2.23,13.08,5210,21882,"100 Earthwork"
"0160-6005","FURNISHING AND PLACING TOPSOIL (TY 5)","2024/2014","SY",4.37,4.63,4.11,2.1,13.44,6780,29628.6,"100 Earthwork"
"0160-6006","FURNISHING AND PLACING TOPSOIL (TY 6)","2024/2014","CY",4.54,4.27,4.27,2.14,13.8,8350,37909,"100 Earthwork"
"0160-6007","FURNISHING AND PLACING TOPSOIL (TY 7)","2024/2014","SY",4.7,4.56,4.42,2.18,12,9920,46624,"100 Earthwork"
"0160-6008","FURNISHING AND PLACING TOPSOIL (TY 8)","2024/2014","CY",3.7,3.7,3.48,2.23,12.36,11490,42513,"100 Earthwork"
"0160-6009","FURNISHING AND PLACING TOPSOIL (TY 9)","2024/2014","SY",3.86,3.98,3.63,2.1,12.72,13060,50411.6,"100 Earthwork"
"0160-6010","FURNISHING AND PLACING TOPSOIL (TY 10)","2024/2014","CY",4.03,4.27,3.79,2.14,13.08,3830,15434.9,"100 Earthwork"
"0160-6011","FURNISHING AND PLACING TOPSOIL (TY 11)","2024/2014","SY",4.2,3.95,3.95,2.18,13.44,5400,22680,"100 Earthwork"
"0160-6012","FURNISHING AND PLACING TOPSOIL (TY 12)","2024/2014","CY",4.37,4.24,4.11,2.23,13.8,6970,30458.9,"100 Earthwork"
"0160-6013","FURNISHING AND PLACING TOPSOIL (TY 13)","2024/2014","SY",4.54,4.54,4.27,2.1,12,8540,38771.6,"100 Earthwork"
"0160-6014","FURNISHING AND PLACING TOPSOIL (TY 14)","2024/2014","CY",4.7,4.84,4.42,2.14,12.36,10110,47517,"100 Earthwork"
"0160-6015","FURNISHING AND PLACING TOPSOIL (TY 15)","2024/2014","SY",3.7,3.92,3.48,2.18,12.72,11680,43216,"100 Earthwork"
"0160-6016","FURNISHING AND PLACING TOPSOIL (TY 16)","2024/2014","CY",3.86,3.63,3.63,2.23,13.08,13250,51145,"100 Earthwork"
"0160-6017","FURNISHING AND PLACING TOPSOIL (TY 17)","2024/2014","SY",4.03,3.91,3.79,2.1,13.44,14820,59724.6,"100 Earthwork"
"0160-6018","FURNISHING AND PLACING TOPSOIL (TY 18)","2024/2014","CY",4.2,4.2,3.95,2.14,13.8,16390,68838,"100 Earthwork"
"0160-6019","FURNISHING AND PLACING TOPSOIL (TY 19)","2024/2014","SY",4.37,4.5,4.11,2.18,12,7160,31289.2,"100 Earthwork"
"0160-6020","FURNISHING AND PLACING TOPSOIL (TY 20)","2024/2014","CY",4.54,4.81,4.27,2.23,12.36,8730,39634.2,"100 Earthwork"
"0160-6021","FURNISHING AND PLACING TOPSOIL (TY 21)","2024/2014","SY",4.7,4.42,4.42,2.1,12.72,10300,48410,"100 Earthwork"
"0160-6022","FURNISHING AND PLACING TOPSOIL (TY 22)","2024/2014","CY",3.7,3.59,3.48,2.14,13.08,11870,43919,"100 Earthwork"
"0160-6023","FURNISHING AND PLACING TOPSOIL (TY 23)","2024/2014","SY",3.86,3.86,3.63,2.18,13.44,13440,51878.4,"100 Earthwork"
"0160-6024","FURNISHING AND PLACING TOPSOIL (TY 24)","2024/2014","CY",4.03,4.15,3.79,2.23,13.8,15010,60490.3,"100 Earthwork"
"0160-6025","FURNISHING AND PLACING TOPSOIL (TY 25)","2024/2014","SY",4.2,4.45,3.95,2.1,12,16580,69636,"100 Earthwork"
"0160-6026","FURNISHING AND PLACING TOPSOIL (TY 26)","2024/2014","CY",4.37,4.11,4.11,2.14,12.36,18150,79315.5,"100 Earthwork"
"0160-6027","FURNISHING AND PLACING TOPSOIL (TY 27)","2024/2014","SY",4.54,4.4,4.27,2.18,12.72,19720,89528.8,"100 Earthwork"
"0160-6028","FURNISHING AND PLACING TOPSOIL (TY 28)","2024/2014","CY",4.7,4.7,4.42,2.23,13.08,10490,49303,"100 Earthwork"
"0160-6029","FURNISHING AND PLACING TOPSOIL (TY 29)","2024/2014","SY",3.7,3.81,3.48,2.1,13.44,12060,44622,"100 Earthwork"
"0160-6030","FURNISHING AND PLACING TOPSOIL (TY 30)","2024/2014","CY",3.86,4.09,3.63,2.14,13.8,13630,52611.8,"100 Earthwork"
"0161-6001","COMPOST MANUF TOPSOIL (TY 1)","2024/2014","SY",4.22,3.97,3.97,2.8,10.5,500,2110,"100 Earthwork"
"0161-6002","COMPOST MANUF TOPSOIL (TY 2)","2024/2014","SY",4.42,4.29,4.15,2.86,10.82,2070,9149.4,"100 Earthwork"
"0161-6003","COMPOST MANUF TOPSOIL (TY 3)","2024/2014","SY",4.61,4.61,4.33,2.91,11.13,3640,16780.4,"100 Earthwork"
"0161-6004","COMPOST MANUF TOPSOIL (TY 4)","2024/2014","SY",4.8,4.94,4.51,2.97,11.44,5210,25008,"100 Earthwork"
"0161-6005","COMPOST MANUF TOPSOIL (TY 5)","2024/2014","SY",4.99,5.29,4.69,2.8,11.76,6780,33832.2,"100 Earthwork"
"0161-6006","COMPOST MANUF TOPSOIL (TY 6)","2024/2014","SY",5.18,4.87,4.87,2.86,12.08,8350,43253,"100 Earthwork"
"0161-6007","COMPOST MANUF TOPSOIL (TY 7)","2024/2014","SY",5.38,5.22,5.06,2.91,10.5,9920,53369.6,"100 Earthwork"
"0161-6008","COMPOST MANUF TOPSOIL (TY 8)","2024/2014","SY",4.22,4.22,3.97,2.97,10.82,11490,48487.8,"100 Earthwork"
"0161-6009","COMPOST MANUF TOPSOIL (TY 9)","2024/2014","SY",4.42,4.55,4.15,2.8,11.13,13060,57725.2,"100 Earthwork"
"0161-6010","COMPOST MANUF TOPSOIL (TY 10)","2024/2014","SY",4.61,4.89,4.33,2.86,11.44,3830,17656.3,"100 Earthwork"
"0161-6011","COMPOST MANUF TOPSOIL (TY 11)","2024/2014","SY",4.8,4.51,4.51,2.91,11.76,5400,25920,"100 Earthwork"
"0161-6012","COMPOST MANUF TOPSOIL (TY 12)","2024/2014","SY",4.99,4.84,4.69,2.97,12.08,6970,34780.3,"100 Earthwork"
"0161-6013","COMPOST MANUF TOPSOIL (TY 13)","2024/2014","SY",5.18,5.18,4.87,2.8,10.5,8540,44237.2,"100 Earthwork"
"0161-6014","COMPOST MANUF TOPSOIL (TY 14)","2024/2014","SY",5.38,5.54,5.06,2.86,10.82,10110,54391.8,"100 Earthwork"
"0161-6015","COMPOST MANUF TOPSOIL (TY 15)","2024/2014","SY",4.22,4.47,3.97,2.91,11.13,11680,49289.6,"100 Earthwork"
"0161-6016","COMPOST MANUF TOPSOIL (TY 16)","2024/2014","SY",4.42,4.15,4.15,2.97,11.44,13250,58565,"100 Earthwork"
"0161-6017","COMPOST MANUF TOPSOIL (TY 17)","2024/2014","SY",4.61,4.47,4.33,2.8,11.76,14820,68320.2,"100 Earthwork"
"0161-6018","COMPOST MANUF TOPSOIL (TY 18)","2024/2014","SY",4.8,4.8,4.51,2.86,12.08,16390,78672,"100 Earthwork"
"0161-6019","COMPOST MANUF TOPSOIL (TY 19)","2024/2014","SY",4.99,5.14,4.69,2.91,10.5,7160,35728.4,"100 Earthwork"
"0161-6020","COMPOST MANUF TOPSOIL (TY 20)","2024/2014","SY",5.18,5.49,4.87,2.97,10.82,8730,45221.4,"100 Earthwork"
"0162-6001","SODDING FOR EROSION CONTROL (TY 1)","2024/2014","SY",4.84,4.55,4.55,3.2,11,500,2420,"100 Earthwork"
"0162-6002","SODDING FOR EROSION CONTROL (TY 2)","2024/2014","SY",5.06,4.91,4.76,3.26,11.33,2070,10474.2,"100 Earthwork"
"0162-6003","SODDING FOR EROSION CONTROL (TY 3)","2024/2014","SY",5.28,5.28,4.96,3.33,11.66,3640,19219.2,"100 Earthwork"
"0162-6004","SODDING FOR EROSION CONTROL (TY 4)","2024/2014","SY",5.5,5.66,5.17,3.39,11.99,5210,28655,"100 Earthwork"
"0162-6005","SODDING FOR EROSION CONTROL (TY 5)","2024/2014","SY",5.72,6.06,5.38,3.2,12.32,6780,38781.6,"100 Earthwork"
"0162-6006","SODDING FOR EROSION CONTROL (TY 6)","2024/2014","SY",5.94,5.58,5.58,3.26,12.65,8350,49599,"100 Earthwork"
"0162-6007","SODDING FOR EROSION CONTROL (TY 7)","2024/2014","SY",6.16,5.98,5.79,3.33,11,9920,61107.2,"100 Earthwork"
"0162-6008","SODDING FOR EROSION CONTROL (TY 8)","2024/2014","SY",4.84,4.84,4.55,3.39,11.33,11490,55611.6,"100 Earthwork"
"0162-6009","SODDING FOR EROSION CONTROL (TY 9)","2024/2014","SY",5.06,5.21,4.76,3.2,11.66,13060,66083.6,"100 Earthwork"
"0162-6010","SODDING FOR EROSION CONTROL (TY 10)","2024/2014","SY",5.28,5.6,4.96,3.26,11.99,3830,20222.4,"100 Earthwork"
"0162-6011","SODDING FOR EROSION CONTROL (TY 11)","2024/2014","SY",5.5,5.17,5.17,3.33,12.32,5400,29700,"100 Earthwork"
"0162-6012","SODDING FOR EROSION CONTROL (TY 12)","2024/2014","SY",5.72,5.55,5.38,3.39,12.65,6970,39868.4,"100 Earthwork"
"0162-6013","SODDING FOR EROSION CONTROL (TY 13)","2024/2014","SY",5.94,5.94,5.58,3.2,11,8540,50727.6,"100 Earthwork"
"0162-6014","SODDING FOR EROSION CONTROL (TY 14)","2024/2014","SY",6.16,6.34,5.79,3.26,11.33,10110,62277.6,"100 Earthwork"
"0162-6015","SODDING FOR EROSION CONTROL (TY 15)","2024/2014","SY",4.84,5.13,4.55,3.33,11.66,11680,56531.2,"100 Earthwork"
"0162-6016","SODDING FOR EROSION CONTROL (TY 16)","2024/2014","SY",5.06,4.76,4.76,3.39,11.99,13250,67045,"100 Earthwork"
"0162-6017","SODDING FOR EROSION CONTROL (TY 17)","2024/2014","SY",5.28,5.12,4.96,3.2,12.32,14820,78249.6,"100 Earthwork"
"0162-6018","SODDING FOR EROSION CONTROL (TY 18)","2024/2014","SY",5.5,5.5,5.17,3.26,12.65,16390,90145,"100 Earthwork"
"0162-6019","SODDING FOR EROSION CONTROL (TY 19)","2024/2014","SY",5.72,5.89,5.38,3.33,11,7160,40955.2,"100 Earthwork"
"0162-6020","SODDING FOR EROSION CONTROL (TY 20)","2024/2014","SY",5.94,6.3,5.58,3.39,11.33,8730,51856.2,"100 Earthwork"
"0162-6021","SODDING FOR EROSION CONTROL (TY 21)","2024/2014","SY",6.16,5.79,5.79,3.2,11.66,10300,63448,"100 Earthwork"
"0162-6022","SODDING FOR EROSION CONTROL (TY 22)","2024/2014","SY",4.84,4.69,4.55,3.26,11.99,11870,57450.8,"100 Earthwork"
"0162-6023","SODDING FOR EROSION CONTROL (TY 23)","2024/2014","SY",5.06,5.06,4.76,3.33,12.32,13440,68006.4,"100 Earthwork"
"0162-6024","SODDING FOR EROSION CONTROL (TY 24)","2024/2014","SY",5.28,5.44,4.96,3.39,12.65,15010,79252.8,"100 Earthwork"
"0162-6025","SODDING FOR EROSION CONTROL (TY 25)","2024/2014","SY",5.5,5.83,5.17,3.2,11,16580,91190,"100 Earthwork"
"0164-6001","SEEDING FOR EROSION CONTROL (TY 1)","2024/2014","SY",0.48,0.45,0.45,0.2,1.8,500,240,"100 Earthwork"
"0164-6002","SEEDING FOR EROSION CONTROL (TY 2)","2024/2014","AC",0.51,0.49,0.48,0.2,1.85,2070,1055.7,"100 Earthwork"
"0164-6003","SEEDING FOR EROSION CONTROL (TY 3)","2024/2014","SY",0.53,0.53,0.5,0.21,1.91,3640,1929.2,"100 Earthwork"
"0164-6004","SEEDING FOR EROSION CONTROL (TY 4)","2024/2014","AC",0.55,0.57,0.52,0.21,1.96,5210,2865.5,"100 Earthwork"
"0164-6005","SEEDING FOR EROSION CONTROL (TY 5)","2024/2014","SY",0.57,0.6,0.54,0.2,2.02,6780,3864.6,"100 Earthwork"
"0164-6006","SEEDING FOR EROSION CONTROL (TY 6)","2024/2014","AC",0.59,0.55,0.55,0.2,2.07,8350,4926.5,"100 Earthwork"
"0164-6007","SEEDING FOR EROSION CONTROL (TY 7)","2024/2014","SY",0.62,0.6,0.58,0.21,1.8,9920,6150.4,"100 Earthwork"
"0164-6008","SEEDING FOR EROSION CONTROL (TY 8)","2024/2014","AC",0.48,0.48,0.45,0.21,1.85,11490,5515.2,"100 Earthwork"
"0164-6009","SEEDING FOR EROSION CONTROL (TY 9)","2024/2014","SY",0.51,0.53,0.48,0.2,1.91,13060,6660.6,"100 Earthwork"
"0164-6010","SEEDING FOR EROSION CONTROL (TY 10)","2024/2014","AC",0.53,0.56,0.5,0.2,1.96,3830,2029.9,"100 Earthwork"
"0164-6011","SEEDING FOR EROSION CONTROL (TY 11)","2024/2014","SY",0.55,0.52,0.52,0.21,2.02,5400,2970,"100 Earthwork"
"0164-6012","SEEDING FOR EROSION CONTROL (TY 12)","2024/2014","AC",0.57,0.55,0.54,0.21,2.07,6970,3972.9,"100 Earthwork"
"0164-6013","SEEDING FOR EROSION CONTROL (TY 13)","2024/2014","SY",0.59,0.59,0.55,0.2,1.8,8540,5038.6,"100 Earthwork"
"0164-6014","SEEDING FOR EROSION CONTROL (TY 14)","2024/2014","AC",0.62,0.64,0.58,0.2,1.85,10110,6268.2,"100 Earthwork"
"0164-6015","SEEDING FOR EROSION CONTROL (TY 15)","2024/2014","SY",0.48,0.51,0.45,0.21,1.91,11680,5606.4,"100 Earthwork"
"0164-6016","SEEDING FOR EROSION CONTROL (TY 16)","2024/2014","AC",0.51,0.48,0.48,0.21,1.96,13250,6757.5,"100 Earthwork"
"0164-6017","SEEDING FOR EROSION CONTROL (TY 17)","2024/2014","SY",0.53,0.51,0.5,0.2,2.02,14820,7854.6,"100 Earthwork"
"0164-6018","SEEDING FOR EROSION CONTROL (TY 18)","2024/2014","AC",0.55,0.55,0.52,0.2,2.07,16390,9014.5,"100 Earthwork"
"0164-6019","SEEDING FOR EROSION CONTROL (TY 19)","2024/2014","SY",0.57,0.59,0.54,0.21,1.8,7160,4081.2,"100 Earthwork"
"0164-6020","SEEDING FOR EROSION CONTROL (TY 20)","2024/2014","AC",0.59,0.63,0.55,0.21,1.85,8730,5150.7,"100 Earthwork"
"0164-6021","SEEDING FOR EROSION CONTROL (TY 21)","2024/2014","SY",0.62,0.58,0.58,0.2,1.91,10300,6386,"100 Earthwork"
"0164-6022","SEEDING FOR EROSION CONTROL (TY 22)","2024/2014","AC",0.48,0.47,0.45,0.2,1.96,11870,5697.6,"100 Earthwork"
"0164-6023","SEEDING FOR EROSION CONTROL (TY 23)","2024/2014","SY",0.51,0.51,0.48,0.21,2.02,13440,6854.4,"100 Earthwork"
"0164-6024","SEEDING FOR EROSION CONTROL (TY 24)","2024/2014","AC",0.53,0.55,0.5,0.21,2.07,15010,7955.3,"100 Earthwork"
"0164-6025","SEEDING FOR EROSION CONTROL (TY 25)","2024/2014","SY",0.55,0.58,0.52,0.2,1.8,16580,9119,"100 Earthwork"
"0164-6026","SEEDING FOR EROSION CONTROL (TY 26)","2024/2014","AC",0.57,0.54,0.54,0.2,1.85,18150,10345.5,"100 Earthwork"
"0164-6027","SEEDING FOR EROSION CONTROL (TY 27)","2024/2014","SY",0.59,0.57,0.55,0.21,1.91,19720,11634.8,"100 Earthwork"
"0164-6028","SEEDING FOR EROSION CONTROL (TY 28)","2024/2014","AC",0.62,0.62,0.58,0.21,1.96,10490,6503.8,"100 Earthwork"
"0164-6029","SEEDING FOR EROSION CONTROL (TY 29)","2024/2014","SY",0.48,0.49,0.45,0.2,2.02,12060,5788.8,"100 Earthwork"
"0164-6030","SEEDING FOR EROSION CONTROL (TY 30)","2024/2014","AC",0.51,0.54,0.48,0.2,2.07,13630,6951.3,"100 Earthwork"
"0168-6001","VEGETATIVE WATERING (TY 1)","2024/2014","MG",21.12,19.85,19.85,12,52,500,10560,"100 Earthwork"
"0168-6002","VEGETATIVE WATERING (TY 2)","2024/2014","MG",22.08,21.42,20.76,12.24,53.56,2070,45705.6,"100 Earthwork"
"0168-6003","VEGETATIVE WATERING (TY 3)","2024/2014","MG",23.04,23.04,21.66,12.48,55.12,3640,83865.6,"100 Earthwork"
"0168-6004","VEGETATIVE WATERING (TY 4)","2024/2014","MG",24,24.72,22.56,12.72,56.68,5210,125040,"100 Earthwork"
"0168-6005","VEGETATIVE WATERING (TY 5)","2024/2014","MG",24.96,26.46,23.46,12,58.24,6780,169228.8,"100 Earthwork"
"0168-6006","VEGETATIVE WATERING (TY 6)","2024/2014","MG",25.92,24.36,24.36,12.24,59.8,8350,216432,"100 Earthwork"
"0168-6007","VEGETATIVE WATERING (TY 7)","2024/2014","MG",26.88,26.07,25.27,12.48,52,9920,266649.6,"100 Earthwork"
"0168-6008","VEGETATIVE WATERING (TY 8)","2024/2014","MG",21.12,21.12,19.85,12.72,53.56,11490,242668.8,"100 Earthwork"
"0168-6009","VEGETATIVE WATERING (TY 9)","2024/2014","MG",22.08,22.74,20.76,12,55.12,13060,288364.8,"100 Earthwork"
"0168-6010","VEGETATIVE WATERING (TY 10)","2024/2014","MG",23.04,24.42,21.66,12.24,56.68,3830,88243.2,"100 Earthwork"
"0168-6011","VEGETATIVE WATERING (TY 11)","2024/2014","MG",24,22.56,22.56,12.48,58.24,5400,129600,"100 Earthwork"
"0168-6012","VEGETATIVE WATERING (TY 12)","2024/2014","MG",24.96,24.21,23.46,12.72,59.8,6970,173971.2,"100 Earthwork"
"0168-6013","VEGETATIVE WATERING (TY 13)","2024/2014","MG",25.92,25.92,24.36,12,52,8540,221356.8,"100 Earthwork"
"0168-6014","VEGETATIVE WATERING (TY 14)","2024/2014","MG",26.88,27.69,25.27,12.24,53.56,10110,271756.8,"100 Earthwork"
"0168-6015","VEGETATIVE WATERING (TY 15)","2024/2014","MG",21.12,22.39,19.85,12.48,55.12,11680,246681.6,"100 Earthwork"
"0169-6001","SOIL RETENTION BLANKET (TY 1)","2024/2014","SY",1.85,1.74,1.74,1.1,4.8,500,925,"100 Earthwork"
"0169-6002","SOIL RETENTION BLANKET (TY 2)","2024/2014","SY",1.93,1.87,1.81,1.12,4.94,2070,3995.1,"100 Earthwork"
"0169-6003","SOIL RETENTION BLANKET (TY 3)","2024/2014","SY",2.02,2.02,1.9,1.14,5.09,3640,7352.8,"100 Earthwork"
"0169-6004","SOIL RETENTION BLANKET (TY 4)","2024/2014","SY",2.1,2.16,1.97,1.17,5.23,5210,10941,"100 Earthwork"
"0169-6005","SOIL RETENTION BLANKET (TY 5)","2024/2014","SY",2.18,2.31,2.05,1.1,5.38,6780,14780.4,"100 Earthwork"
"0169-6006","SOIL RETENTION BLANKET (TY 6)","2024/2014","SY",2.27,2.13,2.13,1.12,5.52,8350,18954.5,"100 Earthwork"
"0169-6007","SOIL RETENTION BLANKET (TY 7)","2024/2014","SY",2.35,2.28,2.21,1.14,4.8,9920,23312,"100 Earthwork"
"0169-6008","SOIL RETENTION BLANKET (TY 8)","2024/2014","SY",1.85,1.85,1.74,1.17,4.94,11490,21256.5,"100 Earthwork"
"0169-6009","SOIL RETENTION BLANKET (TY 9)","2024/2014","SY",1.93,1.99,1.81,1.1,5.09,13060,25205.8,"100 Earthwork"
"0169-6010","SOIL RETENTION BLANKET (TY 10)","2024/2014","SY",2.02,2.14,1.9,1.12,5.23,3830,7736.6,"100 Earthwork"
"0169-6011","SOIL RETENTION BLANKET (TY 11)","2024/2014","SY",2.1,1.97,1.97,1.14,5.38,5400,11340,"100 Earthwork"
"0169-6012","SOIL RETENTION BLANKET (TY 12)","2024/2014","SY",2.18,2.11,2.05,1.17,5.52,6970,15194.6,"100 Earthwork"
"0169-6013","SOIL RETENTION BLANKET (TY 13)","2024/2014","SY",2.27,2.27,2.13,1.1,4.8,8540,19385.8,"100 Earthwork"
"0169-6014","SOIL RETENTION BLANKET (TY 14)","2024/2014","SY",2.35,2.42,2.21,1.12,4.94,10110,23758.5,"100 Earthwork"
"0169-6015","SOIL RETENTION BLANKET (TY 15)","2024/2014","SY",1.85,1.96,1.74,1.14,5.09,11680,21608,"100 Earthwork"
"0169-6016","SOIL RETENTION BLANKET (TY 16)","2024/2014","SY",1.93,1.81,1.81,1.17,5.23,13250,25572.5,"100 Earthwork"
"0169-6017","SOIL RETENTION BLANKET (TY 17)","2024/2014","SY",2.02,1.96,1.9,1.1,5.38,14820,29936.4,"100 Earthwork"
"0169-6018","SOIL RETENTION BLANKET (TY 18)","2024/2014","SY",2.1,2.1,1.97,1.12,5.52,16390,34419,"100 Earthwork"
"0169-6019","SOIL RETENTION BLANKET (TY 19)","2024/2014","SY",2.18,2.25,2.05,1.14,4.8,7160,15608.8,"100 Earthwork"
"0169-6020","SOIL RETENTION BLANKET (TY 20)","2024/2014","SY",2.27,2.41,2.13,1.17,4.94,8730,19817.1,"100 Earthwork"
"0247-6001","FL BS (CMP IN PLC / RDWY DEL) (TY 1)","2024/2014","SY",28.6,26.88,26.88,14.5,72,500,14300,"200 Subgrade & Base"
"0247-6002","FL BS (CMP IN PLC / RDWY DEL) (TY 2)","2024/2014","TON",29.9,29,28.11,14.79,74.16,2070,61893,"200 Subgrade & Base"
"0247-6003","FL BS (CMP IN PLC / RDWY DEL) (TY 3)","2024/2014","CY",31.2,31.2,29.33,15.08,76.32,3640,113568,"200 Subgrade & Base"
"0247-6004","FL BS (CMP IN PLC / RDWY DEL) (TY 4)","2024/2014","SY",32.5,33.48,30.55,15.37,78.48,5210,169325,"200 Subgrade & Base"
"0247-6005","FL BS (CMP IN PLC / RDWY DEL) (TY 5)","2024/2014","TON",33.8,35.83,31.77,14.5,80.64,6780,229164,"200 Subgrade & Base"
"0247-6006","FL BS (CMP IN PLC / RDWY DEL) (TY 6)","2024/2014","CY",35.1,32.99,32.99,14.79,82.8,8350,293085,"200 Subgrade & Base"
"0247-6007","FL BS (CMP IN PLC / RDWY DEL) (TY 7)","2024/2014","SY",36.4,35.31,34.22,15.08,72,9920,361088,"200 Subgrade & Base"
"0247-6008","FL BS (CMP IN PLC / RDWY DEL) (TY 8)","2024/2014","TON",28.6,28.6,26.88,15.37,74.16,11490,328614,"200 Subgrade & Base"
"0247-6009","FL BS (CMP IN PLC / RDWY DEL) (TY 9)","2024/2014","CY",29.9,30.8,28.11,14.5,76.32,13060,390494,"200 Subgrade & Base"
"0247-6010","FL BS (CMP IN PLC / RDWY DEL) (TY 10)","2024/2014","SY",31.2,33.07,29.33,14.79,78.48,3830,119496,"200 Subgrade & Base"
"0247-6011","FL BS (CMP IN PLC / RDWY DEL) (TY 11)","2024/2014","TON",32.5,30.55,30.55,15.08,80.64,5400,175500,"200 Subgrade & Base"
"0247-6012","FL BS (CMP IN PLC / RDWY DEL) (TY 12)","2024/2014","CY",33.8,32.79,31.77,15.37,82.8,6970,235586,"200 Subgrade & Base"
"0247-6013","FL BS (CMP IN PLC / RDWY DEL) (TY 13)","2024/2014","SY",35.1,35.1,32.99,14.5,72,8540,299754,"200 Subgrade & Base"
"0247-6014","FL BS (CMP IN PLC / RDWY DEL) (TY 14)","2024/2014","TON",36.4,37.49,34.22,14.79,74.16,10110,368004,"200 Subgrade & Base"
"0247-6015","FL BS (CMP IN PLC / RDWY DEL) (TY 15)","2024/2014","CY",28.6,30.32,26.88,15.08,76.32,11680,334048,"200 Subgrade & Base"
"0247-6016","FL BS (CMP IN PLC / RDWY DEL) (TY 16)","2024/2014","SY",29.9,28.11,28.11,15.37,78.48,13250,396175,"200 Subgrade & Base"
"0247-6017","FL BS (CMP IN PLC / RDWY DEL) (TY 17)","2024/2014","TON",31.2,30.26,29.33,14.5,80.64,14820,462384,"200 Subgrade & Base"
"0247-6018","FL BS (CMP IN PLC / RDWY DEL) (TY 18)","2024/2014","CY",32.5,32.5,30.55,14.79,82.8,16390,532675,"200 Subgrade & Base"
"0247-6019","FL BS (CMP IN PLC / RDWY DEL) (TY 19)","2024/2014","SY",33.8,34.81,31.77,15.08,72,7160,242008,"200 Subgrade & Base"
"0247-6020","FL BS (CMP IN PLC / RDWY DEL) (TY 20)","2024/2014","TON",35.1,37.21,32.99,15.37,74.16,8730,306423,"200 Subgrade & Base"
"0247-6021","FL BS (CMP IN PLC / RDWY DEL) (TY 21)","2024/2014","CY",36.4,34.22,34.22,14.5,76.32,10300,374920,"200 Subgrade & Base"
"0247-6022","FL BS (CMP IN PLC / RDWY DEL) (TY 22)","2024/2014","SY",28.6,27.74,26.88,14.79,78.48,11870,339482,"200 Subgrade & Base"
"0247-6023","FL BS (CMP IN PLC / RDWY DEL) (TY 23)","2024/2014","TON",29.9,29.9,28.11,15.08,80.64,13440,401856,"200 Subgrade & Base"
"0247-6024","FL BS (CMP IN PLC / RDWY DEL) (TY 24)","2024/2014","CY",31.2,32.14,29.33,15.37,82.8,15010,468312,"200 Subgrade & Base"
"0247-6025","FL BS (CMP IN PLC / RDWY DEL) (TY 25)","2024/2014","SY",32.5,34.45,30.55,14.5,72,16580,538850,"200 Subgrade & Base"
"0247-6026","FL BS (CMP IN PLC / RDWY DEL) (TY 26)","2024/2014","TON",33.8,31.77,31.77,14.79,74.16,18150,613470,"200 Subgrade & Base"
"0247-6027","FL BS (CMP IN PLC / RDWY DEL) (TY 27)","2024/2014","CY",35.1,34.05,32.99,15.08,76.32,19720,692172,"200 Subgrade & Base"
"0247-6028","FL BS (CMP IN PLC / RDWY DEL) (TY 28)","2024/2014","SY",36.4,36.4,34.22,15.37,78.48,10490,381836,"200 Subgrade & Base"
"0247-6029","FL BS (CMP IN PLC / RDWY DEL) (TY 29)","2024/2014","TON",28.6,29.46,26.88,14.5,80.64,12060,344916,"200 Subgrade & Base"
"0247-6030","FL BS (CMP IN PLC / RDWY DEL) (TY 30)","2024/2014","CY",29.9,31.69,28.11,14.79,82.8,13630,407537,"200 Subgrade & Base"
"0247-6031","FL BS (CMP IN PLC / RDWY DEL) (TY 31)","2024/2014","SY",31.2,29.33,29.33,15.08,72,15200,474240,"200 Subgrade & Base"
"0247-6032","FL BS (CMP IN PLC / RDWY DEL) (TY 32)","2024/2014","TON",32.5,31.52,30.55,15.37,74.16,16770,545025,"200 Subgrade & Base"
"0247-6033","FL BS (CMP IN PLC / RDWY DEL) (TY 33)","2024/2014","CY",33.8,33.8,31.77,14.5,76.32,18340,619892,"200 Subgrade & Base"
"0247-6034","FL BS (CMP IN PLC / RDWY DEL) (TY 34)","2024/2014","SY",35.1,36.15,32.99,14.79,78.48,19910,698841,"200 Subgrade & Base"
"0247-6035","FL BS (CMP IN PLC / RDWY DEL) (TY 35)","2024/2014","TON",36.4,38.58,34.22,15.08,80.64,21480,781872,"200 Subgrade & Base"
"0247-6036","FL BS (CMP IN PLC / RDWY DEL) (TY 36)","2024/2014","CY",28.6,26.88,26.88,15.37,82.8,23050,659230,"200 Subgrade & Base"
"0247-6037","FL BS (CMP IN PLC / RDWY DEL) (TY 37)","2024/2014","SY",29.9,29,28.11,14.5,72,13820,413218,"200 Subgrade & Base"
"0247-6038","FL BS (CMP IN PLC / RDWY DEL) (TY 38)","2024/2014","TON",31.2,31.2,29.33,14.79,74.16,15390,480168,"200 Subgrade & Base"
"0247-6039","FL BS (CMP IN PLC / RDWY DEL) (TY 39)","2024/2014","CY",32.5,33.48,30.55,15.08,76.32,16960,551200,"200 Subgrade & Base"
"0247-6040","FL BS (CMP IN PLC / RDWY DEL) (TY 40)","2024/2014","SY",33.8,35.83,31.77,15.37,78.48,18530,626314,"200 Subgrade & Base"
"0247-6041","FL BS (CMP IN PLC / RDWY DEL) (TY 41)","2024/2014","TON",35.1,32.99,32.99,14.5,80.64,20100,705510,"200 Subgrade & Base"
"0247-6042","FL BS (CMP IN PLC / RDWY DEL) (TY 42)","2024/2014","CY",36.4,35.31,34.22,14.79,82.8,21670,788788,"200 Subgrade & Base"
"0247-6043","FL BS (CMP IN PLC / RDWY DEL) (TY 43)","2024/2014","SY",28.6,28.6,26.88,15.08,72,23240,664664,"200 Subgrade & Base"
"0247-6044","FL BS (CMP IN PLC / RDWY DEL) (TY 44)","2024/2014","TON",29.9,30.8,28.11,15.37,74.16,24810,741819,"200 Subgrade & Base"
"0247-6045","FL BS (CMP IN PLC / RDWY DEL) (TY 45)","2024/2014","CY",31.2,33.07,29.33,14.5,76.32,26380,823056,"200 Subgrade & Base"
"0247-6046","FL BS (CMP IN PLC / RDWY DEL) (TY 46)","2024/2014","SY",32.5,30.55,30.55,14.79,78.48,17150,557375,"200 Subgrade & Base"
"0247-6047","FL BS (CMP IN PLC / RDWY DEL) (TY 47)","2024/2014","TON",33.8,32.79,31.77,15.08,80.64,18720,632736,"200 Subgrade & Base"
"0247-6048","FL BS (CMP IN PLC / RDWY DEL) (TY 48)","2024/2014","CY",35.1,35.1,32.99,15.37,82.8,20290,712179,"200 Subgrade & Base"
"0247-6049","FL BS (CMP IN PLC / RDWY DEL) (TY 49)","2024/2014","SY",36.4,37.49,34.22,14.5,72,21860,795704,"200 Subgrade & Base"
"0247-6050","FL BS (CMP IN PLC / RDWY DEL) (TY 50)","2024/2014","TON",28.6,30.32,26.88,14.79,74.16,23430,670098,"200 Subgrade & Base"
"0247-6051","FL BS (CMP IN PLC / RDWY DEL) (TY 51)","2024/2014","CY",29.9,28.11,28.11,15.08,76.32,25000,747500,"200 Subgrade & Base"
"0247-6052","FL BS (CMP IN PLC / RDWY DEL) (TY 52)","2024/2014","SY",31.2,30.26,29.33,15.37,78.48,26570,828984,"200 Subgrade & Base"
"0247-6053","FL BS (CMP IN PLC / RDWY DEL) (TY 53)","2024/2014","TON",32.5,32.5,30.55,14.5,80.64,28140,914550,"200 Subgrade & Base"
"0247-6054","FL BS (CMP IN PLC / RDWY DEL) (TY 54)","2024/2014","CY",33.8,34.81,31.77,14.79,82.8,29710,1004198,"200 Subgrade & Base"
"0247-6055","FL BS (CMP IN PLC / RDWY DEL) (TY 55)","2024/2014","SY",35.1,37.21,32.99,15.08,72,20480,718848,"200 Subgrade & Base"
"0247-6056","FL BS (CMP IN PLC / RDWY DEL) (TY 56)","2024/2014","TON",36.4,34.22,34.22,15.37,74.16,22050,802620,"200 Subgrade & Base"
"0247-6057","FL BS (CMP IN PLC / RDWY DEL) (TY 57)","2024/2014","CY",28.6,27.74,26.88,14.5,76.32,23620,675532,"200 Subgrade & Base"
"0247-6058","FL BS (CMP IN PLC / RDWY DEL) (TY 58)","2024/2014","SY",29.9,29.9,28.11,14.79,78.48,25190,753181,"200 Subgrade & Base"
"0247-6059","FL BS (CMP IN PLC / RDWY DEL) (TY 59)","2024/2014","TON",31.2,32.14,29.33,15.08,80.64,26760,834912,"200 Subgrade & Base"
"0247-6060","FL BS (CMP IN PLC / RDWY DEL) (TY 60)","2024/2014","CY",32.5,34.45,30.55,15.37,82.8,28330,920725,"200 Subgrade & Base"
"0247-6061","FL BS (CMP IN PLC / RDWY DEL) (TY 61)","2024/2014","SY",33.8,31.77,31.77,14.5,72,29900,1010620,"200 Subgrade & Base"
"0247-6062","FL BS (CMP IN PLC / RDWY DEL) (TY 62)","2024/2014","TON",35.1,34.05,32.99,14.79,74.16,31470,1104597,"200 Subgrade & Base"
"0247-6063","FL BS (CMP IN PLC / RDWY DEL) (TY 63)","2024/2014","CY",36.4,36.4,34.22,15.08,76.32,33040,1202656,"200 Subgrade & Base"
"0247-6064","FL BS (CMP IN PLC / RDWY DEL) (TY 64)","2024/2014","SY",28.6,29.46,26.88,15.37,78.48,23810,680966,"200 Subgrade & Base"
"0247-6065","FL BS (CMP IN PLC / RDWY DEL) (TY 65)","2024/2014","TON",29.9,31.69,28.11,14.5,80.64,25380,758862,"200 Subgrade & Base"
"0247-6066","FL BS (CMP IN PLC / RDWY DEL) (TY 66)","2024/2014","CY",31.2,29.33,29.33,14.79,82.8,26950,840840,"200 Subgrade & Base"
"0247-6067","FL BS (CMP IN PLC / RDWY DEL) (TY 67)","2024/2014","SY",32.5,31.52,30.55,15.08,72,28520,926900,"200 Subgrade & Base"
"0247-6068","FL BS (CMP IN PLC / RDWY DEL) (TY 68)","2024/2014","TON",33.8,33.8,31.77,15.37,74.16,30090,1017042,"200 Subgrade & Base"
"0247-6069","FL BS (CMP IN PLC / RDWY DEL) (TY 69)","2024/2014","CY",35.1,36.15,32.99,14.5,76.32,31660,1111266,"200 Subgrade & Base"
"0247-6070","FL BS (CMP IN PLC / RDWY DEL) (TY 70)","2024/2014","SY",36.4,38.58,34.22,14.79,78.48,33230,1209572,"200 Subgrade & Base"
"0247-6071","FL BS (CMP IN PLC / RDWY DEL) (TY 71)","2024/2014","TON",28.6,26.88,26.88,15.08,80.64,34800,995280,"200 Subgrade & Base"
"0247-6072","FL BS (CMP IN PLC / RDWY DEL) (TY 72)","2024/2014","CY",29.9,29,28.11,15.37,82.8,36370,1087463,"200 Subgrade & Base"
"0247-6073","FL BS (CMP IN PLC / RDWY DEL) (TY 73)","2024/2014","SY",31.2,31.2,29.33,14.5,72,27140,846768,"200 Subgrade & Base"
"0247-6074","FL BS (CMP IN PLC / RDWY DEL) (TY 74)","2024/2014","TON",32.5,33.48,30.55,14.79,74.16,28710,933075,"200 Subgrade & Base"
"0247-6075","FL BS (CMP IN PLC / RDWY DEL) (TY 75)","2024/2014","CY",33.8,35.83,31.77,15.08,76.32,30280,1023464,"200 Subgrade & Base"
"0247-6076","FL BS (CMP IN PLC / RDWY DEL) (TY 76)","2024/2014","SY",35.1,32.99,32.99,15.37,78.48,31850,1117935,"200 Subgrade & Base"
"0247-6077","FL BS (CMP IN PLC / RDWY DEL) (TY 77)","2024/2014","TON",36.4,35.31,34.22,14.5,80.64,33420,1216488,"200 Subgrade & Base"
"0247-6078","FL BS (CMP IN PLC / RDWY DEL) (TY 78)","2024/2014","CY",28.6,28.6,26.88,14.79,82.8,34990,1000714,"200 Subgrade & Base"
"0247-6079","FL BS (CMP IN PLC / RDWY DEL) (TY 79)","2024/2014","SY",29.9,30.8,28.11,15.08,72,36560,1093144,"200 Subgrade & Base"
"0247-6080","FL BS (CMP IN PLC / RDWY DEL) (TY 80)","2024/2014","TON",31.2,33.07,29.33,15.37,74.16,38130,1189656,"200 Subgrade & Base"
"0247-6081","FL BS (CMP IN PLC / RDWY DEL) (TY 81)","2024/2014","CY",32.5,30.55,30.55,14.5,76.32,39700,1290250,"200 Subgrade & Base"
"0247-6082","FL BS (CMP IN PLC / RDWY DEL) (TY 82)","2024/2014","SY",33.8,32.79,31.77,14.79,78.48,30470,1029886,"200 Subgrade & Base"
"0247-6083","FL BS (CMP IN PLC / RDWY DEL) (TY 83)","2024/2014","TON",35.1,35.1,32.99,15.08,80.64,32040,1124604,"200 Subgrade & Base"
"0247-6084","FL BS (CMP IN PLC / RDWY DEL) (TY 84)","2024/2014","CY",36.4,37.49,34.22,15.37,82.8,33610,1223404,"200 Subgrade & Base"
"0247-6085","FL BS (CMP IN PLC / RDWY DEL) (TY 85)","2024/2014","SY",28.6,30.32,26.88,14.5,72,35180,1006148,"200 Subgrade & Base"
"0247-6086","FL BS (CMP IN PLC / RDWY DEL) (TY 86)","2024/2014","TON",29.9,28.11,28.11,14.79,74.16,36750,1098825,"200 Subgrade & Base"
"0247-6087","FL BS (CMP IN PLC / RDWY DEL) (TY 87)","2024/2014","CY",31.2,30.26,29.33,15.08,76.32,38320,1195584,"200 Subgrade & Base"
"0247-6088","FL BS (CMP IN PLC / RDWY DEL) (TY 88)","2024/2014","SY",32.5,32.5,30.55,15.37,78.48,39890,1296425,"200 Subgrade & Base"
"0247-6089","FL BS (CMP IN PLC / RDWY DEL) (TY 89)","2024/2014","TON",33.8,34.81,31.77,14.5,80.64,41460,1401348,"200 Subgrade & Base"
"0247-6090","FL BS (CMP IN PLC / RDWY DEL) (TY 90)","2024/2014","CY",35.1,37.21,32.99,14.79,82.8,43030,1510353,"200 Subgrade & Base"
"0247-6091","FL BS (CMP IN PLC / RDWY DEL) (TY 91)","2024/2014","SY",36.4,34.22,34.22,15.08,72,33800,1230320,"200 Subgrade & Base"
"0247-6092","FL BS (CMP IN PLC / RDWY DEL) (TY 92)","2024/2014","TON",28.6,27.74,26.88,15.37,74.16,35370,1011582,"200 Subgrade & Base"
"0247-6093","FL BS (CMP IN PLC / RDWY DEL) (TY 93)","2024/2014","CY",29.9,29.9,28.11,14.5,76.32,36940,1104506,"200 Subgrade & Base"
"0247-6094","FL BS (CMP IN PLC / RDWY DEL) (TY 94)","2024/2014","SY",31.2,32.14,29.33,14.79,78.48,38510,1201512,"200 Subgrade & Base"
"0247-6095","FL BS (CMP IN PLC / RDWY DEL) (TY 95)","2024/2014","TON",32.5,34.45,30.55,15.08,80.64,40080,1302600,"200 Subgrade & Base"
"0247-6096","FL BS (CMP IN PLC / RDWY DEL) (TY 96)","2024/2014","CY",33.8,31.77,31.77,15.37,82.8,41650,1407770,"200 Subgrade & Base"
"0247-6097","FL BS (CMP IN PLC / RDWY DEL) (TY 97)","2024/2014","SY",35.1,34.05,32.99,14.5,72,43220,1517022,"200 Subgrade & Base"
"0247-6098","FL BS (CMP IN PLC / RDWY DEL) (TY 98)","2024/2014","TON",36.4,36.4,34.22,14.79,74.16,44790,1630356,"200 Subgrade & Base"
"0247-6099","FL BS (CMP IN PLC / RDWY DEL) (TY 99)","2024/2014","CY",28.6,29.46,26.88,15.08,76.32,46360,1325896,"200 Subgrade & Base"
"0247-6100","FL BS (CMP IN PLC / RDWY DEL) (TY 100)","2024/2014","SY",29.9,31.69,28.11,15.37,78.48,37130,1110187,"200 Subgrade & Base"
"0247-6101","FL BS (CMP IN PLC / RDWY DEL) (TY 101)","2024/2014","TON",31.2,29.33,29.33,14.5,80.64,38700,1207440,"200 Subgrade & Base"
"0247-6102","FL BS (CMP IN PLC / RDWY DEL) (TY 102)","2024/2014","CY",32.5,31.52,30.55,14.79,82.8,40270,1308775,"200 Subgrade & Base"
"0247-6103","FL BS (CMP IN PLC / RDWY DEL) (TY 103)","2024/2014","SY",33.8,33.8,31.77,15.08,72,41840,1414192,"200 Subgrade & Base"
"0247-6104","FL BS (CMP IN PLC / RDWY DEL) (TY 104)","2024/2014","TON",35.1,36.15,32.99,15.37,74.16,43410,1523691,"200 Subgrade & Base"
"0247-6105","FL BS (CMP IN PLC / RDWY DEL) (TY 105)","2024/2014","CY",36.4,38.58,34.22,14.5,76.32,44980,1637272,"200 Subgrade & Base"
"0247-6106","FL BS (CMP IN PLC / RDWY DEL) (TY 106)","2024/2014","SY",28.6,26.88,26.88,14.79,78.48,46550,1331330,"200 Subgrade & Base"
"0247-6107","FL BS (CMP IN PLC / RDWY DEL) (TY 107)","2024/2014","TON",29.9,29,28.11,15.08,80.64,48120,1438788,"200 Subgrade & Base"
"0247-6108","FL BS (CMP IN PLC / RDWY DEL) (TY 108)","2024/2014","CY",31.2,31.2,29.33,15.37,82.8,49690,1550328,"200 Subgrade & Base"
"0247-6109","FL BS (CMP IN PLC / RDWY DEL) (TY 109)","2024/2014","SY",32.5,33.48,30.55,14.5,72,40460,1314950,"200 Subgrade & Base"
"0247-6110","FL BS (CMP IN PLC / RDWY DEL) (TY 110)","2024/2014","TON",33.8,35.83,31.77,14.79,74.16,42030,1420614,"200 Subgrade & Base"
"0260-6001","LIME TRT (EXST MATL / SUBGRADE) (TY 1)","2024/2014","SY",5.46,5.13,5.13,2.5,340,500,2730,"200 Subgrade & Base"
"0260-6002","LIME TRT (EXST MATL / SUBGRADE) (TY 2)","2024/2014","TON",5.7,5.53,5.36,2.55,350.2,2070,11799,"200 Subgrade & Base"
"0260-6003","LIME TRT (EXST MATL / SUBGRADE) (TY 3)","2024/2014","SY",5.95,5.95,5.59,2.6,360.4,3640,21658,"200 Subgrade & Base"
"0260-6004","LIME TRT (EXST MATL / SUBGRADE) (TY 4)","2024/2014","TON",6.2,6.39,5.83,2.65,370.6,5210,32302,"200 Subgrade & Base"
"0260-6005","LIME TRT (EXST MATL / SUBGRADE) (TY 5)","2024/2014","SY",6.45,6.84,6.06,2.5,380.8,6780,43731,"200 Subgrade & Base"
"0260-6006","LIME TRT (EXST MATL / SUBGRADE) (TY 6)","2024/2014","TON",6.7,6.3,6.3,2.55,391,8350,55945,"200 Subgrade & Base"
"0260-6007","LIME TRT (EXST MATL / SUBGRADE) (TY 7)","2024/2014","SY",6.94,6.73,6.52,2.6,340,9920,68844.8,"200 Subgrade & Base"
"0260-6008","LIME TRT (EXST MATL / SUBGRADE) (TY 8)","2024/2014","TON",5.46,5.46,5.13,2.65,350.2,11490,62735.4,"200 Subgrade & Base"
"0260-6009","LIME TRT (EXST MATL / SUBGRADE) (TY 9)","2024/2014","SY",5.7,5.87,5.36,2.5,360.4,13060,74442,"200 Subgrade & Base"
"0260-6010","LIME TRT (EXST MATL / SUBGRADE) (TY 10)","2024/2014","TON",5.95,6.31,5.59,2.55,370.6,3830,22788.5,"200 Subgrade & Base"
"0260-6011","LIME TRT (EXST MATL / SUBGRADE) (TY 11)","2024/2014","SY",6.2,5.83,5.83,2.6,380.8,5400,33480,"200 Subgrade & Base"
"0260-6012","LIME TRT (EXST MATL / SUBGRADE) (TY 12)","2024/2014","TON",6.45,6.26,6.06,2.65,391,6970,44956.5,"200 Subgrade & Base"
"0260-6013","LIME TRT (EXST MATL / SUBGRADE) (TY 13)","2024/2014","SY",6.7,6.7,6.3,2.5,340,8540,57218,"200 Subgrade & Base"
"0260-6014","LIME TRT (EXST MATL / SUBGRADE) (TY 14)","2024/2014","TON",6.94,7.15,6.52,2.55,350.2,10110,70163.4,"200 Subgrade & Base"
"0260-6015","LIME TRT (EXST MATL / SUBGRADE) (TY 15)","2024/2014","SY",5.46,5.79,5.13,2.6,360.4,11680,63772.8,"200 Subgrade & Base"
"0260-6016","LIME TRT (EXST MATL / SUBGRADE) (TY 16)","2024/2014","TON",5.7,5.36,5.36,2.65,370.6,13250,75525,"200 Subgrade & Base"
"0260-6017","LIME TRT (EXST MATL / SUBGRADE) (TY 17)","2024/2014","SY",5.95,5.77,5.59,2.5,380.8,14820,88179,"200 Subgrade & Base"
"0260-6018","LIME TRT (EXST MATL / SUBGRADE) (TY 18)","2024/2014","TON",6.2,6.2,5.83,2.55,391,16390,101618,"200 Subgrade & Base"
"0260-6019","LIME TRT (EXST MATL / SUBGRADE) (TY 19)","2024/2014","SY",6.45,6.64,6.06,2.6,340,7160,46182,"200 Subgrade & Base"
"0260-6020","LIME TRT (EXST MATL / SUBGRADE) (TY 20)","2024/2014","TON",6.7,7.1,6.3,2.65,350.2,8730,58491,"200 Subgrade & Base"
"0260-6021","LIME TRT (EXST MATL / SUBGRADE) (TY 21)","2024/2014","SY",6.94,6.52,6.52,2.5,360.4,10300,71482,"200 Subgrade & Base"
"0260-6022","LIME TRT (EXST MATL / SUBGRADE) (TY 22)","2024/2014","TON",5.46,5.3,5.13,2.55,370.6,11870,64810.2,"200 Subgrade & Base"
"0260-6023","LIME TRT (EXST MATL / SUBGRADE) (TY 23)","2024/2014","SY",5.7,5.7,5.36,2.6,380.8,13440,76608,"200 Subgrade & Base"
"0260-6024","LIME TRT (EXST MATL / SUBGRADE) (TY 24)","2024/2014","TON",5.95,6.13,5.59,2.65,391,15010,89309.5,"200 Subgrade & Base"
"0260-6025","LIME TRT (EXST MATL / SUBGRADE) (TY 25)","2024/2014","SY",6.2,6.57,5.83,2.5,340,16580,102796,"200 Subgrade & Base"
"0260-6026","LIME TRT (EXST MATL / SUBGRADE) (TY 26)","2024/2014","TON",6.45,6.06,6.06,2.55,350.2,18150,117067.5,"200 Subgrade & Base"
"0260-6027","LIME TRT (EXST MATL / SUBGRADE) (TY 27)","2024/2014","SY",6.7,6.5,6.3,2.6,360.4,19720,132124,"200 Subgrade & Base"
"0260-6028","LIME TRT (EXST MATL / SUBGRADE) (TY 28)","2024/2014","TON",6.94,6.94,6.52,2.65,370.6,10490,72800.6,"200 Subgrade & Base"
"0260-6029","LIME TRT (EXST MATL / SUBGRADE) (TY 29)","2024/2014","SY",5.46,5.62,5.13,2.5,380.8,12060,65847.6,"200 Subgrade & Base"
"0260-6030","LIME TRT (EXST MATL / SUBGRADE) (TY 30)","2024/2014","TON",5.7,6.04,5.36,2.55,391,13630,77691,"200 Subgrade & Base"
"0260-6031","LIME TRT (EXST MATL / SUBGRADE) (TY 31)","2024/2014","SY",5.95,5.59,5.59,2.6,340,15200,90440,"200 Subgrade & Base"
"0260-6032","LIME TRT (EXST MATL / SUBGRADE) (TY 32)","2024/2014","TON",6.2,6.01,5.83,2.65,350.2,16770,103974,"200 Subgrade & Base"
"0260-6033","LIME TRT (EXST MATL / SUBGRADE) (TY 33)","2024/2014","SY",6.45,6.45,6.06,2.5,360.4,18340,118293,"200 Subgrade & Base"
"0260-6034","LIME TRT (EXST MATL / SUBGRADE) (TY 34)","2024/2014","TON",6.7,6.9,6.3,2.55,370.6,19910,133397,"200 Subgrade & Base"
"0260-6035","LIME TRT (EXST MATL / SUBGRADE) (TY 35)","2024/2014","SY",6.94,7.36,6.52,2.6,380.8,21480,149071.2,"200 Subgrade & Base"
"0260-6036","LIME TRT (EXST MATL / SUBGRADE) (TY 36)","2024/2014","TON",5.46,5.13,5.13,2.65,391,23050,125853,"200 Subgrade & Base"
"0260-6037","LIME TRT (EXST MATL / SUBGRADE) (TY 37)","2024/2014","SY",5.7,5.53,5.36,2.5,340,13820,78774,"200 Subgrade & Base"
"0260-6038","LIME TRT (EXST MATL / SUBGRADE) (TY 38)","2024/2014","TON",5.95,5.95,5.59,2.55,350.2,15390,91570.5,"200 Subgrade & Base"
"0260-6039","LIME TRT (EXST MATL / SUBGRADE) (TY 39)","2024/2014","SY",6.2,6.39,5.83,2.6,360.4,16960,105152,"200 Subgrade & Base"
"0260-6040","LIME TRT (EXST MATL / SUBGRADE) (TY 40)","2024/2014","TON",6.45,6.84,6.06,2.65,370.6,18530,119518.5,"200 Subgrade & Base"
"0260-6041","LIME TRT (EXST MATL / SUBGRADE) (TY 41)","2024/2014","SY",6.7,6.3,6.3,2.5,380.8,20100,134670,"200 Subgrade & Base"
"0260-6042","LIME TRT (EXST MATL / SUBGRADE) (TY 42)","2024/2014","TON",6.94,6.73,6.52,2.55,391,21670,150389.8,"200 Subgrade & Base"
"0260-6043","LIME TRT (EXST MATL / SUBGRADE) (TY 43)","2024/2014","SY",5.46,5.46,5.13,2.6,340,23240,126890.4,"200 Subgrade & Base"
"0260-6044","LIME TRT (EXST MATL / SUBGRADE) (TY 44)","2024/2014","TON",5.7,5.87,5.36,2.65,350.2,24810,141417,"200 Subgrade & Base"
"0260-6045","LIME TRT (EXST MATL / SUBGRADE) (TY 45)","2024/2014","SY",5.95,6.31,5.59,2.5,360.4,26380,156961,"200 Subgrade & Base"
"0260-6046","LIME TRT (EXST MATL / SUBGRADE) (TY 46)","2024/2014","TON",6.2,5.83,5.83,2.55,370.6,17150,106330,"200 Subgrade & Base"
"0260-6047","LIME TRT (EXST MATL / SUBGRADE) (TY 47)","2024/2014","SY",6.45,6.26,6.06,2.6,380.8,18720,120744,"200 Subgrade & Base"
"0260-6048","LIME TRT (EXST MATL / SUBGRADE) (TY 48)","2024/2014","TON",6.7,6.7,6.3,2.65,391,20290,135943,"200 Subgrade & Base"
"0260-6049","LIME TRT (EXST MATL / SUBGRADE) (TY 49)","2024/2014","SY",6.94,7.15,6.52,2.5,340,21860,151708.4,"200 Subgrade & Base"
"0260-6050","LIME TRT (EXST MATL / SUBGRADE) (TY 50)","2024/2014","TON",5.46,5.79,5.13,2.55,350.2,23430,127927.8,"200 Subgrade & Base"
"0260-6051","LIME TRT (EXST MATL / SUBGRADE) (TY 51)","2024/2014","SY",5.7,5.36,5.36,2.6,360.4,25000,142500,"200 Subgrade & Base"
"0260-6052","LIME TRT (EXST MATL / SUBGRADE) (TY 52)","2024/2014","TON",5.95,5.77,5.59,2.65,370.6,26570,158091.5,"200 Subgrade & Base"
"0260-6053","LIME TRT (EXST MATL / SUBGRADE) (TY 53)","2024/2014","SY",6.2,6.2,5.83,2.5,380.8,28140,174468,"200 Subgrade & Base"
"0260-6054","LIME TRT (EXST MATL / SUBGRADE) (TY 54)","2024/2014","TON",6.45,6.64,6.06,2.55,391,29710,191629.5,"200 Subgrade & Base"
"0260-6055","LIME TRT (EXST MATL / SUBGRADE) (TY 55)","2024/2014","SY",6.7,7.1,6.3,2.6,340,20480,137216,"200 Subgrade & Base"
"0260-6056","LIME TRT (EXST MATL / SUBGRADE) (TY 56)","2024/2014","TON",6.94,6.52,6.52,2.65,350.2,22050,153027,"200 Subgrade & Base"
"0260-6057","LIME TRT (EXST MATL / SUBGRADE) (TY 57)","2024/2014","SY",5.46,5.3,5.13,2.5,360.4,23620,128965.2,"200 Subgrade & Base"
"0260-6058","LIME TRT (EXST MATL / SUBGRADE) (TY 58)","2024/2014","TON",5.7,5.7,5.36,2.55,370.6,25190,143583,"200 Subgrade & Base"
"0260-6059","LIME TRT (EXST MATL / SUBGRADE) (TY 59)","2024/2014","SY",5.95,6.13,5.59,2.6,380.8,26760,159222,"200 Subgrade & Base"
"0260-6060","LIME TRT (EXST MATL / SUBGRADE) (TY 60)","2024/2014","TON",6.2,6.57,5.83,2.65,391,28330,175646,"200 Subgrade & Base"
"0260-6061","LIME TRT (EXST MATL / SUBGRADE) (TY 61)","2024/2014","SY",6.45,6.06,6.06,2.5,340,29900,192855,"200 Subgrade & Base"
"0260-6062","LIME TRT (EXST MATL / SUBGRADE) (TY 62)","2024/2014","TON",6.7,6.5,6.3,2.55,350.2,31470,210849,"200 Subgrade & Base"
"0260-6063","LIME TRT (EXST MATL / SUBGRADE) (TY 63)","2024/2014","SY",6.94,6.94,6.52,2.6,360.4,33040,229297.6,"200 Subgrade & Base"
"0260-6064","LIME TRT (EXST MATL / SUBGRADE) (TY 64)","2024/2014","TON",5.46,5.62,5.13,2.65,370.6,23810,130002.6,"200 Subgrade & Base"
"0260-6065","LIME TRT (EXST MATL / SUBGRADE) (TY 65)","2024/2014","SY",5.7,6.04,5.36,2.5,380.8,25380,144666,"200 Subgrade & Base"
"0260-6066","LIME TRT (EXST MATL / SUBGRADE) (TY 66)","2024/2014","TON",5.95,5.59,5.59,2.55,391,26950,160352.5,"200 Subgrade & Base"
"0260-6067","LIME TRT (EXST MATL / SUBGRADE) (TY 67)","2024/2014","SY",6.2,6.01,5.83,2.6,340,28520,176824,"200 Subgrade & Base"
"0260-6068","LIME TRT (EXST MATL / SUBGRADE) (TY 68)","2024/2014","TON",6.45,6.45,6.06,2.65,350.2,30090,194080.5,"200 Subgrade & Base"
"0260-6069","LIME TRT (EXST MATL / SUBGRADE) (TY 69)","2024/2014","SY",6.7,6.9,6.3,2.5,360.4,31660,212122,"200 Subgrade & Base"
"0260-6070","LIME TRT (EXST MATL / SUBGRADE) (TY 70)","2024/2014","TON",6.94,7.36,6.52,2.55,370.6,33230,230616.2,"200 Subgrade & Base"
"0260-6071","LIME TRT (EXST MATL / SUBGRADE) (TY 71)","2024/2014","SY",5.46,5.13,5.13,2.6,380.8,34800,190008,"200 Subgrade & Base"
"0260-6072","LIME TRT (EXST MATL / SUBGRADE) (TY 72)","2024/2014","TON",5.7,5.53,5.36,2.65,391,36370,207309,"200 Subgrade & Base"
"0260-6073","LIME TRT (EXST MATL / SUBGRADE) (TY 73)","2024/2014","SY",5.95,5.95,5.59,2.5,340,27140,161483,"200 Subgrade & Base"
"0260-6074","LIME TRT (EXST MATL / SUBGRADE) (TY 74)","2024/2014","TON",6.2,6.39,5.83,2.55,350.2,28710,178002,"200 Subgrade & Base"
"0260-6075","LIME TRT (EXST MATL / SUBGRADE) (TY 75)","2024/2014","SY",6.45,6.84,6.06,2.6,360.4,30280,195306,"200 Subgrade & Base"
"0260-6076","LIME TRT (EXST MATL / SUBGRADE) (TY 76)","2024/2014","TON",6.7,6.3,6.3,2.65,370.6,31850,213395,"200 Subgrade & Base"
"0260-6077","LIME TRT (EXST MATL / SUBGRADE) (TY 77)","2024/2014","SY",6.94,6.73,6.52,2.5,380.8,33420,231934.8,"200 Subgrade & Base"
"0260-6078","LIME TRT (EXST MATL / SUBGRADE) (TY 78)","2024/2014","TON",5.46,5.46,5.13,2.55,391,34990,191045.4,"200 Subgrade & Base"
"0260-6079","LIME TRT (EXST MATL / SUBGRADE) (TY 79)","2024/2014","SY",5.7,5.87,5.36,2.6,340,36560,208392,"200 Subgrade & Base"
"0260-6080","LIME TRT (EXST MATL / SUBGRADE) (TY 80)","2024/2014","TON",5.95,6.31,5.59,2.65,350.2,38130,226873.5,"200 Subgrade & Base"
"0260-6081","LIME TRT (EXST MATL / SUBGRADE) (TY 81)","2024/2014","SY",6.2,5.83,5.83,2.5,360.4,39700,246140,"200 Subgrade & Base"
"0260-6082","LIME TRT (EXST MATL / SUBGRADE) (TY 82)","2024/2014","TON",6.45,6.26,6.06,2.55,370.6,30470,196531.5,"200 Subgrade & Base"
"0260-6083","LIME TRT (EXST MATL / SUBGRADE) (TY 83)","2024/2014","SY",6.7,6.7,6.3,2.6,380.8,32040,214668,"200 Subgrade & Base"
"0260-6084","LIME TRT (EXST MATL / SUBGRADE) (TY 84)","2024/2014","TON",6.94,7.15,6.52,2.65,391,33610,233253.4,"200 Subgrade & Base"
"0260-6085","LIME TRT (EXST MATL / SUBGRADE) (TY 85)","2024/2014","SY",5.46,5.79,5.13,2.5,340,35180,192082.8,"200 Subgrade & Base"
"0260-6086","LIME TRT (EXST MATL / SUBGRADE) (TY 86)","2024/2014","TON",5.7,5.36,5.36,2.55,350.2,36750,209475,"200 Subgrade & Base"
"0260-6087","LIME TRT (EXST MATL / SUBGRADE) (TY 87)","2024/2014","SY",5.95,5.77,5.59,2.6,360.4,38320,228004,"200 Subgrade & Base"
"0260-6088","LIME TRT (EXST MATL / SUBGRADE) (TY 88)","2024/2014","TON",6.2,6.2,5.83,2.65,370.6,39890,247318,"200 Subgrade & Base"
"0260-6089","LIME TRT (EXST MATL / SUBGRADE) (TY 89)","2024/2014","SY",6.45,6.64,6.06,2.5,380.8,41460,267417,"200 Subgrade & Base"
"0260-6090","LIME TRT (EXST MATL / SUBGRADE) (TY 90)","2024/2014","TON",6.7,7.1,6.3,2.55,391,43030,288301,"200 Subgrade & Base"
"0275-6001","CEMENT STAB BASE (TY 1)","2024/2014","SY",6.6,6.2,6.2,3,260,500,3300,"200 Subgrade & Base"
"0275-6002","CEMENT STAB BASE (TY 2)","2024/2014","TON",6.9,6.69,6.49,3.06,267.8,2070,14283,"200 Subgrade & Base"
"0275-6003","CEMENT STAB BASE (TY 3)","2024/2014","SY",7.2,7.2,6.77,3.12,275.6,3640,26208,"200 Subgrade & Base"
"0275-6004","CEMENT STAB BASE (TY 4)","2024/2014","TON",7.5,7.72,7.05,3.18,283.4,5210,39075,"200 Subgrade & Base"
"0275-6005","CEMENT STAB BASE (TY 5)","2024/2014","SY",7.8,8.27,7.33,3,291.2,6780,52884,"200 Subgrade & Base"
"0275-6006","CEMENT STAB BASE (TY 6)","2024/2014","TON",8.1,7.61,7.61,3.06,299,8350,67635,"200 Subgrade & Base"
"0275-6007","CEMENT STAB BASE (TY 7)","2024/2014","SY",8.4,8.15,7.9,3.12,260,9920,83328,"200 Subgrade & Base"
"0275-6008","CEMENT STAB BASE (TY 8)","2024/2014","TON",6.6,6.6,6.2,3.18,267.8,11490,75834,"200 Subgrade & Base"
"0275-6009","CEMENT STAB BASE (TY 9)","2024/2014","SY",6.9,7.11,6.49,3,275.6,13060,90114,"200 Subgrade & Base"
"0275-6010","CEMENT STAB BASE (TY 10)","2024/2014","TON",7.2,7.63,6.77,3.06,283.4,3830,27576,"200 Subgrade & Base"
"0275-6011","CEMENT STAB BASE (TY 11)","2024/2014","SY",7.5,7.05,7.05,3.12,291.2,5400,40500,"200 Subgrade & Base"
"0275-6012","CEMENT STAB BASE (TY 12)","2024/2014","TON",7.8,7.57,7.33,3.18,299,6970,54366,"200 Subgrade & Base"
"0275-6013","CEMENT STAB BASE (TY 13)","2024/2014","SY",8.1,8.1,7.61,3,260,8540,69174,"200 Subgrade & Base"
"0275-6014","CEMENT STAB BASE (TY 14)","2024/2014","TON",8.4,8.65,7.9,3.06,267.8,10110,84924,"200 Subgrade & Base"
"0275-6015","CEMENT STAB BASE (TY 15)","2024/2014","SY",6.6,7,6.2,3.12,275.6,11680,77088,"200 Subgrade & Base"
"0275-6016","CEMENT STAB BASE (TY 16)","2024/2014","TON",6.9,6.49,6.49,3.18,283.4,13250,91425,"200 Subgrade & Base"
"0275-6017","CEMENT STAB BASE (TY 17)","2024/2014","SY",7.2,6.98,6.77,3,291.2,14820,106704,"200 Subgrade & Base"
"0275-6018","CEMENT STAB BASE (TY 18)","2024/2014","TON",7.5,7.5,7.05,3.06,299,16390,122925,"200 Subgrade & Base"
"0275-6019","CEMENT STAB BASE (TY 19)","2024/2014","SY",7.8,8.03,7.33,3.12,260,7160,55848,"200 Subgrade & Base"
"0275-6020","CEMENT STAB BASE (TY 20)","2024/2014","TON",8.1,8.59,7.61,3.18,267.8,8730,70713,"200 Subgrade & Base"
"0275-6021","CEMENT STAB BASE (TY 21)","2024/2014","SY",8.4,7.9,7.9,3,275.6,10300,86520,"200 Subgrade & Base"
"0275-6022","CEMENT STAB BASE (TY 22)","2024/2014","TON",6.6,6.4,6.2,3.06,283.4,11870,78342,"200 Subgrade & Base"
"0275-6023","CEMENT STAB BASE (TY 23)","2024/2014","SY",6.9,6.9,6.49,3.12,291.2,13440,92736,"200 Subgrade & Base"
"0275-6024","CEMENT STAB BASE (TY 24)","2024/2014","TON",7.2,7.42,6.77,3.18,299,15010,108072,"200 Subgrade & Base"
"0275-6025","CEMENT STAB BASE (TY 25)","2024/2014","SY",7.5,7.95,7.05,3,260,16580,124350,"200 Subgrade & Base"
"0275-6026","CEMENT STAB BASE (TY 26)","2024/2014","TON",7.8,7.33,7.33,3.06,267.8,18150,141570,"200 Subgrade & Base"
"0275-6027","CEMENT STAB BASE (TY 27)","2024/2014","SY",8.1,7.86,7.61,3.12,275.6,19720,159732,"200 Subgrade & Base"
"0275-6028","CEMENT STAB BASE (TY 28)","2024/2014","TON",8.4,8.4,7.9,3.18,283.4,10490,88116,"200 Subgrade & Base"
"0275-6029","CEMENT STAB BASE (TY 29)","2024/2014","SY",6.6,6.8,6.2,3,291.2,12060,79596,"200 Subgrade & Base"
"0275-6030","CEMENT STAB BASE (TY 30)","2024/2014","TON",6.9,7.31,6.49,3.06,299,13630,94047,"200 Subgrade & Base"
"0275-6031","CEMENT STAB BASE (TY 31)","2024/2014","SY",7.2,6.77,6.77,3.12,260,15200,109440,"200 Subgrade & Base"
"0275-6032","CEMENT STAB BASE (TY 32)","2024/2014","TON",7.5,7.28,7.05,3.18,267.8,16770,125775,"200 Subgrade & Base"
"0275-6033","CEMENT STAB BASE (TY 33)","2024/2014","SY",7.8,7.8,7.33,3,275.6,18340,143052,"200 Subgrade & Base"
"0275-6034","CEMENT STAB BASE (TY 34)","2024/2014","TON",8.1,8.34,7.61,3.06,283.4,19910,161271,"200 Subgrade & Base"
"0275-6035","CEMENT STAB BASE (TY 35)","2024/2014","SY",8.4,8.9,7.9,3.12,291.2,21480,180432,"200 Subgrade & Base"
"0275-6036","CEMENT STAB BASE (TY 36)","2024/2014","TON",6.6,6.2,6.2,3.18,299,23050,152130,"200 Subgrade & Base"
"0275-6037","CEMENT STAB BASE (TY 37)","2024/2014","SY",6.9,6.69,6.49,3,260,13820,95358,"200 Subgrade & Base"
"0275-6038","CEMENT STAB BASE (TY 38)","2024/2014","TON",7.2,7.2,6.77,3.06,267.8,15390,110808,"200 Subgrade & Base"
"0275-6039","CEMENT STAB BASE (TY 39)","2024/2014","SY",7.5,7.72,7.05,3.12,275.6,16960,127200,"200 Subgrade & Base"
"0275-6040","CEMENT STAB BASE (TY 40)","2024/2014","TON",7.8,8.27,7.33,3.18,283.4,18530,144534,"200 Subgrade & Base"
"0275-6041","CEMENT STAB BASE (TY 41)","2024/2014","SY",8.1,7.61,7.61,3,291.2,20100,162810,"200 Subgrade & Base"
"0275-6042","CEMENT STAB BASE (TY 42)","2024/2014","TON",8.4,8.15,7.9,3.06,299,21670,182028,"200 Subgrade & Base"
"0275-6043","CEMENT STAB BASE (TY 43)","2024/2014","SY",6.6,6.6,6.2,3.12,260,23240,153384,"200 Subgrade & Base"
"0275-6044","CEMENT STAB BASE (TY 44)","2024/2014","TON",6.9,7.11,6.49,3.18,267.8,24810,171189,"200 Subgrade & Base"
"0275-6045","CEMENT STAB BASE (TY 45)","2024/2014","SY",7.2,7.63,6.77,3,275.6,26380,189936,"200 Subgrade & Base"
"0275-6046","CEMENT STAB BASE (TY 46)","2024/2014","TON",7.5,7.05,7.05,3.06,283.4,17150,128625,"200 Subgrade & Base"
"0275-6047","CEMENT STAB BASE (TY 47)","2024/2014","SY",7.8,7.57,7.33,3.12,291.2,18720,146016,"200 Subgrade & Base"
"0275-6048","CEMENT STAB BASE (TY 48)","2024/2014","TON",8.1,8.1,7.61,3.18,299,20290,164349,"200 Subgrade & Base"
"0275-6049","CEMENT STAB BASE (TY 49)","2024/2014","SY",8.4,8.65,7.9,3,260,21860,183624,"200 Subgrade & Base"
"0275-6050","CEMENT STAB BASE (TY 50)","2024/2014","TON",6.6,7,6.2,3.06,267.8,23430,154638,"200 Subgrade & Base"
"0275-6051","CEMENT STAB BASE (TY 51)","2024/2014","SY",6.9,6.49,6.49,3.12,275.6,25000,172500,"200 Subgrade & Base"
"0275-6052","CEMENT STAB BASE (TY 52)","2024/2014","TON",7.2,6.98,6.77,3.18,283.4,26570,191304,"200 Subgrade & Base"
"0275-6053","CEMENT STAB BASE (TY 53)","2024/2014","SY",7.5,7.5,7.05,3,291.2,28140,211050,"200 Subgrade & Base"
"0275-6054","CEMENT STAB BASE (TY 54)","2024/2014","TON",7.8,8.03,7.33,3.06,299,29710,231738,"200 Subgrade & Base"
"0275-6055","CEMENT STAB BASE (TY 55)","2024/2014","SY",8.1,8.59,7.61,3.12,260,20480,165888,"200 Subgrade & Base"
"0275-6056","CEMENT STAB BASE (TY 56)","2024/2014","TON",8.4,7.9,7.9,3.18,267.8,22050,185220,"200 Subgrade & Base"
"0275-6057","CEMENT STAB BASE (TY 57)","2024/2014","SY",6.6,6.4,6.2,3,275.6,23620,155892,"200 Subgrade & Base"
"0275-6058","CEMENT STAB BASE (TY 58)","2024/2014","TON",6.9,6.9,6.49,3.06,283.4,25190,173811,"200 Subgrade & Base"
"0275-6059","CEMENT STAB BASE (TY 59)","2024/2014","SY",7.2,7.42,6.77,3.12,291.2,26760,192672,"200 Subgrade & Base"
"0275-6060","CEMENT STAB BASE (TY 60)","2024/2014","TON",7.5,7.95,7.05,3.18,299,28330,212475,"200 Subgrade & Base"
"0275-6061","CEMENT STAB BASE (TY 61)","2024/2014","SY",7.8,7.33,7.33,3,260,29900,233220,"200 Subgrade & Base"
"0275-6062","CEMENT STAB BASE (TY 62)","2024/2014","TON",8.1,7.86,7.61,3.06,267.8,31470,254907,"200 Subgrade & Base"
"0275-6063","CEMENT STAB BASE (TY 63)","2024/2014","SY",8.4,8.4,7.9,3.12,275.6,33040,277536,"200 Subgrade & Base"
"0275-6064","CEMENT STAB BASE (TY 64)","2024/2014","TON",6.6,6.8,6.2,3.18,283.4,23810,157146,"200 Subgrade & Base"
"0275-6065","CEMENT STAB BASE (TY 65)","2024/2014","SY",6.9,7.31,6.49,3,291.2,25380,175122,"200 Subgrade & Base"
"0275-6066","CEMENT STAB BASE (TY 66)","2024/2014","TON",7.2,6.77,6.77,3.06,299,26950,194040,"200 Subgrade & Base"
"0275-6067","CEMENT STAB BASE (TY 67)","2024/2014","SY",7.5,7.28,7.05,3.12,260,28520,213900,"200 Subgrade & Base"
"0275-6068","CEMENT STAB BASE (TY 68)","2024/2014","TON",7.8,7.8,7.33,3.18,267.8,30090,234702,"200 Subgrade & Base"
"0275-6069","CEMENT STAB BASE (TY 69)","2024/2014","SY",8.1,8.34,7.61,3,275.6,31660,256446,"200 Subgrade & Base"
"0275-6070","CEMENT STAB BASE (TY 70)","2024/2014","TON",8.4,8.9,7.9,3.06,283.4,33230,279132,"200 Subgrade & Base"
"0275-6071","CEMENT STAB BASE (TY 71)","2024/2014","SY",6.6,6.2,6.2,3.12,291.2,34800,229680,"200 Subgrade & Base"
"0275-6072","CEMENT STAB BASE (TY 72)","2024/2014","TON",6.9,6.69,6.49,3.18,299,36370,250953,"200 Subgrade & Base"
"0275-6073","CEMENT STAB BASE (TY 73)","2024/2014","SY",7.2,7.2,6.77,3,260,27140,195408,"200 Subgrade & Base"
"0275-6074","CEMENT STAB BASE (TY 74)","2024/2014","TON",7.5,7.72,7.05,3.06,267.8,28710,215325,"200 Subgrade & Base"
"0275-6075","CEMENT STAB BASE (TY 75)","2024/2014","SY",7.8,8.27,7.33,3.12,275.6,30280,236184,"200 Subgrade & Base"
"0275-6076","CEMENT STAB BASE (TY 76)","2024/2014","TON",8.1,7.61,7.61,3.18,283.4,31850,257985,"200 Subgrade & Base"
"0275-6077","CEMENT STAB BASE (TY 77)","2024/2014","SY",8.4,8.15,7.9,3,291.2,33420,280728,"200 Subgrade & Base"
"0275-6078","CEMENT STAB BASE (TY 78)","2024/2014","TON",6.6,6.6,6.2,3.06,299,34990,230934,"200 Subgrade & Base"
"0275-6079","CEMENT STAB BASE (TY 79)","2024/2014","SY",6.9,7.11,6.49,3.12,260,36560,252264,"200 Subgrade & Base"
"0275-6080","CEMENT STAB BASE (TY 80)","2024/2014","TON",7.2,7.63,6.77,3.18,267.8,38130,274536,"200 Subgrade & Base"
"0275-6081","CEMENT STAB BASE (TY 81)","2024/2014","SY",7.5,7.05,7.05,3,275.6,39700,297750,"200 Subgrade & Base"
"0275-6082","CEMENT STAB BASE (TY 82)","2024/2014","TON",7.8,7.57,7.33,3.06,283.4,30470,237666,"200 Subgrade & Base"
"0275-6083","CEMENT STAB BASE (TY 83)","2024/2014","SY",8.1,8.1,7.61,3.12,291.2,32040,259524,"200 Subgrade & Base"
"0275-6084","CEMENT STAB BASE (TY 84)","2024/2014","TON",8.4,8.65,7.9,3.18,299,33610,282324,"200 Subgrade & Base"
"0275-6085","CEMENT STAB BASE (TY 85)","2024/2014","SY",6.6,7,6.2,3,260,35180,232188,"200 Subgrade & Base"
"0276-6001","CEMENT TREATMENT (PLANT-MIXED) (TY 1)","2024/2014","SY",12.76,11.99,11.99,6.5,145,500,6380,"200 Subgrade & Base"
"0276-6002","CEMENT TREATMENT (PLANT-MIXED) (TY 2)","2024/2014","TON",13.34,12.94,12.54,6.63,149.35,2070,27613.8,"200 Subgrade & Base"
"0276-6003","CEMENT TREATMENT (PLANT-MIXED) (TY 3)","2024/2014","SY",13.92,13.92,13.08,6.76,153.7,3640,50668.8,"200 Subgrade & Base"
"0276-6004","CEMENT TREATMENT (PLANT-MIXED) (TY 4)","2024/2014","TON",14.5,14.94,13.63,6.89,158.05,5210,75545,"200 Subgrade & Base"
"0276-6005","CEMENT TREATMENT (PLANT-MIXED) (TY 5)","2024/2014","SY",15.08,15.98,14.18,6.5,162.4,6780,102242.4,"200 Subgrade & Base"
"0276-6006","CEMENT TREATMENT (PLANT-MIXED) (TY 6)","2024/2014","TON",15.66,14.72,14.72,6.63,166.75,8350,130761,"200 Subgrade & Base"
"0276-6007","CEMENT TREATMENT (PLANT-MIXED) (TY 7)","2024/2014","SY",16.24,15.75,15.27,6.76,145,9920,161100.8,"200 Subgrade & Base"
"0276-6008","CEMENT TREATMENT (PLANT-MIXED) (TY 8)","2024/2014","TON",12.76,12.76,11.99,6.89,149.35,11490,146612.4,"200 Subgrade & Base"
"0276-6009","CEMENT TREATMENT (PLANT-MIXED) (TY 9)","2024/2014","SY",13.34,13.74,12.54,6.5,153.7,13060,174220.4,"200 Subgrade & Base"
"0276-6010","CEMENT TREATMENT (PLANT-MIXED) (TY 10)","2024/2014","TON",13.92,14.76,13.08,6.63,158.05,3830,53313.6,"200 Subgrade & Base"
"0276-6011","CEMENT TREATMENT (PLANT-MIXED) (TY 11)","2024/2014","SY",14.5,13.63,13.63,6.76,162.4,5400,78300,"200 Subgrade & Base"
"0276-6012","CEMENT TREATMENT (PLANT-MIXED) (TY 12)","2024/2014","TON",15.08,14.63,14.18,6.89,166.75,6970,105107.6,"200 Subgrade & Base"
"0276-6013","CEMENT TREATMENT (PLANT-MIXED) (TY 13)","2024/2014","SY",15.66,15.66,14.72,6.5,145,8540,133736.4,"200 Subgrade & Base"
"0276-6014","CEMENT TREATMENT (PLANT-MIXED) (TY 14)","2024/2014","TON",16.24,16.73,15.27,6.63,149.35,10110,164186.4,"200 Subgrade & Base"
"0276-6015","CEMENT TREATMENT (PLANT-MIXED) (TY 15)","2024/2014","SY",12.76,13.53,11.99,6.76,153.7,11680,149036.8,"200 Subgrade & Base"
"0276-6016","CEMENT TREATMENT (PLANT-MIXED) (TY 16)","2024/2014","TON",13.34,12.54,12.54,6.89,158.05,13250,176755,"200 Subgrade & Base"
"0276-6017","CEMENT TREATMENT (PLANT-MIXED) (TY 17)","2024/2014","SY",13.92,13.5,13.08,6.5,162.4,14820,206294.4,"200 Subgrade & Base"
"0276-6018","CEMENT TREATMENT (PLANT-MIXED) (TY 18)","2024/2014","TON",14.5,14.5,13.63,6.63,166.75,16390,237655,"200 Subgrade & Base"
"0276-6019","CEMENT TREATMENT (PLANT-MIXED) (TY 19)","2024/2014","SY",15.08,15.53,14.18,6.76,145,7160,107972.8,"200 Subgrade & Base"
"0276-6020","CEMENT TREATMENT (PLANT-MIXED) (TY 20)","2024/2014","TON",15.66,16.6,14.72,6.89,149.35,8730,136711.8,"200 Subgrade & Base"
"0276-6021","CEMENT TREATMENT (PLANT-MIXED) (TY 21)","2024/2014","SY",16.24,15.27,15.27,6.5,153.7,10300,167272,"200 Subgrade & Base"
"0276-6022","CEMENT TREATMENT (PLANT-MIXED) (TY 22)","2024/2014","TON",12.76,12.38,11.99,6.63,158.05,11870,151461.2,"200 Subgrade & Base"
"0276-6023","CEMENT TREATMENT (PLANT-MIXED) (TY 23)","2024/2014","SY",13.34,13.34,12.54,6.76,162.4,13440,179289.6,"200 Subgrade & Base"
"0276-6024","CEMENT TREATMENT (PLANT-MIXED) (TY 24)","2024/2014","TON",13.92,14.34,13.08,6.89,166.75,15010,208939.2,"200 Subgrade & Base"
"0276-6025","CEMENT TREATMENT (PLANT-MIXED) (TY 25)","2024/2014","SY",14.5,15.37,13.63,6.5,145,16580,240410,"200 Subgrade & Base"
"0276-6026","CEMENT TREATMENT (PLANT-MIXED) (TY 26)","2024/2014","TON",15.08,14.18,14.18,6.63,149.35,18150,273702,"200 Subgrade & Base"
"0276-6027","CEMENT TREATMENT (PLANT-MIXED) (TY 27)","2024/2014","SY",15.66,15.19,14.72,6.76,153.7,19720,308815.2,"200 Subgrade & Base"
"0276-6028","CEMENT TREATMENT (PLANT-MIXED) (TY 28)","2024/2014","TON",16.24,16.24,15.27,6.89,158.05,10490,170357.6,"200 Subgrade & Base"
"0276-6029","CEMENT TREATMENT (PLANT-MIXED) (TY 29)","2024/2014","SY",12.76,13.14,11.99,6.5,162.4,12060,153885.6,"200 Subgrade & Base"
"0276-6030","CEMENT TREATMENT (PLANT-MIXED) (TY 30)","2024/2014","TON",13.34,14.14,12.54,6.63,166.75,13630,181824.2,"200 Subgrade & Base"
"0276-6031","CEMENT TREATMENT (PLANT-MIXED) (TY 31)","2024/2014","SY",13.92,13.08,13.08,6.76,145,15200,211584,"200 Subgrade & Base"
"0276-6032","CEMENT TREATMENT (PLANT-MIXED) (TY 32)","2024/2014","TON",14.5,14.06,13.63,6.89,149.35,16770,243165,"200 Subgrade & Base"
"0276-6033","CEMENT TREATMENT (PLANT-MIXED) (TY 33)","2024/2014","SY",15.08,15.08,14.18,6.5,153.7,18340,276567.2,"200 Subgrade & Base"
"0276-6034","CEMENT TREATMENT (PLANT-MIXED) (TY 34)","2024/2014","TON",15.66,16.13,14.72,6.63,158.05,19910,311790.6,"200 Subgrade & Base"
"0276-6035","CEMENT TREATMENT (PLANT-MIXED) (TY 35)","2024/2014","SY",16.24,17.21,15.27,6.76,162.4,21480,348835.2,"200 Subgrade & Base"
"0276-6036","CEMENT TREATMENT (PLANT-MIXED) (TY 36)","2024/2014","TON",12.76,11.99,11.99,6.89,166.75,23050,294118,"200 Subgrade & Base"
"0276-6037","CEMENT TREATMENT (PLANT-MIXED) (TY 37)","2024/2014","SY",13.34,12.94,12.54,6.5,145,13820,184358.8,"200 Subgrade & Base"
"0276-6038","CEMENT TREATMENT (PLANT-MIXED) (TY 38)","2024/2014","TON",13.92,13.92,13.08,6.63,149.35,15390,214228.8,"200 Subgrade & Base"
"0276-6039","CEMENT TREATMENT (PLANT-MIXED) (TY 39)","2024/2014","SY",14.5,14.94,13.63,6.76,153.7,16960,245920,"200 Subgrade & Base"
"0276-6040","CEMENT TREATMENT (PLANT-MIXED) (TY 40)","2024/2014","TON",15.08,15.98,14.18,6.89,158.05,18530,279432.4,"200 Subgrade & Base"
"0276-6041","CEMENT TREATMENT (PLANT-MIXED) (TY 41)","2024/2014","SY",15.66,14.72,14.72,6.5,162.4,20100,314766,"200 Subgrade & Base"
"0276-6042","CEMENT TREATMENT (PLANT-MIXED) (TY 42)","2024/2014","TON",16.24,15.75,15.27,6.63,166.75,21670,351920.8,"200 Subgrade & Base"
"0276-6043","CEMENT TREATMENT (PLANT-MIXED) (TY 43)","2024/2014","SY",12.76,12.76,11.99,6.76,145,23240,296542.4,"200 Subgrade & Base"
"0276-6044","CEMENT TREATMENT (PLANT-MIXED) (TY 44)","2024/2014","TON",13.34,13.74,12.54,6.89,149.35,24810,330965.4,"200 Subgrade & Base"
"0276-6045","CEMENT TREATMENT (PLANT-MIXED) (TY 45)","2024/2014","SY",13.92,14.76,13.08,6.5,153.7,26380,367209.6,"200 Subgrade & Base"
"0292-6001","ASPHALT STAB BASE (TY 1)","2024/2014","TON",80.96,76.1,76.1,62,155,500,40480,"200 Subgrade & Base"
"0292-6002","ASPHALT STAB BASE (TY 2)","2024/2014","TON",84.64,82.1,79.56,63.24,159.65,2070,175204.8,"200 Subgrade & Base"
"0292-6003","ASPHALT STAB BASE (TY 3)","2024/2014","TON",88.32,88.32,83.02,64.48,164.3,3640,321484.8,"200 Subgrade & Base"
"0292-6004","ASPHALT STAB BASE (TY 4)","2024/2014","TON",92,94.76,86.48,65.72,168.95,5210,479320,"200 Subgrade & Base"
"0292-6005","ASPHALT STAB BASE (TY 5)","2024/2014","TON",95.68,101.42,89.94,62,173.6,6780,648710.4,"200 Subgrade & Base"
"0292-6006","ASPHALT STAB BASE (TY 6)","2024/2014","TON",99.36,93.4,93.4,63.24,178.25,8350,829656,"200 Subgrade & Base"
"0292-6007","ASPHALT STAB BASE (TY 7)","2024/2014","TON",103.04,99.95,96.86,64.48,155,9920,1022156.8,"200 Subgrade & Base"
"0292-6008","ASPHALT STAB BASE (TY 8)","2024/2014","TON",80.96,80.96,76.1,65.72,159.65,11490,930230.4,"200 Subgrade & Base"
"0292-6009","ASPHALT STAB BASE (TY 9)","2024/2014","TON",84.64,87.18,79.56,62,164.3,13060,1105398.4,"200 Subgrade & Base"
"0292-6010","ASPHALT STAB BASE (TY 10)","2024/2014","TON",88.32,93.62,83.02,63.24,168.95,3830,338265.6,"200 Subgrade & Base"
"0292-6011","ASPHALT STAB BASE (TY 11)","2024/2014","TON",92,86.48,86.48,64.48,173.6,5400,496800,"200 Subgrade & Base"
"0292-6012","ASPHALT STAB BASE (TY 12)","2024/2014","TON",95.68,92.81,89.94,65.72,178.25,6970,666889.6,"200 Subgrade & Base"
"0292-6013","ASPHALT STAB BASE (TY 13)","2024/2014","TON",99.36,99.36,93.4,62,155,8540,848534.4,"200 Subgrade & Base"
"0292-6014","ASPHALT STAB BASE (TY 14)","2024/2014","TON",103.04,106.13,96.86,63.24,159.65,10110,1041734.4,"200 Subgrade & Base"
"0292-6015","ASPHALT STAB BASE (TY 15)","2024/2014","TON",80.96,85.82,76.1,64.48,164.3,11680,945612.8,"200 Subgrade & Base"
"0292-6016","ASPHALT STAB BASE (TY 16)","2024/2014","TON",84.64,79.56,79.56,65.72,168.95,13250,1121480,"200 Subgrade & Base"
"0292-6017","ASPHALT STAB BASE (TY 17)","2024/2014","TON",88.32,85.67,83.02,62,173.6,14820,1308902.4,"200 Subgrade & Base"
"0292-6018","ASPHALT STAB BASE (TY 18)","2024/2014","TON",92,92,86.48,63.24,178.25,16390,1507880,"200 Subgrade & Base"
"0292-6019","ASPHALT STAB BASE (TY 19)","2024/2014","TON",95.68,98.55,89.94,64.48,155,7160,685068.8,"200 Subgrade & Base"
"0292-6020","ASPHALT STAB BASE (TY 20)","2024/2014","TON",99.36,105.32,93.4,65.72,159.65,8730,867412.8,"200 Subgrade & Base"
"0292-6021","ASPHALT STAB BASE (TY 21)","2024/2014","TON",103.04,96.86,96.86,62,164.3,10300,1061312,"200 Subgrade & Base"
"0292-6022","ASPHALT STAB BASE (TY 22)","2024/2014","TON",80.96,78.53,76.1,63.24,168.95,11870,960995.2,"200 Subgrade & Base"
"0292-6023","ASPHALT STAB BASE (TY 23)","2024/2014","TON",84.64,84.64,79.56,64.48,173.6,13440,1137561.6,"200 Subgrade & Base"
"0292-6024","ASPHALT STAB BASE (TY 24)","2024/2014","TON",88.32,90.97,83.02,65.72,178.25,15010,1325683.2,"200 Subgrade & Base"
"0292-6025","ASPHALT STAB BASE (TY 25)","2024/2014","TON",92,97.52,86.48,62,155,16580,1525360,"200 Subgrade & Base"
"0292-6026","ASPHALT STAB BASE (TY 26)","2024/2014","TON",95.68,89.94,89.94,63.24,159.65,18150,1736592,"200 Subgrade & Base"
"0292-6027","ASPHALT STAB BASE (TY 27)","2024/2014","TON",99.36,96.38,93.4,64.48,164.3,19720,1959379.2,"200 Subgrade & Base"
"0292-6028","ASPHALT STAB BASE (TY 28)","2024/2014","TON",103.04,103.04,96.86,65.72,168.95,10490,1080889.6,"200 Subgrade & Base"
"0292-6029","ASPHALT STAB BASE (TY 29)","2024/2014","TON",80.96,83.39,76.1,62,173.6,12060,976377.6,"200 Subgrade & Base"
"0292-6030","ASPHALT STAB BASE (TY 30)","2024/2014","TON",84.64,89.72,79.56,63.24,178.25,13630,1153643.2,"200 Subgrade & Base"
"0292-6031","ASPHALT STAB BASE (TY 31)","2024/2014","TON",88.32,83.02,83.02,64.48,155,15200,1342464,"200 Subgrade & Base"
"0292-6032","ASPHALT STAB BASE (TY 32)","2024/2014","TON",92,89.24,86.48,65.72,159.65,16770,1542840,"200 Subgrade & Base"
"0292-6033","ASPHALT STAB BASE (TY 33)","2024/2014","TON",95.68,95.68,89.94,62,164.3,18340,1754771.2,"200 Subgrade & Base"
"0292-6034","ASPHALT STAB BASE (TY 34)","2024/2014","TON",99.36,102.34,93.4,63.24,168.95,19910,1978257.6,"200 Subgrade & Base"
"0292-6035","ASPHALT STAB BASE (TY 35)","2024/2014","TON",103.04,109.22,96.86,64.48,173.6,21480,2213299.2,"200 Subgrade & Base"
"0292-6036","ASPHALT STAB BASE (TY 36)","2024/2014","TON",80.96,76.1,76.1,65.72,178.25,23050,1866128,"200 Subgrade & Base"
"0292-6037","ASPHALT STAB BASE (TY 37)","2024/2014","TON",84.64,82.1,79.56,62,155,13820,1169724.8,"200 Subgrade & Base"
"0292-6038","ASPHALT STAB BASE (TY 38)","2024/2014","TON",88.32,88.32,83.02,63.24,159.65,15390,1359244.8,"200 Subgrade & Base"
"0292-6039","ASPHALT STAB BASE (TY 39)","2024/2014","TON",92,94.76,86.48,64.48,164.3,16960,1560320,"200 Subgrade & Base"
"0292-6040","ASPHALT STAB BASE (TY 40)","2024/2014","TON",95.68,101.42,89.94,65.72,168.95,18530,1772950.4,"200 Subgrade & Base"
"0292-6041","ASPHALT STAB BASE (TY 41)","2024/2014","TON",99.36,93.4,93.4,62,173.6,20100,1997136,"200 Subgrade & Base"
"0292-6042","ASPHALT STAB BASE (TY 42)","2024/2014","TON",103.04,99.95,96.86,63.24,178.25,21670,2232876.8,"200 Subgrade & Base"
"0292-6043","ASPHALT STAB BASE (TY 43)","2024/2014","TON",80.96,80.96,76.1,64.48,155,23240,1881510.4,"200 Subgrade & Base"
"0292-6044","ASPHALT STAB BASE (TY 44)","2024/2014","TON",84.64,87.18,79.56,65.72,159.65,24810,2099918.4,"200 Subgrade & Base"
"0292-6045","ASPHALT STAB BASE (TY 45)","2024/2014","TON",88.32,93.62,83.02,62,164.3,26380,2329881.6,"200 Subgrade & Base"
"0292-6046","ASPHALT STAB BASE (TY 46)","2024/2014","TON",92,86.48,86.48,63.24,168.95,17150,1577800,"200 Subgrade & Base"
"0292-6047","ASPHALT STAB BASE (TY 47)","2024/2014","TON",95.68,92.81,89.94,64.48,173.6,18720,1791129.6,"200 Subgrade & Base"
"0292-6048","ASPHALT STAB BASE (TY 48)","2024/2014","TON",99.36,99.36,93.4,65.72,178.25,20290,2016014.4,"200 Subgrade & Base"
"0292-6049","ASPHALT STAB BASE (TY 49)","2024/2014","TON",103.04,106.13,96.86,62,155,21860,2252454.4,"200 Subgrade & Base"
"0292-6050","ASPHALT STAB BASE (TY 50)","2024/2014","TON",80.96,85.82,76.1,63.24,159.65,23430,1896892.8,"200 Subgrade & Base"
"0310-6001","PRIME COAT (TY 1)","2024/2014","GAL",4.49,4.22,4.22,3.2,9.2,500,2245,"300 Surface Courses"
"0310-6002","PRIME COAT (TY 2)","2024/2014","GAL",4.69,4.55,4.41,3.26,9.48,2070,9708.3,"300 Surface Courses"
"0310-6003","PRIME COAT (TY 3)","2024/2014","GAL",4.9,4.9,4.61,3.33,9.75,3640,17836,"300 Surface Courses"
"0310-6004","PRIME COAT (TY 4)","2024/2014","GAL",5.1,5.25,4.79,3.39,10.03,5210,26571,"300 Surface Courses"
"0310-6005","PRIME COAT (TY 5)","2024/2014","GAL",5.3,5.62,4.98,3.2,10.3,6780,35934,"300 Surface Courses"
"0310-6006","PRIME COAT (TY 6)","2024/2014","GAL",5.51,5.18,5.18,3.26,10.58,8350,46008.5,"300 Surface Courses"
"0310-6007","PRIME COAT (TY 7)","2024/2014","GAL",5.71,5.54,5.37,3.33,9.2,9920,56643.2,"300 Surface Courses"
"0310-6008","PRIME COAT (TY 8)","2024/2014","GAL",4.49,4.49,4.22,3.39,9.48,11490,51590.1,"300 Surface Courses"
"0310-6009","PRIME COAT (TY 9)","2024/2014","GAL",4.69,4.83,4.41,3.2,9.75,13060,61251.4,"300 Surface Courses"
"0310-6010","PRIME COAT (TY 10)","2024/2014","GAL",4.9,5.19,4.61,3.26,10.03,3830,18767,"300 Surface Courses"
"0310-6011","PRIME COAT (TY 11)","2024/2014","GAL",5.1,4.79,4.79,3.33,10.3,5400,27540,"300 Surface Courses"
"0310-6012","PRIME COAT (TY 12)","2024/2014","GAL",5.3,5.14,4.98,3.39,10.58,6970,36941,"300 Surface Courses"
"0310-6013","PRIME COAT (TY 13)","2024/2014","GAL",5.51,5.51,5.18,3.2,9.2,8540,47055.4,"300 Surface Courses"
"0310-6014","PRIME COAT (TY 14)","2024/2014","GAL",5.71,5.88,5.37,3.26,9.48,10110,57728.1,"300 Surface Courses"
"0310-6015","PRIME COAT (TY 15)","2024/2014","GAL",4.49,4.76,4.22,3.33,9.75,11680,52443.2,"300 Surface Courses"
"0310-6016","PRIME COAT (TY 16)","2024/2014","GAL",4.69,4.41,4.41,3.39,10.03,13250,62142.5,"300 Surface Courses"
"0310-6017","PRIME COAT (TY 17)","2024/2014","GAL",4.9,4.75,4.61,3.2,10.3,14820,72618,"300 Surface Courses"
"0310-6018","PRIME COAT (TY 18)","2024/2014","GAL",5.1,5.1,4.79,3.26,10.58,16390,83589,"300 Surface Courses"
"0310-6019","PRIME COAT (TY 19)","2024/2014","GAL",5.3,5.46,4.98,3.33,9.2,7160,37948,"300 Surface Courses"
"0310-6020","PRIME COAT (TY 20)","2024/2014","GAL",5.51,5.84,5.18,3.39,9.48,8730,48102.3,"300 Surface Courses"
"0310-6021","PRIME COAT (TY 21)","2024/2014","GAL",5.71,5.37,5.37,3.2,9.75,10300,58813,"300 Surface Courses"
"0310-6022","PRIME COAT (TY 22)","2024/2014","GAL",4.49,4.36,4.22,3.26,10.03,11870,53296.3,"300 Surface Courses"
"0310-6023","PRIME COAT (TY 23)","2024/2014","GAL",4.69,4.69,4.41,3.33,10.3,13440,63033.6,"300 Surface Courses"
"0310-6024","PRIME COAT (TY 24)","2024/2014","GAL",4.9,5.05,4.61,3.39,10.58,15010,73549,"300 Surface Courses"
"0310-6025","PRIME COAT (TY 25)","2024/2014","GAL",5.1,5.41,4.79,3.2,9.2,16580,84558,"300 Surface Courses"
"0310-6026","PRIME COAT (TY 26)","2024/2014","GAL",5.3,4.98,4.98,3.26,9.48,18150,96195,"300 Surface Courses"
"0310-6027","PRIME COAT (TY 27)","2024/2014","GAL",5.51,5.34,5.18,3.33,9.75,19720,108657.2,"300 Surface Courses"
"0310-6028","PRIME COAT (TY 28)","2024/2014","GAL",5.71,5.71,5.37,3.39,10.03,10490,59897.9,"300 Surface Courses"
"0310-6029","PRIME COAT (TY 29)","2024/2014","GAL",4.49,4.62,4.22,3.2,10.3,12060,54149.4,"300 Surface Courses"
"0310-6030","PRIME COAT (TY 30)","2024/2014","GAL",4.69,4.97,4.41,3.26,10.58,13630,63924.7,"300 Surface Courses"
"0310-6031","PRIME COAT (TY 31)","2024/2014","GAL",4.9,4.61,4.61,3.33,9.2,15200,74480,"300 Surface Courses"
"0310-6032","PRIME COAT (TY 32)","2024/2014","GAL",5.1,4.95,4.79,3.39,9.48,16770,85527,"300 Surface Courses"
"0310-6033","PRIME COAT (TY 33)","2024/2014","GAL",5.3,5.3,4.98,3.2,9.75,18340,97202,"300 Surface Courses"
"0310-6034","PRIME COAT (TY 34)","2024/2014","GAL",5.51,5.68,5.18,3.26,10.03,19910,109704.1,"300 Surface Courses"
"0310-6035","PRIME COAT (TY 35)","2024/2014","GAL",5.71,6.05,5.37,3.33,10.3,21480,122650.8,"300 Surface Courses"
"0316-6001","ASPH & AGGR (SEAL COAT) (TY 1)","2024/2014","GAL",59.84,56.25,56.25,2.9,240,500,29920,"300 Surface Courses"
"0316-6002","ASPH & AGGR (SEAL COAT) (TY 2)","2024/2014","CY",62.56,60.68,58.81,2.96,247.2,2070,129499.2,"300 Surface Courses"
"0316-6003","ASPH & AGGR (SEAL COAT) (TY 3)","2024/2014","GAL",65.28,65.28,61.36,3.02,254.4,3640,237619.2,"300 Surface Courses"
"0316-6004","ASPH & AGGR (SEAL COAT) (TY 4)","2024/2014","CY",68,70.04,63.92,3.07,261.6,5210,354280,"300 Surface Courses"
"0316-6005","ASPH & AGGR (SEAL COAT) (TY 5)","2024/2014","GAL",70.72,74.96,66.48,2.9,268.8,6780,479481.6,"300 Surface Courses"
"0316-6006","ASPH & AGGR (SEAL COAT) (TY 6)","2024/2014","CY",73.44,69.03,69.03,2.96,276,8350,613224,"300 Surface Courses"
"0316-6007","ASPH & AGGR (SEAL COAT) (TY 7)","2024/2014","GAL",76.16,73.88,71.59,3.02,240,9920,755507.2,"300 Surface Courses"
"0316-6008","ASPH & AGGR (SEAL COAT) (TY 8)","2024/2014","CY",59.84,59.84,56.25,3.07,247.2,11490,687561.6,"300 Surface Courses"
"0316-6009","ASPH & AGGR (SEAL COAT) (TY 9)","2024/2014","GAL",62.56,64.44,58.81,2.9,254.4,13060,817033.6,"300 Surface Courses"
"0316-6010","ASPH & AGGR (SEAL COAT) (TY 10)","2024/2014","CY",65.28,69.2,61.36,2.96,261.6,3830,250022.4,"300 Surface Courses"
"0316-6011","ASPH & AGGR (SEAL COAT) (TY 11)","2024/2014","GAL",68,63.92,63.92,3.02,268.8,5400,367200,"300 Surface Courses"
"0316-6012","ASPH & AGGR (SEAL COAT) (TY 12)","2024/2014","CY",70.72,68.6,66.48,3.07,276,6970,492918.4,"300 Surface Courses"
"0316-6013","ASPH & AGGR (SEAL COAT) (TY 13)","2024/2014","GAL",73.44,73.44,69.03,2.9,240,8540,627177.6,"300 Surface Courses"
"0316-6014","ASPH & AGGR (SEAL COAT) (TY 14)","2024/2014","CY",76.16,78.44,71.59,2.96,247.2,10110,769977.6,"300 Surface Courses"
"0316-6015","ASPH & AGGR (SEAL COAT) (TY 15)","2024/2014","GAL",59.84,63.43,56.25,3.02,254.4,11680,698931.2,"300 Surface Courses"
"0316-6016","ASPH & AGGR (SEAL COAT) (TY 16)","2024/2014","CY",62.56,58.81,58.81,3.07,261.6,13250,828920,"300 Surface Courses"
"0316-6017","ASPH & AGGR (SEAL COAT) (TY 17)","2024/2014","GAL",65.28,63.32,61.36,2.9,268.8,14820,967449.6,"300 Surface Courses"
"0316-6018","ASPH & AGGR (SEAL COAT) (TY 18)","2024/2014","CY",68,68,63.92,2.96,276,16390,1114520,"300 Surface Courses"
"0316-6019","ASPH & AGGR (SEAL COAT) (TY 19)","2024/2014","GAL",70.72,72.84,66.48,3.02,240,7160,506355.2,"300 Surface Courses"
"0316-6020","ASPH & AGGR (SEAL COAT) (TY 20)","2024/2014","CY",73.44,77.85,69.03,3.07,247.2,8730,641131.2,"300 Surface Courses"
"0316-6021","ASPH & AGGR (SEAL COAT) (TY 21)","2024/2014","GAL",76.16,71.59,71.59,2.9,254.4,10300,784448,"300 Surface Courses"
"0316-6022","ASPH & AGGR (SEAL COAT) (TY 22)","2024/2014","CY",59.84,58.04,56.25,2.96,261.6,11870,710300.8,"300 Surface Courses"
"0316-6023","ASPH & AGGR (SEAL COAT) (TY 23)","2024/2014","GAL",62.56,62.56,58.81,3.02,268.8,13440,840806.4,"300 Surface Courses"
"0316-6024","ASPH & AGGR (SEAL COAT) (TY 24)","2024/2014","CY",65.28,67.24,61.36,3.07,276,15010,979852.8,"300 Surface Courses"
"0316-6025","ASPH & AGGR (SEAL COAT) (TY 25)","2024/2014","GAL",68,72.08,63.92,2.9,240,16580,1127440,"300 Surface Courses"
"0316-6026","ASPH & AGGR (SEAL COAT) (TY 26)","2024/2014","CY",70.72,66.48,66.48,2.96,247.2,18150,1283568,"300 Surface Courses"
"0316-6027","ASPH & AGGR (SEAL COAT) (TY 27)","2024/2014","GAL",73.44,71.24,69.03,3.02,254.4,19720,1448236.8,"300 Surface Courses"
"0316-6028","ASPH & AGGR (SEAL COAT) (TY 28)","2024/2014","CY",76.16,76.16,71.59,3.07,261.6,10490,798918.4,"300 Surface Courses"
"0316-6029","ASPH & AGGR (SEAL COAT) (TY 29)","2024/2014","GAL",59.84,61.64,56.25,2.9,268.8,12060,721670.4,"300 Surface Courses"
"0316-6030","ASPH & AGGR (SEAL COAT) (TY 30)","2024/2014","CY",62.56,66.31,58.81,2.96,276,13630,852692.8,"300 Surface Courses"
"0316-6031","ASPH & AGGR (SEAL COAT) (TY 31)","2024/2014","GAL",65.28,61.36,61.36,3.02,240,15200,992256,"300 Surface Courses"
"0316-6032","ASPH & AGGR (SEAL COAT) (TY 32)","2024/2014","CY",68,65.96,63.92,3.07,247.2,16770,1140360,"300 Surface Courses"
"0316-6033","ASPH & AGGR (SEAL COAT) (TY 33)","2024/2014","GAL",70.72,70.72,66.48,2.9,254.4,18340,1297004.8,"300 Surface Courses"
"0316-6034","ASPH & AGGR (SEAL COAT) (TY 34)","2024/2014","CY",73.44,75.64,69.03,2.96,261.6,19910,1462190.4,"300 Surface Courses"
"0316-6035","ASPH & AGGR (SEAL COAT) (TY 35)","2024/2014","GAL",76.16,80.73,71.59,3.02,268.8,21480,1635916.8,"300 Surface Courses"
"0316-6036","ASPH & AGGR (SEAL COAT) (TY 36)","2024/2014","CY",59.84,56.25,56.25,3.07,276,23050,1379312,"300 Surface Courses"
"0316-6037","ASPH & AGGR (SEAL COAT) (TY 37)","2024/2014","GAL",62.56,60.68,58.81,2.9,240,13820,864579.2,"300 Surface Courses"
"0316-6038","ASPH & AGGR (SEAL COAT) (TY 38)","2024/2014","CY",65.28,65.28,61.36,2.96,247.2,15390,1004659.2,"300 Surface Courses"
"0316-6039","ASPH & AGGR (SEAL COAT) (TY 39)","2024/2014","GAL",68,70.04,63.92,3.02,254.4,16960,1153280,"300 Surface Courses"
"0316-6040","ASPH & AGGR (SEAL COAT) (TY 40)","2024/2014","CY",70.72,74.96,66.48,3.07,261.6,18530,1310441.6,"300 Surface Courses"
"0316-6041","ASPH & AGGR (SEAL COAT) (TY 41)","2024/2014","GAL",73.44,69.03,69.03,2.9,268.8,20100,1476144,"300 Surface Courses"
"0316-6042","ASPH & AGGR (SEAL COAT) (TY 42)","2024/2014","CY",76.16,73.88,71.59,2.96,276,21670,1650387.2,"300 Surface Courses"
"0316-6043","ASPH & AGGR (SEAL COAT) (TY 43)","2024/2014","GAL",59.84,59.84,56.25,3.02,240,23240,1390681.6,"300 Surface Courses"
"0316-6044","ASPH & AGGR (SEAL COAT) (TY 44)","2024/2014","CY",62.56,64.44,58.81,3.07,247.2,24810,1552113.6,"300 Surface Courses"
"0316-6045","ASPH & AGGR (SEAL COAT) (TY 45)","2024/2014","GAL",65.28,69.2,61.36,2.9,254.4,26380,1722086.4,"300 Surface Courses"
"0316-6046","ASPH & AGGR (SEAL COAT) (TY 46)","2024/2014","CY",68,63.92,63.92,2.96,261.6,17150,1166200,"300 Surface Courses"
"0316-6047","ASPH & AGGR (SEAL COAT) (TY 47)","2024/2014","GAL",70.72,68.6,66.48,3.02,268.8,18720,1323878.4,"300 Surface Courses"
"0316-6048","ASPH & AGGR (SEAL COAT) (TY 48)","2024/2014","CY",73.44,73.44,69.03,3.07,276,20290,1490097.6,"300 Surface Courses"
"0316-6049","ASPH & AGGR (SEAL COAT) (TY 49)","2024/2014","GAL",76.16,78.44,71.59,2.9,240,21860,1664857.6,"300 Surface Courses"
"0316-6050","ASPH & AGGR (SEAL COAT) (TY 50)","2024/2014","CY",59.84,63.43,56.25,2.96,247.2,23430,1402051.2,"300 Surface Courses"
"0316-6051","ASPH & AGGR (SEAL COAT) (TY 51)","2024/2014","GAL",62.56,58.81,58.81,3.02,254.4,25000,1564000,"300 Surface Courses"
"0316-6052","ASPH & AGGR (SEAL COAT) (TY 52)","2024/2014","CY",65.28,63.32,61.36,3.07,261.6,26570,1734489.6,"300 Surface Courses"
"0316-6053","ASPH & AGGR (SEAL COAT) (TY 53)","2024/2014","GAL",68,68,63.92,2.9,268.8,28140,1913520,"300 Surface Courses"
"0316-6054","ASPH & AGGR (SEAL COAT) (TY 54)","2024/2014","CY",70.72,72.84,66.48,2.96,276,29710,2101091.2,"300 Surface Courses"
"0316-6055","ASPH & AGGR (SEAL COAT) (TY 55)","2024/2014","GAL",73.44,77.85,69.03,3.02,240,20480,1504051.2,"300 Surface Courses"
"0316-6056","ASPH & AGGR (SEAL COAT) (TY 56)","2024/2014","CY",76.16,71.59,71.59,3.07,247.2,22050,1679328,"300 Surface Courses"
"0316-6057","ASPH & AGGR (SEAL COAT) (TY 57)","2024/2014","GAL",59.84,58.04,56.25,2.9,254.4,23620,1413420.8,"300 Surface Courses"
"0316-6058","ASPH & AGGR (SEAL COAT) (TY 58)","2024/2014","CY",62.56,62.56,58.81,2.96,261.6,25190,1575886.4,"300 Surface Courses"
"0316-6059","ASPH & AGGR (SEAL COAT) (TY 59)","2024/2014","GAL",65.28,67.24,61.36,3.02,268.8,26760,1746892.8,"300 Surface Courses"
"0316-6060","ASPH & AGGR (SEAL COAT) (TY 60)","2024/2014","CY",68,72.08,63.92,3.07,276,28330,1926440,"300 Surface Courses"
"0316-6061","ASPH & AGGR (SEAL COAT) (TY 61)","2024/2014","GAL",70.72,66.48,66.48,2.9,240,29900,2114528,"300 Surface Courses"
"0316-6062","ASPH & AGGR (SEAL COAT) (TY 62)","2024/2014","CY",73.44,71.24,69.03,2.96,247.2,31470,2311156.8,"300 Surface Courses"
"0316-6063","ASPH & AGGR (SEAL COAT) (TY 63)","2024/2014","GAL",76.16,76.16,71.59,3.02,254.4,33040,2516326.4,"300 Surface Courses"
"0316-6064","ASPH & AGGR (SEAL COAT) (TY 64)","2024/2014","CY",59.84,61.64,56.25,3.07,261.6,23810,1424790.4,"300 Surface Courses"
"0316-6065","ASPH & AGGR (SEAL COAT) (TY 65)","2024/2014","GAL",62.56,66.31,58.81,2.9,268.8,25380,1587772.8,"300 Surface Courses"
"0316-6066","ASPH & AGGR (SEAL COAT) (TY 66)","2024/2014","CY",65.28,61.36,61.36,2.96,276,26950,1759296,"300 Surface Courses"
"0316-6067","ASPH & AGGR (SEAL COAT) (TY 67)","2024/2014","GAL",68,65.96,63.92,3.02,240,28520,1939360,"300 Surface Courses"
"0316-6068","ASPH & AGGR (SEAL COAT) (TY 68)","2024/2014","CY",70.72,70.72,66.48,3.07,247.2,30090,2127964.8,"300 Surface Courses"
"0316-6069","ASPH & AGGR (SEAL COAT) (TY 69)","2024/2014","GAL",73.44,75.64,69.03,2.9,254.4,31660,2325110.4,"300 Surface Courses"
"0316-6070","ASPH & AGGR (SEAL COAT) (TY 70)","2024/2014","CY",76.16,80.73,71.59,2.96,261.6,33230,2530796.8,"300 Surface Courses"
"0316-6071","ASPH & AGGR (SEAL COAT) (TY 71)","2024/2014","GAL",59.84,56.25,56.25,3.02,268.8,34800,2082432,"300 Surface Courses"
"0316-6072","ASPH & AGGR (SEAL COAT) (TY 72)","2024/2014","CY",62.56,60.68,58.81,3.07,276,36370,2275307.2,"300 Surface Courses"
"0316-6073","ASPH & AGGR (SEAL COAT) (TY 73)","2024/2014","GAL",65.28,65.28,61.36,2.9,240,27140,1771699.2,"300 Surface Courses"
"0316-6074","ASPH & AGGR (SEAL COAT) (TY 74)","2024/2014","CY",68,70.04,63.92,2.96,247.2,28710,1952280,"300 Surface Courses"
"0316-6075","ASPH & AGGR (SEAL COAT) (TY 75)","2024/2014","GAL",70.72,74.96,66.48,3.02,254.4,30280,2141401.6,"300 Surface Courses"
"0316-6076","ASPH & AGGR (SEAL COAT) (TY 76)","2024/2014","CY",73.44,69.03,69.03,3.07,261.6,31850,2339064,"300 Surface Courses"
"0316-6077","ASPH & AGGR (SEAL COAT) (TY 77)","2024/2014","GAL",76.16,73.88,71.59,2.9,268.8,33420,2545267.2,"300 Surface Courses"
"0316-6078","ASPH & AGGR (SEAL COAT) (TY 78)","2024/2014","CY",59.84,59.84,56.25,2.96,276,34990,2093801.6,"300 Surface Courses"
"0316-6079","ASPH & AGGR (SEAL COAT) (TY 79)","2024/2014","GAL",62.56,64.44,58.81,3.02,240,36560,2287193.6,"300 Surface Courses"
"0316-6080","ASPH & AGGR (SEAL COAT) (TY 80)","2024/2014","CY",65.28,69.2,61.36,3.07,247.2,38130,2489126.4,"300 Surface Courses"
"0316-6081","ASPH & AGGR (SEAL COAT) (TY 81)","2024/2014","GAL",68,63.92,63.92,2.9,254.4,39700,2699600,"300 Surface Courses"
"0316-6082","ASPH & AGGR (SEAL COAT) (TY 82)","2024/2014","CY",70.72,68.6,66.48,2.96,261.6,30470,2154838.4,"300 Surface Courses"
"0316-6083","ASPH & AGGR (SEAL COAT) (TY 83)","2024/2014","GAL",73.44,73.44,69.03,3.02,268.8,32040,2353017.6,"300 Surface Courses"
"0316-6084","ASPH & AGGR (SEAL COAT) (TY 84)","2024/2014","CY",76.16,78.44,71.59,3.07,276,33610,2559737.6,"300 Surface Courses"
"0316-6085","ASPH & AGGR (SEAL COAT) (TY 85)","2024/2014","GAL",59.84,63.43,56.25,2.9,240,35180,2105171.2,"300 Surface Courses"
"0316-6086","ASPH & AGGR (SEAL COAT) (TY 86)","2024/2014","CY",62.56,58.81,58.81,2.96,247.2,36750,2299080,"300 Surface Courses"
"0316-6087","ASPH & AGGR (SEAL COAT) (TY 87)","2024/2014","GAL",65.28,63.32,61.36,3.02,254.4,38320,2501529.6,"300 Surface Courses"
"0316-6088","ASPH & AGGR (SEAL COAT) (TY 88)","2024/2014","CY",68,68,63.92,3.07,261.6,39890,2712520,"300 Surface Courses"
"0316-6089","ASPH & AGGR (SEAL COAT) (TY 89)","2024/2014","GAL",70.72,72.84,66.48,2.9,268.8,41460,2932051.2,"300 Surface Courses"
"0316-6090","ASPH & AGGR (SEAL COAT) (TY 90)","2024/2014","CY",73.44,77.85,69.03,2.96,276,43030,3160123.2,"300 Surface Courses"
"0316-6091","ASPH & AGGR (SEAL COAT) (TY 91)","2024/2014","GAL",76.16,71.59,71.59,3.02,240,33800,2574208,"300 Surface Courses"
"0316-6092","ASPH & AGGR (SEAL COAT) (TY 92)","2024/2014","CY",59.84,58.04,56.25,3.07,247.2,35370,2116540.8,"300 Surface Courses"
"0316-6093","ASPH & AGGR (SEAL COAT) (TY 93)","2024/2014","GAL",62.56,62.56,58.81,2.9,254.4,36940,2310966.4,"300 Surface Courses"
"0316-6094","ASPH & AGGR (SEAL COAT) (TY 94)","2024/2014","CY",65.28,67.24,61.36,2.96,261.6,38510,2513932.8,"300 Surface Courses"
"0316-6095","ASPH & AGGR (SEAL COAT) (TY 95)","2024/2014","GAL",68,72.08,63.92,3.02,268.8,40080,2725440,"300 Surface Courses"
"0316-6096","ASPH & AGGR (SEAL COAT) (TY 96)","2024/2014","CY",70.72,66.48,66.48,3.07,276,41650,2945488,"300 Surface Courses"
"0316-6097","ASPH & AGGR (SEAL COAT) (TY 97)","2024/2014","GAL",73.44,71.24,69.03,2.9,240,43220,3174076.8,"300 Surface Courses"
"0316-6098","ASPH & AGGR (SEAL COAT) (TY 98)","2024/2014","CY",76.16,76.16,71.59,2.96,247.2,44790,3411206.4,"300 Surface Courses"
"0316-6099","ASPH & AGGR (SEAL COAT) (TY 99)","2024/2014","GAL",59.84,61.64,56.25,3.02,254.4,46360,2774182.4,"300 Surface Courses"
"0316-6100","ASPH & AGGR (SEAL COAT) (TY 100)","2024/2014","CY",62.56,66.31,58.81,3.07,261.6,37130,2322852.8,"300 Surface Courses"
"0316-6101","ASPH & AGGR (SEAL COAT) (TY 101)","2024/2014","GAL",65.28,61.36,61.36,2.9,268.8,38700,2526336,"300 Surface Courses"
"0316-6102","ASPH & AGGR (SEAL COAT) (TY 102)","2024/2014","CY",68,65.96,63.92,2.96,276,40270,2738360,"300 Surface Courses"
"0316-6103","ASPH & AGGR (SEAL COAT) (TY 103)","2024/2014","GAL",70.72,70.72,66.48,3.02,240,41840,2958924.8,"300 Surface Courses"
"0316-6104","ASPH & AGGR (SEAL COAT) (TY 104)","2024/2014","CY",73.44,75.64,69.03,3.07,247.2,43410,3188030.4,"300 Surface Courses"
"0316-6105","ASPH & AGGR (SEAL COAT) (TY 105)","2024/2014","GAL",76.16,80.73,71.59,2.9,254.4,44980,3425676.8,"300 Surface Courses"
"0316-6106","ASPH & AGGR (SEAL COAT) (TY 106)","2024/2014","CY",59.84,56.25,56.25,2.96,261.6,46550,2785552,"300 Surface Courses"
"0316-6107","ASPH & AGGR (SEAL COAT) (TY 107)","2024/2014","GAL",62.56,60.68,58.81,3.02,268.8,48120,3010387.2,"300 Surface Courses"
"0316-6108","ASPH & AGGR (SEAL COAT) (TY 108)","2024/2014","CY",65.28,65.28,61.36,3.07,276,49690,3243763.2,"300 Surface Courses"
"0316-6109","ASPH & AGGR (SEAL COAT) (TY 109)","2024/2014","GAL",68,70.04,63.92,2.9,240,40460,2751280,"300 Surface Courses"
"0316-6110","ASPH & AGGR (SEAL COAT) (TY 110)","2024/2014","CY",70.72,74.96,66.48,2.96,247.2,42030,2972361.6,"300 Surface Courses"
"0316-6111","ASPH & AGGR (SEAL COAT) (TY 111)","2024/2014","GAL",73.44,69.03,69.03,3.02,254.4,43600,3201984,"300 Surface Courses"
"0316-6112","ASPH & AGGR (SEAL COAT) (TY 112)","2024/2014","CY",76.16,73.88,71.59,3.07,261.6,45170,3440147.2,"300 Surface Courses"
"0316-6113","ASPH & AGGR (SEAL COAT) (TY 113)","2024/2014","GAL",59.84,59.84,56.25,2.9,268.8,46740,2796921.6,"300 Surface Courses"
"0316-6114","ASPH & AGGR (SEAL COAT) (TY 114)","2024/2014","CY",62.56,64.44,58.81,2.96,276,48310,3022273.6,"300 Surface Courses"
"0316-6115","ASPH & AGGR (SEAL COAT) (TY 115)","2024/2014","GAL",65.28,69.2,61.36,3.02,240,49880,3256166.4,"300 Surface Courses"
"0316-6116","ASPH & AGGR (SEAL COAT) (TY 116)","2024/2014","CY",68,63.92,63.92,3.07,247.2,51450,3498600,"300 Surface Courses"
"0316-6117","ASPH & AGGR (SEAL COAT) (TY 117)","2024/2014","GAL",70.72,68.6,66.48,2.9,254.4,53020,3749574.4,"300 Surface Courses"
"0316-6118","ASPH & AGGR (SEAL COAT) (TY 118)","2024/2014","CY",73.44,73.44,69.03,2.96,261.6,43790,3215937.6,"300 Surface Courses"
"0316-6119","ASPH & AGGR (SEAL COAT) (TY 119)","2024/2014","GAL",76.16,78.44,71.59,3.02,268.8,45360,3454617.6,"300 Surface Courses"
"0316-6120","ASPH & AGGR (SEAL COAT) (TY 120)","2024/2014","CY",59.84,63.43,56.25,3.07,276,46930,2808291.2,"300 Surface Courses"
"0316-6121","ASPH & AGGR (SEAL COAT) (TY 121)","2024/2014","GAL",62.56,58.81,58.81,2.9,240,48500,3034160,"300 Surface Courses"
"0316-6122","ASPH & AGGR (SEAL COAT) (TY 122)","2024/2014","CY",65.28,63.32,61.36,2.96,247.2,50070,3268569.6,"300 Surface Courses"
"0316-6123","ASPH & AGGR (SEAL COAT) (TY 123)","2024/2014","GAL",68,68,63.92,3.02,254.4,51640,3511520,"300 Surface Courses"
"0316-6124","ASPH & AGGR (SEAL COAT) (TY 124)","2024/2014","CY",70.72,72.84,66.48,3.07,261.6,53210,3763011.2,"300 Surface Courses"
"0316-6125","ASPH & AGGR (SEAL COAT) (TY 125)","2024/2014","GAL",73.44,77.85,69.03,2.9,268.8,54780,4023043.2,"300 Surface Courses"
"0316-6126","ASPH & AGGR (SEAL COAT) (TY 126)","2024/2014","CY",76.16,71.59,71.59,2.96,276,56350,4291616,"300 Surface Courses"
"0316-6127","ASPH & AGGR (SEAL COAT) (TY 127)","2024/2014","GAL",59.84,58.04,56.25,3.02,240,47120,2819660.8,"300 Surface Courses"
"0316-6128","ASPH & AGGR (SEAL COAT) (TY 128)","2024/2014","CY",62.56,62.56,58.81,3.07,247.2,48690,3046046.4,"300 Surface Courses"
"0316-6129","ASPH & AGGR (SEAL COAT) (TY 129)","2024/2014","GAL",65.28,67.24,61.36,2.9,254.4,50260,3280972.8,"300 Surface Courses"
"0316-6130","ASPH & AGGR (SEAL COAT) (TY 130)","2024/2014","CY",68,72.08,63.92,2.96,261.6,51830,3524440,"300 Surface Courses"
"0316-6131","ASPH & AGGR (SEAL COAT) (TY 131)","2024/2014","GAL",70.72,66.48,66.48,3.02,268.8,53400,3776448,"300 Surface Courses"
"0316-6132","ASPH & AGGR (SEAL COAT) (TY 132)","2024/2014","CY",73.44,71.24,69.03,3.07,276,54970,4036996.8,"300 Surface Courses"
"0316-6133","ASPH & AGGR (SEAL COAT) (TY 133)","2024/2014","GAL",76.16,76.16,71.59,2.9,240,56540,4306086.4,"300 Surface Courses"
"0316-6134","ASPH & AGGR (SEAL COAT) (TY 134)","2024/2014","CY",59.84,61.64,56.25,2.96,247.2,58110,3477302.4,"300 Surface Courses"
"0316-6135","ASPH & AGGR (SEAL COAT) (TY 135)","2024/2014","GAL",62.56,66.31,58.81,3.02,254.4,59680,3733580.8,"300 Surface Courses"
"0316-6136","ASPH & AGGR (SEAL COAT) (TY 136)","2024/2014","CY",65.28,61.36,61.36,3.07,261.6,50450,3293376,"300 Surface Courses"
"0316-6137","ASPH & AGGR (SEAL COAT) (TY 137)","2024/2014","GAL",68,65.96,63.92,2.9,268.8,52020,3537360,"300 Surface Courses"
"0316-6138","ASPH & AGGR (SEAL COAT) (TY 138)","2024/2014","CY",70.72,70.72,66.48,2.96,276,53590,3789884.8,"300 Surface Courses"
"0316-6139","ASPH & AGGR (SEAL COAT) (TY 139)","2024/2014","GAL",73.44,75.64,69.03,3.02,240,55160,4050950.4,"300 Surface Courses"
"0316-6140","ASPH & AGGR (SEAL COAT) (TY 140)","2024/2014","CY",76.16,80.73,71.59,3.07,247.2,56730,4320556.8,"300 Surface Courses"
"0340-6001","D-GR HMA (METHOD) (TY 1)","2024/2014","TON",86.24,81.07,81.07,68,165,500,43120,"300 Surface Courses"
"0340-6002","D-GR HMA (METHOD) (TY 2)","2024/2014","TON",90.16,87.46,84.75,69.36,169.95,2070,186631.2,"300 Surface Courses"
"0340-6003","D-GR HMA (METHOD) (TY 3)","2024/2014","TON",94.08,94.08,88.44,70.72,174.9,3640,342451.2,"300 Surface Courses"
"0340-6004","D-GR HMA (METHOD) (TY 4)","2024/2014","TON",98,100.94,92.12,72.08,179.85,5210,510580,"300 Surface Courses"
"0340-6005","D-GR HMA (METHOD) (TY 5)","2024/2014","TON",101.92,108.04,95.8,68,184.8,6780,691017.6,"300 Surface Courses"
"0340-6006","D-GR HMA (METHOD) (TY 6)","2024/2014","TON",105.84,99.49,99.49,69.36,189.75,8350,883764,"300 Surface Courses"
"0340-6007","D-GR HMA (METHOD) (TY 7)","2024/2014","TON",109.76,106.47,103.17,70.72,165,9920,1088819.2,"300 Surface Courses"
"0340-6008","D-GR HMA (METHOD) (TY 8)","2024/2014","TON",86.24,86.24,81.07,72.08,169.95,11490,990897.6,"300 Surface Courses"
"0340-6009","D-GR HMA (METHOD) (TY 9)","2024/2014","TON",90.16,92.86,84.75,68,174.9,13060,1177489.6,"300 Surface Courses"
"0340-6010","D-GR HMA (METHOD) (TY 10)","2024/2014","TON",94.08,99.72,88.44,69.36,179.85,3830,360326.4,"300 Surface Courses"
"0340-6011","D-GR HMA (METHOD) (TY 11)","2024/2014","TON",98,92.12,92.12,70.72,184.8,5400,529200,"300 Surface Courses"
"0340-6012","D-GR HMA (METHOD) (TY 12)","2024/2014","TON",101.92,98.86,95.8,72.08,189.75,6970,710382.4,"300 Surface Courses"
"0340-6013","D-GR HMA (METHOD) (TY 13)","2024/2014","TON",105.84,105.84,99.49,68,165,8540,903873.6,"300 Surface Courses"
"0340-6014","D-GR HMA (METHOD) (TY 14)","2024/2014","TON",109.76,113.05,103.17,69.36,169.95,10110,1109673.6,"300 Surface Courses"
"0340-6015","D-GR HMA (METHOD) (TY 15)","2024/2014","TON",86.24,91.41,81.07,70.72,174.9,11680,1007283.2,"300 Surface Courses"
"0340-6016","D-GR HMA (METHOD) (TY 16)","2024/2014","TON",90.16,84.75,84.75,72.08,179.85,13250,1194620,"300 Surface Courses"
"0340-6017","D-GR HMA (METHOD) (TY 17)","2024/2014","TON",94.08,91.26,88.44,68,184.8,14820,1394265.6,"300 Surface Courses"
"0340-6018","D-GR HMA (METHOD) (TY 18)","2024/2014","TON",98,98,92.12,69.36,189.75,16390,1606220,"300 Surface Courses"
"0340-6019","D-GR HMA (METHOD) (TY 19)","2024/2014","TON",101.92,104.98,95.8,70.72,165,7160,729747.2,"300 Surface Courses"
"0340-6020","D-GR HMA (METHOD) (TY 20)","2024/2014","TON",105.84,112.19,99.49,72.08,169.95,8730,923983.2,"300 Surface Courses"
"0340-6021","D-GR HMA (METHOD) (TY 21)","2024/2014","TON",109.76,103.17,103.17,68,174.9,10300,1130528,"300 Surface Courses"
"0340-6022","D-GR HMA (METHOD) (TY 22)","2024/2014","TON",86.24,83.65,81.07,69.36,179.85,11870,1023668.8,"300 Surface Courses"
"0340-6023","D-GR HMA (METHOD) (TY 23)","2024/2014","TON",90.16,90.16,84.75,70.72,184.8,13440,1211750.4,"300 Surface Courses"
"0340-6024","D-GR HMA (METHOD) (TY 24)","2024/2014","TON",94.08,96.9,88.44,72.08,189.75,15010,1412140.8,"300 Surface Courses"
"0340-6025","D-GR HMA (METHOD) (TY 25)","2024/2014","TON",98,103.88,92.12,68,165,16580,1624840,"300 Surface Courses"
"0340-6026","D-GR HMA (METHOD) (TY 26)","2024/2014","TON",101.92,95.8,95.8,69.36,169.95,18150,1849848,"300 Surface Courses"
"0340-6027","D-GR HMA (METHOD) (TY 27)","2024/2014","TON",105.84,102.66,99.49,70.72,174.9,19720,2087164.8,"300 Surface Courses"
"0340-6028","D-GR HMA (METHOD) (TY 28)","2024/2014","TON",109.76,109.76,103.17,72.08,179.85,10490,1151382.4,"300 Surface Courses"
"0340-6029","D-GR HMA (METHOD) (TY 29)","2024/2014","TON",86.24,88.83,81.07,68,184.8,12060,1040054.4,"300 Surface Courses"
"0340-6030","D-GR HMA (METHOD) (TY 30)","2024/2014","TON",90.16,95.57,84.75,69.36,189.75,13630,1228880.8,"300 Surface Courses"
"0340-6031","D-GR HMA (METHOD) (TY 31)","2024/2014","TON",94.08,88.44,88.44,70.72,165,15200,1430016,"300 Surface Courses"
"0340-6032","D-GR HMA (METHOD) (TY 32)","2024/2014","TON",98,95.06,92.12,72.08,169.95,16770,1643460,"300 Surface Courses"
"0340-6033","D-GR HMA (METHOD) (TY 33)","2024/2014","TON",101.92,101.92,95.8,68,174.9,18340,1869212.8,"300 Surface Courses"
"0340-6034","D-GR HMA (METHOD) (TY 34)","2024/2014","TON",105.84,109.02,99.49,69.36,179.85,19910,2107274.4,"300 Surface Courses"
"0340-6035","D-GR HMA (METHOD) (TY 35)","2024/2014","TON",109.76,116.35,103.17,70.72,184.8,21480,2357644.8,"300 Surface Courses"
"0340-6036","D-GR HMA (METHOD) (TY 36)","2024/2014","TON",86.24,81.07,81.07,72.08,189.75,23050,1987832,"300 Surface Courses"
"0340-6037","D-GR HMA (METHOD) (TY 37)","2024/2014","TON",90.16,87.46,84.75,68,165,13820,1246011.2,"300 Surface Courses"
"0340-6038","D-GR HMA (METHOD) (TY 38)","2024/2014","TON",94.08,94.08,88.44,69.36,169.95,15390,1447891.2,"300 Surface Courses"
"0340-6039","D-GR HMA (METHOD) (TY 39)","2024/2014","TON",98,100.94,92.12,70.72,174.9,16960,1662080,"300 Surface Courses"
"0340-6040","D-GR HMA (METHOD) (TY 40)","2024/2014","TON",101.92,108.04,95.8,72.08,179.85,18530,1888577.6,"300 Surface Courses"
"0340-6041","D-GR HMA (METHOD) (TY 41)","2024/2014","TON",105.84,99.49,99.49,68,184.8,20100,2127384,"300 Surface Courses"
"0340-6042","D-GR HMA (METHOD) (TY 42)","2024/2014","TON",109.76,106.47,103.17,69.36,189.75,21670,2378499.2,"300 Surface Courses"
"0340-6043","D-GR HMA (METHOD) (TY 43)","2024/2014","TON",86.24,86.24,81.07,70.72,165,23240,2004217.6,"300 Surface Courses"
"0340-6044","D-GR HMA (METHOD) (TY 44)","2024/2014","TON",90.16,92.86,84.75,72.08,169.95,24810,2236869.6,"300 Surface Courses"
"0340-6045","D-GR HMA (METHOD) (TY 45)","2024/2014","TON",94.08,99.72,88.44,68,174.9,26380,2481830.4,"300 Surface Courses"
"0340-6046","D-GR HMA (METHOD) (TY 46)","2024/2014","TON",98,92.12,92.12,69.36,179.85,17150,1680700,"300 Surface Courses"
"0340-6047","D-GR HMA (METHOD) (TY 47)","2024/2014","TON",101.92,98.86,95.8,70.72,184.8,18720,1907942.4,"300 Surface Courses"
"0340-6048","D-GR HMA (METHOD) (TY 48)","2024/2014","TON",105.84,105.84,99.49,72.08,189.75,20290,2147493.6,"300 Surface Courses"
"0340-6049","D-GR HMA (METHOD) (TY 49)","2024/2014","TON",109.76,113.05,103.17,68,165,21860,2399353.6,"300 Surface Courses"
"0340-6050","D-GR HMA (METHOD) (TY 50)","2024/2014","TON",86.24,91.41,81.07,69.36,169.95,23430,2020603.2,"300 Surface Courses"
"0340-6051","D-GR HMA (METHOD) (TY 51)","2024/2014","TON",90.16,84.75,84.75,70.72,174.9,25000,2254000,"300 Surface Courses"
"0340-6052","D-GR HMA (METHOD) (TY 52)","2024/2014","TON",94.08,91.26,88.44,72.08,179.85,26570,2499705.6,"300 Surface Courses"
"0340-6053","D-GR HMA (METHOD) (TY 53)","2024/2014","TON",98,98,92.12,68,184.8,28140,2757720,"300 Surface Courses"
"0340-6054","D-GR HMA (METHOD) (TY 54)","2024/2014","TON",101.92,104.98,95.8,69.36,189.75,29710,3028043.2,"300 Surface Courses"
"0340-6055","D-GR HMA (METHOD) (TY 55)","2024/2014","TON",105.84,112.19,99.49,70.72,165,20480,2167603.2,"300 Surface Courses"
"0340-6056","D-GR HMA (METHOD) (TY 56)","2024/2014","TON",109.76,103.17,103.17,72.08,169.95,22050,2420208,"300 Surface Courses"
"0340-6057","D-GR HMA (METHOD) (TY 57)","2024/2014","TON",86.24,83.65,81.07,68,174.9,23620,2036988.8,"300 Surface Courses"
"0340-6058","D-GR HMA (METHOD) (TY 58)","2024/2014","TON",90.16,90.16,84.75,69.36,179.85,25190,2271130.4,"300 Surface Courses"
"0340-6059","D-GR HMA (METHOD) (TY 59)","2024/2014","TON",94.08,96.9,88.44,70.72,184.8,26760,2517580.8,"300 Surface Courses"
"0340-6060","D-GR HMA (METHOD) (TY 60)","2024/2014","TON",98,103.88,92.12,72.08,189.75,28330,2776340,"300 Surface Courses"
"0340-6061","D-GR HMA (METHOD) (TY 61)","2024/2014","TON",101.92,95.8,95.8,68,165,29900,3047408,"300 Surface Courses"
"0340-6062","D-GR HMA (METHOD) (TY 62)","2024/2014","TON",105.84,102.66,99.49,69.36,169.95,31470,3330784.8,"300 Surface Courses"
"0340-6063","D-GR HMA (METHOD) (TY 63)","2024/2014","TON",109.76,109.76,103.17,70.72,174.9,33040,3626470.4,"300 Surface Courses"
"0340-6064","D-GR HMA (METHOD) (TY 64)","2024/2014","TON",86.24,88.83,81.07,72.08,179.85,23810,2053374.4,"300 Surface Courses"
"0340-6065","D-GR HMA (METHOD) (TY 65)","2024/2014","TON",90.16,95.57,84.75,68,184.8,25380,2288260.8,"300 Surface Courses"
"0340-6066","D-GR HMA (METHOD) (TY 66)","2024/2014","TON",94.08,88.44,88.44,69.36,189.75,26950,2535456,"300 Surface Courses"
"0340-6067","D-GR HMA (METHOD) (TY 67)","2024/2014","TON",98,95.06,92.12,70.72,165,28520,2794960,"300 Surface Courses"
"0340-6068","D-GR HMA (METHOD) (TY 68)","2024/2014","TON",101.92,101.92,95.8,72.08,169.95,30090,3066772.8,"300 Surface Courses"
"0340-6069","D-GR HMA (METHOD) (TY 69)","2024/2014","TON",105.84,109.02,99.49,68,174.9,31660,3350894.4,"300 Surface Courses"
"0340-6070","D-GR HMA (METHOD) (TY 70)","2024/2014","TON",109.76,116.35,103.17,69.36,179.85,33230,3647324.8,"300 Surface Courses"
"0340-6071","D-GR HMA (METHOD) (TY 71)","2024/2014","TON",86.24,81.07,81.07,70.72,184.8,34800,3001152,"300 Surface Courses"
"0340-6072","D-GR HMA (METHOD) (TY 72)","2024/2014","TON",90.16,87.46,84.75,72.08,189.75,36370,3279119.2,"300 Surface Courses"
"0340-6073","D-GR HMA (METHOD) (TY 73)","2024/2014","TON",94.08,94.08,88.44,68,165,27140,2553331.2,"300 Surface Courses"
"0340-6074","D-GR HMA (METHOD) (TY 74)","2024/2014","TON",98,100.94,92.12,69.36,169.95,28710,2813580,"300 Surface Courses"
"0340-6075","D-GR HMA (METHOD) (TY 75)","2024/2014","TON",101.92,108.04,95.8,70.72,174.9,30280,3086137.6,"300 Surface Courses"
"0340-6076","D-GR HMA (METHOD) (TY 76)","2024/2014","TON",105.84,99.49,99.49,72.08,179.85,31850,3371004,"300 Surface Courses"
"0340-6077","D-GR HMA (METHOD) (TY 77)","2024/2014","TON",109.76,106.47,103.17,68,184.8,33420,3668179.2,"300 Surface Courses"
"0340-6078","D-GR HMA (METHOD) (TY 78)","2024/2014","TON",86.24,86.24,81.07,69.36,189.75,34990,3017537.6,"300 Surface Courses"
"0340-6079","D-GR HMA (METHOD) (TY 79)","2024/2014","TON",90.16,92.86,84.75,70.72,165,36560,3296249.6,"300 Surface Courses"
"0340-6080","D-GR HMA (METHOD) (TY 80)","2024/2014","TON",94.08,99.72,88.44,72.08,169.95,38130,3587270.4,"300 Surface Courses"
"0340-6081","D-GR HMA (METHOD) (TY 81)","2024/2014","TON",98,92.12,92.12,68,174.9,39700,3890600,"300 Surface Courses"
"0340-6082","D-GR HMA (METHOD) (TY 82)","2024/2014","TON",101.92,98.86,95.8,69.36,179.85,30470,3105502.4,"300 Surface Courses"
"0340-6083","D-GR HMA (METHOD) (TY 83)","2024/2014","TON",105.84,105.84,99.49,70.72,184.8,32040,3391113.6,"300 Surface Courses"
"0340-6084","D-GR HMA (METHOD) (TY 84)","2024/2014","TON",109.76,113.05,103.17,72.08,189.75,33610,3689033.6,"300 Surface Courses"
"0340-6085","D-GR HMA (METHOD) (TY 85)","2024/2014","TON",86.24,91.41,81.07,68,165,35180,3033923.2,"300 Surface Courses"
"0341-6001","D-GR HMA (QC/QA) (TY 1)","2024/2014","TON",98.56,92.65,92.65,79,185,500,49280,"300 Surface Courses"
"0341-6002","D-GR HMA (QC/QA) (TY 2)","2024/2014","TON",103.04,99.95,96.86,80.58,190.55,2070,213292.8,"300 Surface Courses"
"0341-6003","D-GR HMA (QC/QA) (TY 3)","2024/2014","TON",107.52,107.52,101.07,82.16,196.1,3640,391372.8,"300 Surface Courses"
"0341-6004","D-GR HMA (QC/QA) (TY 4)","2024/2014","TON",112,115.36,105.28,83.74,201.65,5210,583520,"300 Surface Courses"
"0341-6005","D-GR HMA (QC/QA) (TY 5)","2024/2014","TON",116.48,123.47,109.49,79,207.2,6780,789734.4,"300 Surface Courses"
"0341-6006","D-GR HMA (QC/QA) (TY 6)","2024/2014","TON",120.96,113.7,113.7,80.58,212.75,8350,1010016,"300 Surface Courses"
"0341-6007","D-GR HMA (QC/QA) (TY 7)","2024/2014","TON",125.44,121.68,117.91,82.16,185,9920,1244364.8,"300 Surface Courses"
"0341-6008","D-GR HMA (QC/QA) (TY 8)","2024/2014","TON",98.56,98.56,92.65,83.74,190.55,11490,1132454.4,"300 Surface Courses"
"0341-6009","D-GR HMA (QC/QA) (TY 9)","2024/2014","TON",103.04,106.13,96.86,79,196.1,13060,1345702.4,"300 Surface Courses"
"0341-6010","D-GR HMA (QC/QA) (TY 10)","2024/2014","TON",107.52,113.97,101.07,80.58,201.65,3830,411801.6,"300 Surface Courses"
"0341-6011","D-GR HMA (QC/QA) (TY 11)","2024/2014","TON",112,105.28,105.28,82.16,207.2,5400,604800,"300 Surface Courses"
"0341-6012","D-GR HMA (QC/QA) (TY 12)","2024/2014","TON",116.48,112.99,109.49,83.74,212.75,6970,811865.6,"300 Surface Courses"
"0341-6013","D-GR HMA (QC/QA) (TY 13)","2024/2014","TON",120.96,120.96,113.7,79,185,8540,1032998.4,"300 Surface Courses"
"0341-6014","D-GR HMA (QC/QA) (TY 14)","2024/2014","TON",125.44,129.2,117.91,80.58,190.55,10110,1268198.4,"300 Surface Courses"
"0341-6015","D-GR HMA (QC/QA) (TY 15)","2024/2014","TON",98.56,104.47,92.65,82.16,196.1,11680,1151180.8,"300 Surface Courses"
"0341-6016","D-GR HMA (QC/QA) (TY 16)","2024/2014","TON",103.04,96.86,96.86,83.74,201.65,13250,1365280,"300 Surface Courses"
"0341-6017","D-GR HMA (QC/QA) (TY 17)","2024/2014","TON",107.52,104.29,101.07,79,207.2,14820,1593446.4,"300 Surface Courses"
"0341-6018","D-GR HMA (QC/QA) (TY 18)","2024/2014","TON",112,112,105.28,80.58,212.75,16390,1835680,"300 Surface Courses"
"0341-6019","D-GR HMA (QC/QA) (TY 19)","2024/2014","TON",116.48,119.97,109.49,82.16,185,7160,833996.8,"300 Surface Courses"
"0341-6020","D-GR HMA (QC/QA) (TY 20)","2024/2014","TON",120.96,128.22,113.7,83.74,190.55,8730,1055980.8,"300 Surface Courses"
"0341-6021","D-GR HMA (QC/QA) (TY 21)","2024/2014","TON",125.44,117.91,117.91,79,196.1,10300,1292032,"300 Surface Courses"
"0341-6022","D-GR HMA (QC/QA) (TY 22)","2024/2014","TON",98.56,95.6,92.65,80.58,201.65,11870,1169907.2,"300 Surface Courses"
"0341-6023","D-GR HMA (QC/QA) (TY 23)","2024/2014","TON",103.04,103.04,96.86,82.16,207.2,13440,1384857.6,"300 Surface Courses"
"0341-6024","D-GR HMA (QC/QA) (TY 24)","2024/2014","TON",107.52,110.75,101.07,83.74,212.75,15010,1613875.2,"300 Surface Courses"
"0341-6025","D-GR HMA (QC/QA) (TY 25)","2024/2014","TON",112,118.72,105.28,79,185,16580,1856960,"300 Surface Courses"
"0341-6026","D-GR HMA (QC/QA) (TY 26)","2024/2014","TON",116.48,109.49,109.49,80.58,190.55,18150,2114112,"300 Surface Courses"
"0341-6027","D-GR HMA (QC/QA) (TY 27)","2024/2014","TON",120.96,117.33,113.7,82.16,196.1,19720,2385331.2,"300 Surface Courses"
"0341-6028","D-GR HMA (QC/QA) (TY 28)","2024/2014","TON",125.44,125.44,117.91,83.74,201.65,10490,1315865.6,"300 Surface Courses"
"0341-6029","D-GR HMA (QC/QA) (TY 29)","2024/2014","TON",98.56,101.52,92.65,79,207.2,12060,1188633.6,"300 Surface Courses"
"0341-6030","D-GR HMA (QC/QA) (TY 30)","2024/2014","TON",103.04,109.22,96.86,80.58,212.75,13630,1404435.2,"300 Surface Courses"
"0341-6031","D-GR HMA (QC/QA) (TY 31)","2024/2014","TON",107.52,101.07,101.07,82.16,185,15200,1634304,"300 Surface Courses"
"0341-6032","D-GR HMA (QC/QA) (TY 32)","2024/2014","TON",112,108.64,105.28,83.74,190.55,16770,1878240,"300 Surface Courses"
"0341-6033","D-GR HMA (QC/QA) (TY 33)","2024/2014","TON",116.48,116.48,109.49,79,196.1,18340,2136243.2,"300 Surface Courses"
"0341-6034","D-GR HMA (QC/QA) (TY 34)","2024/2014","TON",120.96,124.59,113.7,80.58,201.65,19910,2408313.6,"300 Surface Courses"
"0341-6035","D-GR HMA (QC/QA) (TY 35)","2024/2014","TON",125.44,132.97,117.91,82.16,207.2,21480,2694451.2,"300 Surface Courses"
"0341-6036","D-GR HMA (QC/QA) (TY 36)","2024/2014","TON",98.56,92.65,92.65,83.74,212.75,23050,2271808,"300 Surface Courses"
"0341-6037","D-GR HMA (QC/QA) (TY 37)","2024/2014","TON",103.04,99.95,96.86,79,185,13820,1424012.8,"300 Surface Courses"
"0341-6038","D-GR HMA (QC/QA) (TY 38)","2024/2014","TON",107.52,107.52,101.07,80.58,190.55,15390,1654732.8,"300 Surface Courses"
"0341-6039","D-GR HMA (QC/QA) (TY 39)","2024/2014","TON",112,115.36,105.28,82.16,196.1,16960,1899520,"300 Surface Courses"
"0341-6040","D-GR HMA (QC/QA) (TY 40)","2024/2014","TON",116.48,123.47,109.49,83.74,201.65,18530,2158374.4,"300 Surface Courses"
"0341-6041","D-GR HMA (QC/QA) (TY 41)","2024/2014","TON",120.96,113.7,113.7,79,207.2,20100,2431296,"300 Surface Courses"
"0341-6042","D-GR HMA (QC/QA) (TY 42)","2024/2014","TON",125.44,121.68,117.91,80.58,212.75,21670,2718284.8,"300 Surface Courses"
"0341-6043","D-GR HMA (QC/QA) (TY 43)","2024/2014","TON",98.56,98.56,92.65,82.16,185,23240,2290534.4,"300 Surface Courses"
"0341-6044","D-GR HMA (QC/QA) (TY 44)","2024/2014","TON",103.04,106.13,96.86,83.74,190.55,24810,2556422.4,"300 Surface Courses"
"0341-6045","D-GR HMA (QC/QA) (TY 45)","2024/2014","TON",107.52,113.97,101.07,79,196.1,26380,2836377.6,"300 Surface Courses"
"0341-6046","D-GR HMA (QC/QA) (TY 46)","2024/2014","TON",112,105.28,105.28,80.58,201.65,17150,1920800,"300 Surface Courses"
"0341-6047","D-GR HMA (QC/QA) (TY 47)","2024/2014","TON",116.48,112.99,109.49,82.16,207.2,18720,2180505.6,"300 Surface Courses"
"0341-6048","D-GR HMA (QC/QA) (TY 48)","2024/2014","TON",120.96,120.96,113.7,83.74,212.75,20290,2454278.4,"300 Surface Courses"
"0341-6049","D-GR HMA (QC/QA) (TY 49)","2024/2014","TON",125.44,129.2,117.91,79,185,21860,2742118.4,"300 Surface Courses"
"0341-6050","D-GR HMA (QC/QA) (TY 50)","2024/2014","TON",98.56,104.47,92.65,80.58,190.55,23430,2309260.8,"300 Surface Courses"
"0341-6051","D-GR HMA (QC/QA) (TY 51)","2024/2014","TON",103.04,96.86,96.86,82.16,196.1,25000,2576000,"300 Surface Courses"
"0341-6052","D-GR HMA (QC/QA) (TY 52)","2024/2014","TON",107.52,104.29,101.07,83.74,201.65,26570,2856806.4,"300 Surface Courses"
"0341-6053","D-GR HMA (QC/QA) (TY 53)","2024/2014","TON",112,112,105.28,79,207.2,28140,3151680,"300 Surface Courses"
"0341-6054","D-GR HMA (QC/QA) (TY 54)","2024/2014","TON",116.48,119.97,109.49,80.58,212.75,29710,3460620.8,"300 Surface Courses"
"0341-6055","D-GR HMA (QC/QA) (TY 55)","2024/2014","TON",120.96,128.22,113.7,82.16,185,20480,2477260.8,"300 Surface Courses"
"0341-6056","D-GR HMA (QC/QA) (TY 56)","2024/2014","TON",125.44,117.91,117.91,83.74,190.55,22050,2765952,"300 Surface Courses"
"0341-6057","D-GR HMA (QC/QA) (TY 57)","2024/2014","TON",98.56,95.6,92.65,79,196.1,23620,2327987.2,"300 Surface Courses"
"0341-6058","D-GR HMA (QC/QA) (TY 58)","2024/2014","TON",103.04,103.04,96.86,80.58,201.65,25190,2595577.6,"300 Surface Courses"
"0341-6059","D-GR HMA (QC/QA) (TY 59)","2024/2014","TON",107.52,110.75,101.07,82.16,207.2,26760,2877235.2,"300 Surface Courses"
"0341-6060","D-GR HMA (QC/QA) (TY 60)","2024/2014","TON",112,118.72,105.28,83.74,212.75,28330,3172960,"300 Surface Courses"
"0341-6061","D-GR HMA (QC/QA) (TY 61)","2024/2014","TON",116.48,109.49,109.49,79,185,29900,3482752,"300 Surface Courses"
"0341-6062","D-GR HMA (QC/QA) (TY 62)","2024/2014","TON",120.96,117.33,113.7,80.58,190.55,31470,3806611.2,"300 Surface Courses"
"0341-6063","D-GR HMA (QC/QA) (TY 63)","2024/2014","TON",125.44,125.44,117.91,82.16,196.1,33040,4144537.6,"300 Surface Courses"
"0341-6064","D-GR HMA (QC/QA) (TY 64)","2024/2014","TON",98.56,101.52,92.65,83.74,201.65,23810,2346713.6,"300 Surface Courses"
"0341-6065","D-GR HMA (QC/QA) (TY 65)","2024/2014","TON",103.04,109.22,96.86,79,207.2,25380,2615155.2,"300 Surface Courses"
"0341-6066","D-GR HMA (QC/QA) (TY 66)","2024/2014","TON",107.52,101.07,101.07,80.58,212.75,26950,2897664,"300 Surface Courses"
"0341-6067","D-GR HMA (QC/QA) (TY 67)","2024/2014","TON",112,108.64,105.28,82.16,185,28520,3194240,"300 Surface Courses"
"0341-6068","D-GR HMA (QC/QA) (TY 68)","2024/2014","TON",116.48,116.48,109.49,83.74,190.55,30090,3504883.2,"300 Surface Courses"
"0341-6069","D-GR HMA (QC/QA) (TY 69)","2024/2014","TON",120.96,124.59,113.7,79,196.1,31660,3829593.6,"300 Surface Courses"
"0341-6070","D-GR HMA (QC/QA) (TY 70)","2024/2014","TON",125.44,132.97,117.91,80.58,201.65,33230,4168371.2,"300 Surface Courses"
"0341-6071","D-GR HMA (QC/QA) (TY 71)","2024/2014","TON",98.56,92.65,92.65,82.16,207.2,34800,3429888,"300 Surface Courses"
"0341-6072","D-GR HMA (QC/QA) (TY 72)","2024/2014","TON",103.04,99.95,96.86,83.74,212.75,36370,3747564.8,"300 Surface Courses"
"0341-6073","D-GR HMA (QC/QA) (TY 73)","2024/2014","TON",107.52,107.52,101.07,79,185,27140,2918092.8,"300 Surface Courses"
"0341-6074","D-GR HMA (QC/QA) (TY 74)","2024/2014","TON",112,115.36,105.28,80.58,190.55,28710,3215520,"300 Surface Courses"
"0341-6075","D-GR HMA (QC/QA) (TY 75)","2024/2014","TON",116.48,123.47,109.49,82.16,196.1,30280,3527014.4,"300 Surface Courses"
"0341-6076","D-GR HMA (QC/QA) (TY 76)","2024/2014","TON",120.96,113.7,113.7,83.74,201.65,31850,3852576,"300 Surface Courses"
"0341-6077","D-GR HMA (QC/QA) (TY 77)","2024/2014","TON",125.44,121.68,117.91,79,207.2,33420,4192204.8,"300 Surface Courses"
"0341-6078","D-GR HMA (QC/QA) (TY 78)","2024/2014","TON",98.56,98.56,92.65,80.58,212.75,34990,3448614.4,"300 Surface Courses"
"0341-6079","D-GR HMA (QC/QA) (TY 79)","2024/2014","TON",103.04,106.13,96.86,82.16,185,36560,3767142.4,"300 Surface Courses"
"0341-6080","D-GR HMA (QC/QA) (TY 80)","2024/2014","TON",107.52,113.97,101.07,83.74,190.55,38130,4099737.6,"300 Surface Courses"
"0341-6081","D-GR HMA (QC/QA) (TY 81)","2024/2014","TON",112,105.28,105.28,79,196.1,39700,4446400,"300 Surface Courses"
"0341-6082","D-GR HMA (QC/QA) (TY 82)","2024/2014","TON",116.48,112.99,109.49,80.58,201.65,30470,3549145.6,"300 Surface Courses"
"0341-6083","D-GR HMA (QC/QA) (TY 83)","2024/2014","TON",120.96,120.96,113.7,82.16,207.2,32040,3875558.4,"300 Surface Courses"
"0341-6084","D-GR HMA (QC/QA) (TY 84)","2024/2014","TON",125.44,129.2,117.91,83.74,212.75,33610,4216038.4,"300 Surface Courses"
"0341-6085","D-GR HMA (QC/QA) (TY 85)","2024/2014","TON",98.56,104.47,92.65,79,185,35180,3467340.8,"300 Surface Courses"
"0341-6086","D-GR HMA (QC/QA) (TY 86)","2024/2014","TON",103.04,96.86,96.86,80.58,190.55,36750,3786720,"300 Surface Courses"
"0341-6087","D-GR HMA (QC/QA) (TY 87)","2024/2014","TON",107.52,104.29,101.07,82.16,196.1,38320,4120166.4,"300 Surface Courses"
"0341-6088","D-GR HMA (QC/QA) (TY 88)","2024/2014","TON",112,112,105.28,83.74,201.65,39890,4467680,"300 Surface Courses"
"0341-6089","D-GR HMA (QC/QA) (TY 89)","2024/2014","TON",116.48,119.97,109.49,79,207.2,41460,4829260.8,"300 Surface Courses"
"0341-6090","D-GR HMA (QC/QA) (TY 90)","2024/2014","TON",120.96,128.22,113.7,80.58,212.75,43030,5204908.8,"300 Surface Courses"
"0341-6091","D-GR HMA (QC/QA) (TY 91)","2024/2014","TON",125.44,117.91,117.91,82.16,185,33800,4239872,"300 Surface Courses"
"0341-6092","D-GR HMA (QC/QA) (TY 92)","2024/2014","TON",98.56,95.6,92.65,83.74,190.55,35370,3486067.2,"300 Surface Courses"
"0341-6093","D-GR HMA (QC/QA) (TY 93)","2024/2014","TON",103.04,103.04,96.86,79,196.1,36940,3806297.6,"300 Surface Courses"
"0341-6094","D-GR HMA (QC/QA) (TY 94)","2024/2014","TON",107.52,110.75,101.07,80.58,201.65,38510,4140595.2,"300 Surface Courses"
"0341-6095","D-GR HMA (QC/QA) (TY 95)","2024/2014","TON",112,118.72,105.28,82.16,207.2,40080,4488960,"300 Surface Courses"
"0341-6096","D-GR HMA (QC/QA) (TY 96)","2024/2014","TON",116.48,109.49,109.49,83.74,212.75,41650,4851392,"300 Surface Courses"
"0341-6097","D-GR HMA (QC/QA) (TY 97)","2024/2014","TON",120.96,117.33,113.7,79,185,43220,5227891.2,"300 Surface Courses"
"0341-6098","D-GR HMA (QC/QA) (TY 98)","2024/2014","TON",125.44,125.44,117.91,80.58,190.55,44790,5618457.6,"300 Surface Courses"
"0341-6099","D-GR HMA (QC/QA) (TY 99)","2024/2014","TON",98.56,101.52,92.65,82.16,196.1,46360,4569241.6,"300 Surface Courses"
"0341-6100","D-GR HMA (QC/QA) (TY 100)","2024/2014","TON",103.04,109.22,96.86,83.74,201.65,37130,3825875.2,"300 Surface Courses"
"0341-6101","D-GR HMA (QC/QA) (TY 101)","2024/2014","TON",107.52,101.07,101.07,79,207.2,38700,4161024,"300 Surface Courses"
"0341-6102","D-GR HMA (QC/QA) (TY 102)","2024/2014","TON",112,108.64,105.28,80.58,212.75,40270,4510240,"300 Surface Courses"
"0341-6103","D-GR HMA (QC/QA) (TY 103)","2024/2014","TON",116.48,116.48,109.49,82.16,185,41840,4873523.2,"300 Surface Courses"
"0341-6104","D-GR HMA (QC/QA) (TY 104)","2024/2014","TON",120.96,124.59,113.7,83.74,190.55,43410,5250873.6,"300 Surface Courses"
"0341-6105","D-GR HMA (QC/QA) (TY 105)","2024/2014","TON",125.44,132.97,117.91,79,196.1,44980,5642291.2,"300 Surface Courses"
"0341-6106","D-GR HMA (QC/QA) (TY 106)","2024/2014","TON",98.56,92.65,92.65,80.58,201.65,46550,4587968,"300 Surface Courses"
"0341-6107","D-GR HMA (QC/QA) (TY 107)","2024/2014","TON",103.04,99.95,96.86,82.16,207.2,48120,4958284.8,"300 Surface Courses"
"0341-6108","D-GR HMA (QC/QA) (TY 108)","2024/2014","TON",107.52,107.52,101.07,83.74,212.75,49690,5342668.8,"300 Surface Courses"
"0341-6109","D-GR HMA (QC/QA) (TY 109)","2024/2014","TON",112,115.36,105.28,79,185,40460,4531520,"300 Surface Courses"
"0341-6110","D-GR HMA (QC/QA) (TY 110)","2024/2014","TON",116.48,123.47,109.49,80.58,190.55,42030,4895654.4,"300 Surface Courses"
"0344-6001","SUPERPAVE MIXES (TY 1)","2024/2014","TON",107.36,100.92,100.92,88,195,500,53680,"300 Surface Courses"
"0344-6002","SUPERPAVE MIXES (TY 2)","2024/2014","TON",112.24,108.87,105.51,89.76,200.85,2070,232336.8,"300 Surface Courses"
"0344-6003","SUPERPAVE MIXES (TY 3)","2024/2014","TON",117.12,117.12,110.09,91.52,206.7,3640,426316.8,"300 Surface Courses"
"0344-6004","SUPERPAVE MIXES (TY 4)","2024/2014","TON",122,125.66,114.68,93.28,212.55,5210,635620,"300 Surface Courses"
"0344-6005","SUPERPAVE MIXES (TY 5)","2024/2014","TON",126.88,134.49,119.27,88,218.4,6780,860246.4,"300 Surface Courses"
"0344-6006","SUPERPAVE MIXES (TY 6)","2024/2014","TON",131.76,123.85,123.85,89.76,224.25,8350,1100196,"300 Surface Courses"
"0344-6007","SUPERPAVE MIXES (TY 7)","2024/2014","TON",136.64,132.54,128.44,91.52,195,9920,1355468.8,"300 Surface Courses"
"0344-6008","SUPERPAVE MIXES (TY 8)","2024/2014","TON",107.36,107.36,100.92,93.28,200.85,11490,1233566.4,"300 Surface Courses"
"0344-6009","SUPERPAVE MIXES (TY 9)","2024/2014","TON",112.24,115.61,105.51,88,206.7,13060,1465854.4,"300 Surface Courses"
"0344-6010","SUPERPAVE MIXES (TY 10)","2024/2014","TON",117.12,124.15,110.09,89.76,212.55,3830,448569.6,"300 Surface Courses"
"0344-6011","SUPERPAVE MIXES (TY 11)","2024/2014","TON",122,114.68,114.68,91.52,218.4,5400,658800,"300 Surface Courses"
"0344-6012","SUPERPAVE MIXES (TY 12)","2024/2014","TON",126.88,123.07,119.27,93.28,224.25,6970,884353.6,"300 Surface Courses"
"0344-6013","SUPERPAVE MIXES (TY 13)","2024/2014","TON",131.76,131.76,123.85,88,195,8540,1125230.4,"300 Surface Courses"
"0344-6014","SUPERPAVE MIXES (TY 14)","2024/2014","TON",136.64,140.74,128.44,89.76,200.85,10110,1381430.4,"300 Surface Courses"
"0344-6015","SUPERPAVE MIXES (TY 15)","2024/2014","TON",107.36,113.8,100.92,91.52,206.7,11680,1253964.8,"300 Surface Courses"
"0344-6016","SUPERPAVE MIXES (TY 16)","2024/2014","TON",112.24,105.51,105.51,93.28,212.55,13250,1487180,"300 Surface Courses"
"0344-6017","SUPERPAVE MIXES (TY 17)","2024/2014","TON",117.12,113.61,110.09,88,218.4,14820,1735718.4,"300 Surface Courses"
"0344-6018","SUPERPAVE MIXES (TY 18)","2024/2014","TON",122,122,114.68,89.76,224.25,16390,1999580,"300 Surface Courses"
"0344-6019","SUPERPAVE MIXES (TY 19)","2024/2014","TON",126.88,130.69,119.27,91.52,195,7160,908460.8,"300 Surface Courses"
"0344-6020","SUPERPAVE MIXES (TY 20)","2024/2014","TON",131.76,139.67,123.85,93.28,200.85,8730,1150264.8,"300 Surface Courses"
"0344-6021","SUPERPAVE MIXES (TY 21)","2024/2014","TON",136.64,128.44,128.44,88,206.7,10300,1407392,"300 Surface Courses"
"0344-6022","SUPERPAVE MIXES (TY 22)","2024/2014","TON",107.36,104.14,100.92,89.76,212.55,11870,1274363.2,"300 Surface Courses"
"0344-6023","SUPERPAVE MIXES (TY 23)","2024/2014","TON",112.24,112.24,105.51,91.52,218.4,13440,1508505.6,"300 Surface Courses"
"0344-6024","SUPERPAVE MIXES (TY 24)","2024/2014","TON",117.12,120.63,110.09,93.28,224.25,15010,1757971.2,"300 Surface Courses"
"0344-6025","SUPERPAVE MIXES (TY 25)","2024/2014","TON",122,129.32,114.68,88,195,16580,2022760,"300 Surface Courses"
"0344-6026","SUPERPAVE MIXES (TY 26)","2024/2014","TON",126.88,119.27,119.27,89.76,200.85,18150,2302872,"300 Surface Courses"
"0344-6027","SUPERPAVE MIXES (TY 27)","2024/2014","TON",131.76,127.81,123.85,91.52,206.7,19720,2598307.2,"300 Surface Courses"
"0344-6028","SUPERPAVE MIXES (TY 28)","2024/2014","TON",136.64,136.64,128.44,93.28,212.55,10490,1433353.6,"300 Surface Courses"
"0344-6029","SUPERPAVE MIXES (TY 29)","2024/2014","TON",107.36,110.58,100.92,88,218.4,12060,1294761.6,"300 Surface Courses"
"0344-6030","SUPERPAVE MIXES (TY 30)","2024/2014","TON",112.24,118.97,105.51,89.76,224.25,13630,1529831.2,"300 Surface Courses"
"0344-6031","SUPERPAVE MIXES (TY 31)","2024/2014","TON",117.12,110.09,110.09,91.52,195,15200,1780224,"300 Surface Courses"
"0344-6032","SUPERPAVE MIXES (TY 32)","2024/2014","TON",122,118.34,114.68,93.28,200.85,16770,2045940,"300 Surface Courses"
"0344-6033","SUPERPAVE MIXES (TY 33)","2024/2014","TON",126.88,126.88,119.27,88,206.7,18340,2326979.2,"300 Surface Courses"
"0344-6034","SUPERPAVE MIXES (TY 34)","2024/2014","TON",131.76,135.71,123.85,89.76,212.55,19910,2623341.6,"300 Surface Courses"
"0344-6035","SUPERPAVE MIXES (TY 35)","2024/2014","TON",136.64,144.84,128.44,91.52,218.4,21480,2935027.2,"300 Surface Courses"
"0344-6036","SUPERPAVE MIXES (TY 36)","2024/2014","TON",107.36,100.92,100.92,93.28,224.25,23050,2474648,"300 Surface Courses"
"0344-6037","SUPERPAVE MIXES (TY 37)","2024/2014","TON",112.24,108.87,105.51,88,195,13820,1551156.8,"300 Surface Courses"
"0344-6038","SUPERPAVE MIXES (TY 38)","2024/2014","TON",117.12,117.12,110.09,89.76,200.85,15390,1802476.8,"300 Surface Courses"
"0344-6039","SUPERPAVE MIXES (TY 39)","2024/2014","TON",122,125.66,114.68,91.52,206.7,16960,2069120,"300 Surface Courses"
"0344-6040","SUPERPAVE MIXES (TY 40)","2024/2014","TON",126.88,134.49,119.27,93.28,212.55,18530,2351086.4,"300 Surface Courses"
"0344-6041","SUPERPAVE MIXES (TY 41)","2024/2014","TON",131.76,123.85,123.85,88,218.4,20100,2648376,"300 Surface Courses"
"0344-6042","SUPERPAVE MIXES (TY 42)","2024/2014","TON",136.64,132.54,128.44,89.76,224.25,21670,2960988.8,"300 Surface Courses"
"0344-6043","SUPERPAVE MIXES (TY 43)","2024/2014","TON",107.36,107.36,100.92,91.52,195,23240,2495046.4,"300 Surface Courses"
"0344-6044","SUPERPAVE MIXES (TY 44)","2024/2014","TON",112.24,115.61,105.51,93.28,200.85,24810,2784674.4,"300 Surface Courses"
"0344-6045","SUPERPAVE MIXES (TY 45)","2024/2014","TON",117.12,124.15,110.09,88,206.7,26380,3089625.6,"300 Surface Courses"
"0344-6046","SUPERPAVE MIXES (TY 46)","2024/2014","TON",122,114.68,114.68,89.76,212.55,17150,2092300,"300 Surface Courses"
"0344-6047","SUPERPAVE MIXES (TY 47)","2024/2014","TON",126.88,123.07,119.27,91.52,218.4,18720,2375193.6,"300 Surface Courses"
"0344-6048","SUPERPAVE MIXES (TY 48)","2024/2014","TON",131.76,131.76,123.85,93.28,224.25,20290,2673410.4,"300 Surface Courses"
"0344-6049","SUPERPAVE MIXES (TY 49)","2024/2014","TON",136.64,140.74,128.44,88,195,21860,2986950.4,"300 Surface Courses"
"0344-6050","SUPERPAVE MIXES (TY 50)","2024/2014","TON",107.36,113.8,100.92,89.76,200.85,23430,2515444.8,"300 Surface Courses"
"0344-6051","SUPERPAVE MIXES (TY 51)","2024/2014","TON",112.24,105.51,105.51,91.52,206.7,25000,2806000,"300 Surface Courses"
"0344-6052","SUPERPAVE MIXES (TY 52)","2024/2014","TON",117.12,113.61,110.09,93.28,212.55,26570,3111878.4,"300 Surface Courses"
"0344-6053","SUPERPAVE MIXES (TY 53)","2024/2014","TON",122,122,114.68,88,218.4,28140,3433080,"300 Surface Courses"
"0344-6054","SUPERPAVE MIXES (TY 54)","2024/2014","TON",126.88,130.69,119.27,89.76,224.25,29710,3769604.8,"300 Surface Courses"
"0344-6055","SUPERPAVE MIXES (TY 55)","2024/2014","TON",131.76,139.67,123.85,91.52,195,20480,2698444.8,"300 Surface Courses"
"0344-6056","SUPERPAVE MIXES (TY 56)","2024/2014","TON",136.64,128.44,128.44,93.28,200.85,22050,3012912,"300 Surface Courses"
"0344-6057","SUPERPAVE MIXES (TY 57)","2024/2014","TON",107.36,104.14,100.92,88,206.7,23620,2535843.2,"300 Surface Courses"
"0344-6058","SUPERPAVE MIXES (TY 58)","2024/2014","TON",112.24,112.24,105.51,89.76,212.55,25190,2827325.6,"300 Surface Courses"
"0344-6059","SUPERPAVE MIXES (TY 59)","2024/2014","TON",117.12,120.63,110.09,91.52,218.4,26760,3134131.2,"300 Surface Courses"
"0344-6060","SUPERPAVE MIXES (TY 60)","2024/2014","TON",122,129.32,114.68,93.28,224.25,28330,3456260,"300 Surface Courses"
"0344-6061","SUPERPAVE MIXES (TY 61)","2024/2014","TON",126.88,119.27,119.27,88,195,29900,3793712,"300 Surface Courses"
"0344-6062","SUPERPAVE MIXES (TY 62)","2024/2014","TON",131.76,127.81,123.85,89.76,200.85,31470,4146487.2,"300 Surface Courses"
"0344-6063","SUPERPAVE MIXES (TY 63)","2024/2014","TON",136.64,136.64,128.44,91.52,206.7,33040,4514585.6,"300 Surface Courses"
"0344-6064","SUPERPAVE MIXES (TY 64)","2024/2014","TON",107.36,110.58,100.92,93.28,212.55,23810,2556241.6,"300 Surface Courses"
"0344-6065","SUPERPAVE MIXES (TY 65)","2024/2014","TON",112.24,118.97,105.51,88,218.4,25380,2848651.2,"300 Surface Courses"
"0344-6066","SUPERPAVE MIXES (TY 66)","2024/2014","TON",117.12,110.09,110.09,89.76,224.25,26950,3156384,"300 Surface Courses"
"0344-6067","SUPERPAVE MIXES (TY 67)","2024/2014","TON",122,118.34,114.68,91.52,195,28520,3479440,"300 Surface Courses"
"0344-6068","SUPERPAVE MIXES (TY 68)","2024/2014","TON",126.88,126.88,119.27,93.28,200.85,30090,3817819.2,"300 Surface Courses"
"0344-6069","SUPERPAVE MIXES (TY 69)","2024/2014","TON",131.76,135.71,123.85,88,206.7,31660,4171521.6,"300 Surface Courses"
"0344-6070","SUPERPAVE MIXES (TY 70)","2024/2014","TON",136.64,144.84,128.44,89.76,212.55,33230,4540547.2,"300 Surface Courses"
"0344-6071","SUPERPAVE MIXES (TY 71)","2024/2014","TON",107.36,100.92,100.92,91.52,218.4,34800,3736128,"300 Surface Courses"
"0344-6072","SUPERPAVE MIXES (TY 72)","2024/2014","TON",112.24,108.87,105.51,93.28,224.25,36370,4082168.8,"300 Surface Courses"
"0344-6073","SUPERPAVE MIXES (TY 73)","2024/2014","TON",117.12,117.12,110.09,88,195,27140,3178636.8,"300 Surface Courses"
"0344-6074","SUPERPAVE MIXES (TY 74)","2024/2014","TON",122,125.66,114.68,89.76,200.85,28710,3502620,"300 Surface Courses"
"0344-6075","SUPERPAVE MIXES (TY 75)","2024/2014","TON",126.88,134.49,119.27,91.52,206.7,30280,3841926.4,"300 Surface Courses"
"0344-6076","SUPERPAVE MIXES (TY 76)","2024/2014","TON",131.76,123.85,123.85,93.28,212.55,31850,4196556,"300 Surface Courses"
"0344-6077","SUPERPAVE MIXES (TY 77)","2024/2014","TON",136.64,132.54,128.44,88,218.4,33420,4566508.8,"300 Surface Courses"
"0344-6078","SUPERPAVE MIXES (TY 78)","2024/2014","TON",107.36,107.36,100.92,89.76,224.25,34990,3756526.4,"300 Surface Courses"
"0344-6079","SUPERPAVE MIXES (TY 79)","2024/2014","TON",112.24,115.61,105.51,91.52,195,36560,4103494.4,"300 Surface Courses"
"0344-6080","SUPERPAVE MIXES (TY 80)","2024/2014","TON",117.12,124.15,110.09,93.28,200.85,38130,4465785.6,"300 Surface Courses"
"0344-6081","SUPERPAVE MIXES (TY 81)","2024/2014","TON",122,114.68,114.68,88,206.7,39700,4843400,"300 Surface Courses"
"0344-6082","SUPERPAVE MIXES (TY 82)","2024/2014","TON",126.88,123.07,119.27,89.76,212.55,30470,3866033.6,"300 Surface Courses"
"0344-6083","SUPERPAVE MIXES (TY 83)","2024/2014","TON",131.76,131.76,123.85,91.52,218.4,32040,4221590.4,"300 Surface Courses"
"0344-6084","SUPERPAVE MIXES (TY 84)","2024/2014","TON",136.64,140.74,128.44,93.28,224.25,33610,4592470.4,"300 Surface Courses"
"0344-6085","SUPERPAVE MIXES (TY 85)","2024/2014","TON",107.36,113.8,100.92,88,195,35180,3776924.8,"300 Surface Courses"
"0344-6086","SUPERPAVE MIXES (TY 86)","2024/2014","TON",112.24,105.51,105.51,89.76,200.85,36750,4124820,"300 Surface Courses"
"0344-6087","SUPERPAVE MIXES (TY 87)","2024/2014","TON",117.12,113.61,110.09,91.52,206.7,38320,4488038.4,"300 Surface Courses"
"0344-6088","SUPERPAVE MIXES (TY 88)","2024/2014","TON",122,122,114.68,93.28,212.55,39890,4866580,"300 Surface Courses"
"0344-6089","SUPERPAVE MIXES (TY 89)","2024/2014","TON",126.88,130.69,119.27,88,218.4,41460,5260444.8,"300 Surface Courses"
"0344-6090","SUPERPAVE MIXES (TY 90)","2024/2014","TON",131.76,139.67,123.85,89.76,224.25,43030,5669632.8,"300 Surface Courses"
"0344-6091","SUPERPAVE MIXES (TY 91)","2024/2014","TON",136.64,128.44,128.44,91.52,195,33800,4618432,"300 Surface Courses"
"0344-6092","SUPERPAVE MIXES (TY 92)","2024/2014","TON",107.36,104.14,100.92,93.28,200.85,35370,3797323.2,"300 Surface Courses"
"0344-6093","SUPERPAVE MIXES (TY 93)","2024/2014","TON",112.24,112.24,105.51,88,206.7,36940,4146145.6,"300 Surface Courses"
"0344-6094","SUPERPAVE MIXES (TY 94)","2024/2014","TON",117.12,120.63,110.09,89.76,212.55,38510,4510291.2,"300 Surface Courses"
"0344-6095","SUPERPAVE MIXES (TY 95)","2024/2014","TON",122,129.32,114.68,91.52,218.4,40080,4889760,"300 Surface Courses"
"0346-6001","STONE-MATRIX ASPHALT (SMA) (TY 1)","2024/2014","TON",142.56,134.01,134.01,115,250,500,71280,"300 Surface Courses"
"0346-6002","STONE-MATRIX ASPHALT (SMA) (TY 2)","2024/2014","TON",149.04,144.57,140.1,117.3,257.5,2070,308512.8,"300 Surface Courses"
"0346-6003","STONE-MATRIX ASPHALT (SMA) (TY 3)","2024/2014","TON",155.52,155.52,146.19,119.6,265,3640,566092.8,"300 Surface Courses"
"0346-6004","STONE-MATRIX ASPHALT (SMA) (TY 4)","2024/2014","TON",162,166.86,152.28,121.9,272.5,5210,844020,"300 Surface Courses"
"0346-6005","STONE-MATRIX ASPHALT (SMA) (TY 5)","2024/2014","TON",168.48,178.59,158.37,115,280,6780,1142294.4,"300 Surface Courses"
"0346-6006","STONE-MATRIX ASPHALT (SMA) (TY 6)","2024/2014","TON",174.96,164.46,164.46,117.3,287.5,8350,1460916,"300 Surface Courses"
"0346-6007","STONE-MATRIX ASPHALT (SMA) (TY 7)","2024/2014","TON",181.44,176,170.55,119.6,250,9920,1799884.8,"300 Surface Courses"
"0346-6008","STONE-MATRIX ASPHALT (SMA) (TY 8)","2024/2014","TON",142.56,142.56,134.01,121.9,257.5,11490,1638014.4,"300 Surface Courses"
"0346-6009","STONE-MATRIX ASPHALT (SMA) (TY 9)","2024/2014","TON",149.04,153.51,140.1,115,265,13060,1946462.4,"300 Surface Courses"
"0346-6010","STONE-MATRIX ASPHALT (SMA) (TY 10)","2024/2014","TON",155.52,164.85,146.19,117.3,272.5,3830,595641.6,"300 Surface Courses"
"0346-6011","STONE-MATRIX ASPHALT (SMA) (TY 11)","2024/2014","TON",162,152.28,152.28,119.6,280,5400,874800,"300 Surface Courses"
"0346-6012","STONE-MATRIX ASPHALT (SMA) (TY 12)","2024/2014","TON",168.48,163.43,158.37,121.9,287.5,6970,1174305.6,"300 Surface Courses"
"0346-6013","STONE-MATRIX ASPHALT (SMA) (TY 13)","2024/2014","TON",174.96,174.96,164.46,115,250,8540,1494158.4,"300 Surface Courses"
"0346-6014","STONE-MATRIX ASPHALT (SMA) (TY 14)","2024/2014","TON",181.44,186.88,170.55,117.3,257.5,10110,1834358.4,"300 Surface Courses"
"0346-6015","STONE-MATRIX ASPHALT (SMA) (TY 15)","2024/2014","TON",142.56,151.11,134.01,119.6,265,11680,1665100.8,"300 Surface Courses"
"0346-6016","STONE-MATRIX ASPHALT (SMA) (TY 16)","2024/2014","TON",149.04,140.1,140.1,121.9,272.5,13250,1974780,"300 Surface Courses"
"0346-6017","STONE-MATRIX ASPHALT (SMA) (TY 17)","2024/2014","TON",155.52,150.85,146.19,115,280,14820,2304806.4,"300 Surface Courses"
"0346-6018","STONE-MATRIX ASPHALT (SMA) (TY 18)","2024/2014","TON",162,162,152.28,117.3,287.5,16390,2655180,"300 Surface Courses"
"0346-6019","STONE-MATRIX ASPHALT (SMA) (TY 19)","2024/2014","TON",168.48,173.53,158.37,119.6,250,7160,1206316.8,"300 Surface Courses"
"0346-6020","STONE-MATRIX ASPHALT (SMA) (TY 20)","2024/2014","TON",174.96,185.46,164.46,121.9,257.5,8730,1527400.8,"300 Surface Courses"
"0346-6021","STONE-MATRIX ASPHALT (SMA) (TY 21)","2024/2014","TON",181.44,170.55,170.55,115,265,10300,1868832,"300 Surface Courses"
"0346-6022","STONE-MATRIX ASPHALT (SMA) (TY 22)","2024/2014","TON",142.56,138.28,134.01,117.3,272.5,11870,1692187.2,"300 Surface Courses"
"0346-6023","STONE-MATRIX ASPHALT (SMA) (TY 23)","2024/2014","TON",149.04,149.04,140.1,119.6,280,13440,2003097.6,"300 Surface Courses"
"0346-6024","STONE-MATRIX ASPHALT (SMA) (TY 24)","2024/2014","TON",155.52,160.19,146.19,121.9,287.5,15010,2334355.2,"300 Surface Courses"
"0346-6025","STONE-MATRIX ASPHALT (SMA) (TY 25)","2024/2014","TON",162,171.72,152.28,115,250,16580,2685960,"300 Surface Courses"
"0346-6026","STONE-MATRIX ASPHALT (SMA) (TY 26)","2024/2014","TON",168.48,158.37,158.37,117.3,257.5,18150,3057912,"300 Surface Courses"
"0346-6027","STONE-MATRIX ASPHALT (SMA) (TY 27)","2024/2014","TON",174.96,169.71,164.46,119.6,265,19720,3450211.2,"300 Surface Courses"
"0346-6028","STONE-MATRIX ASPHALT (SMA) (TY 28)","2024/2014","TON",181.44,181.44,170.55,121.9,272.5,10490,1903305.6,"300 Surface Courses"
"0346-6029","STONE-MATRIX ASPHALT (SMA) (TY 29)","2024/2014","TON",142.56,146.84,134.01,115,280,12060,1719273.6,"300 Surface Courses"
"0346-6030","STONE-MATRIX ASPHALT (SMA) (TY 30)","2024/2014","TON",149.04,157.98,140.1,117.3,287.5,13630,2031415.2,"300 Surface Courses"
"0346-6031","STONE-MATRIX ASPHALT (SMA) (TY 31)","2024/2014","TON",155.52,146.19,146.19,119.6,250,15200,2363904,"300 Surface Courses"
"0346-6032","STONE-MATRIX ASPHALT (SMA) (TY 32)","2024/2014","TON",162,157.14,152.28,121.9,257.5,16770,2716740,"300 Surface Courses"
"0346-6033","STONE-MATRIX ASPHALT (SMA) (TY 33)","2024/2014","TON",168.48,168.48,158.37,115,265,18340,3089923.2,"300 Surface Courses"
"0346-6034","STONE-MATRIX ASPHALT (SMA) (TY 34)","2024/2014","TON",174.96,180.21,164.46,117.3,272.5,19910,3483453.6,"300 Surface Courses"
"0346-6035","STONE-MATRIX ASPHALT (SMA) (TY 35)","2024/2014","TON",181.44,192.33,170.55,119.6,280,21480,3897331.2,"300 Surface Courses"
"0346-6036","STONE-MATRIX ASPHALT (SMA) (TY 36)","2024/2014","TON",142.56,134.01,134.01,121.9,287.5,23050,3286008,"300 Surface Courses"
"0346-6037","STONE-MATRIX ASPHALT (SMA) (TY 37)","2024/2014","TON",149.04,144.57,140.1,115,250,13820,2059732.8,"300 Surface Courses"
"0346-6038","STONE-MATRIX ASPHALT (SMA) (TY 38)","2024/2014","TON",155.52,155.52,146.19,117.3,257.5,15390,2393452.8,"300 Surface Courses"
"0346-6039","STONE-MATRIX ASPHALT (SMA) (TY 39)","2024/2014","TON",162,166.86,152.28,119.6,265,16960,2747520,"300 Surface Courses"
"0346-6040","STONE-MATRIX ASPHALT (SMA) (TY 40)","2024/2014","TON",168.48,178.59,158.37,121.9,272.5,18530,3121934.4,"300 Surface Courses"
"0346-6041","STONE-MATRIX ASPHALT (SMA) (TY 41)","2024/2014","TON",174.96,164.46,164.46,115,280,20100,3516696,"300 Surface Courses"
"0346-6042","STONE-MATRIX ASPHALT (SMA) (TY 42)","2024/2014","TON",181.44,176,170.55,117.3,287.5,21670,3931804.8,"300 Surface Courses"
"0346-6043","STONE-MATRIX ASPHALT (SMA) (TY 43)","2024/2014","TON",142.56,142.56,134.01,119.6,250,23240,3313094.4,"300 Surface Courses"
"0346-6044","STONE-MATRIX ASPHALT (SMA) (TY 44)","2024/2014","TON",149.04,153.51,140.1,121.9,257.5,24810,3697682.4,"300 Surface Courses"
"0346-6045","STONE-MATRIX ASPHALT (SMA) (TY 45)","2024/2014","TON",155.52,164.85,146.19,115,265,26380,4102617.6,"300 Surface Courses"
"0346-6046","STONE-MATRIX ASPHALT (SMA) (TY 46)","2024/2014","TON",162,152.28,152.28,117.3,272.5,17150,2778300,"300 Surface Courses"
"0346-6047","STONE-MATRIX ASPHALT (SMA) (TY 47)","2024/2014","TON",168.48,163.43,158.37,119.6,280,18720,3153945.6,"300 Surface Courses"
"0346-6048","STONE-MATRIX ASPHALT (SMA) (TY 48)","2024/2014","TON",174.96,174.96,164.46,121.9,287.5,20290,3549938.4,"300 Surface Courses"
"0346-6049","STONE-MATRIX ASPHALT (SMA) (TY 49)","2024/2014","TON",181.44,186.88,170.55,115,250,21860,3966278.4,"300 Surface Courses"
"0346-6050","STONE-MATRIX ASPHALT (SMA) (TY 50)","2024/2014","TON",142.56,151.11,134.01,117.3,257.5,23430,3340180.8,"300 Surface Courses"
"0346-6051","STONE-MATRIX ASPHALT (SMA) (TY 51)","2024/2014","TON",149.04,140.1,140.1,119.6,265,25000,3726000,"300 Surface Courses"
"0346-6052","STONE-MATRIX ASPHALT (SMA) (TY 52)","2024/2014","TON",155.52,150.85,146.19,121.9,272.5,26570,4132166.4,"300 Surface Courses"
"0346-6053","STONE-MATRIX ASPHALT (SMA) (TY 53)","2024/2014","TON",162,162,152.28,115,280,28140,4558680,"300 Surface Courses"
"0346-6054","STONE-MATRIX ASPHALT (SMA) (TY 54)","2024/2014","TON",168.48,173.53,158.37,117.3,287.5,29710,5005540.8,"300 Surface Courses"
"0346-6055","STONE-MATRIX ASPHALT (SMA) (TY 55)","2024/2014","TON",174.96,185.46,164.46,119.6,250,20480,3583180.8,"300 Surface Courses"
"0354-6001","PLANE ASPH CONC PAV (TY 1)","2024/2014","SY",2.82,2.65,2.65,1.35,8.5,500,1410,"300 Surface Courses"
"0354-6002","PLANE ASPH CONC PAV (TY 2)","2024/2014","SY",2.94,2.85,2.76,1.38,8.76,2070,6085.8,"300 Surface Courses"
"0354-6003","PLANE ASPH CONC PAV (TY 3)","2024/2014","SY",3.07,3.07,2.89,1.4,9.01,3640,11174.8,"300 Surface Courses"
"0354-6004","PLANE ASPH CONC PAV (TY 4)","2024/2014","SY",3.2,3.3,3.01,1.43,9.26,5210,16672,"300 Surface Courses"
"0354-6005","PLANE ASPH CONC PAV (TY 5)","2024/2014","SY",3.33,3.53,3.13,1.35,9.52,6780,22577.4,"300 Surface Courses"
"0354-6006","PLANE ASPH CONC PAV (TY 6)","2024/2014","SY",3.46,3.25,3.25,1.38,9.77,8350,28891,"300 Surface Courses"
"0354-6007","PLANE ASPH CONC PAV (TY 7)","2024/2014","SY",3.58,3.47,3.37,1.4,8.5,9920,35513.6,"300 Surface Courses"
"0354-6008","PLANE ASPH CONC PAV (TY 8)","2024/2014","SY",2.82,2.82,2.65,1.43,8.76,11490,32401.8,"300 Surface Courses"
"0354-6009","PLANE ASPH CONC PAV (TY 9)","2024/2014","SY",2.94,3.03,2.76,1.35,9.01,13060,38396.4,"300 Surface Courses"
"0354-6010","PLANE ASPH CONC PAV (TY 10)","2024/2014","SY",3.07,3.25,2.89,1.38,9.26,3830,11758.1,"300 Surface Courses"
"0354-6011","PLANE ASPH CONC PAV (TY 11)","2024/2014","SY",3.2,3.01,3.01,1.4,9.52,5400,17280,"300 Surface Courses"
"0354-6012","PLANE ASPH CONC PAV (TY 12)","2024/2014","SY",3.33,3.23,3.13,1.43,9.77,6970,23210.1,"300 Surface Courses"
"0354-6013","PLANE ASPH CONC PAV (TY 13)","2024/2014","SY",3.46,3.46,3.25,1.35,8.5,8540,29548.4,"300 Surface Courses"
"0354-6014","PLANE ASPH CONC PAV (TY 14)","2024/2014","SY",3.58,3.69,3.37,1.38,8.76,10110,36193.8,"300 Surface Courses"
"0354-6015","PLANE ASPH CONC PAV (TY 15)","2024/2014","SY",2.82,2.99,2.65,1.4,9.01,11680,32937.6,"300 Surface Courses"
"0354-6016","PLANE ASPH CONC PAV (TY 16)","2024/2014","SY",2.94,2.76,2.76,1.43,9.26,13250,38955,"300 Surface Courses"
"0354-6017","PLANE ASPH CONC PAV (TY 17)","2024/2014","SY",3.07,2.98,2.89,1.35,9.52,14820,45497.4,"300 Surface Courses"
"0354-6018","PLANE ASPH CONC PAV (TY 18)","2024/2014","SY",3.2,3.2,3.01,1.38,9.77,16390,52448,"300 Surface Courses"
"0354-6019","PLANE ASPH CONC PAV (TY 19)","2024/2014","SY",3.33,3.43,3.13,1.4,8.5,7160,23842.8,"300 Surface Courses"
"0354-6020","PLANE ASPH CONC PAV (TY 20)","2024/2014","SY",3.46,3.67,3.25,1.43,8.76,8730,30205.8,"300 Surface Courses"
"0354-6021","PLANE ASPH CONC PAV (TY 21)","2024/2014","SY",3.58,3.37,3.37,1.35,9.01,10300,36874,"300 Surface Courses"
"0354-6022","PLANE ASPH CONC PAV (TY 22)","2024/2014","SY",2.82,2.74,2.65,1.38,9.26,11870,33473.4,"300 Surface Courses"
"0354-6023","PLANE ASPH CONC PAV (TY 23)","2024/2014","SY",2.94,2.94,2.76,1.4,9.52,13440,39513.6,"300 Surface Courses"
"0354-6024","PLANE ASPH CONC PAV (TY 24)","2024/2014","SY",3.07,3.16,2.89,1.43,9.77,15010,46080.7,"300 Surface Courses"
"0354-6025","PLANE ASPH CONC PAV (TY 25)","2024/2014","SY",3.2,3.39,3.01,1.35,8.5,16580,53056,"300 Surface Courses"
"0354-6026","PLANE ASPH CONC PAV (TY 26)","2024/2014","SY",3.33,3.13,3.13,1.38,8.76,18150,60439.5,"300 Surface Courses"
"0354-6027","PLANE ASPH CONC PAV (TY 27)","2024/2014","SY",3.46,3.36,3.25,1.4,9.01,19720,68231.2,"300 Surface Courses"
"0354-6028","PLANE ASPH CONC PAV (TY 28)","2024/2014","SY",3.58,3.58,3.37,1.43,9.26,10490,37554.2,"300 Surface Courses"
"0354-6029","PLANE ASPH CONC PAV (TY 29)","2024/2014","SY",2.82,2.9,2.65,1.35,9.52,12060,34009.2,"300 Surface Courses"
"0354-6030","PLANE ASPH CONC PAV (TY 30)","2024/2014","SY",2.94,3.12,2.76,1.38,9.77,13630,40072.2,"300 Surface Courses"
"0354-6031","PLANE ASPH CONC PAV (TY 31)","2024/2014","SY",3.07,2.89,2.89,1.4,8.5,15200,46664,"300 Surface Courses"
"0354-6032","PLANE ASPH CONC PAV (TY 32)","2024/2014","SY",3.2,3.1,3.01,1.43,8.76,16770,53664,"300 Surface Courses"
"0354-6033","PLANE ASPH CONC PAV (TY 33)","2024/2014","SY",3.33,3.33,3.13,1.35,9.01,18340,61072.2,"300 Surface Courses"
"0354-6034","PLANE ASPH CONC PAV (TY 34)","2024/2014","SY",3.46,3.56,3.25,1.38,9.26,19910,68888.6,"300 Surface Courses"
"0354-6035","PLANE ASPH CONC PAV (TY 35)","2024/2014","SY",3.58,3.79,3.37,1.4,9.52,21480,76898.4,"300 Surface Courses"
"0354-6036","PLANE ASPH CONC PAV (TY 36)","2024/2014","SY",2.82,2.65,2.65,1.43,9.77,23050,65001,"300 Surface Courses"
"0354-6037","PLANE ASPH CONC PAV (TY 37)","2024/2014","SY",2.94,2.85,2.76,1.35,8.5,13820,40630.8,"300 Surface Courses"
"0354-6038","PLANE ASPH CONC PAV (TY 38)","2024/2014","SY",3.07,3.07,2.89,1.38,8.76,15390,47247.3,"300 Surface Courses"
"0354-6039","PLANE ASPH CONC PAV (TY 39)","2024/2014","SY",3.2,3.3,3.01,1.4,9.01,16960,54272,"300 Surface Courses"
"0354-6040","PLANE ASPH CONC PAV (TY 40)","2024/2014","SY",3.33,3.53,3.13,1.43,9.26,18530,61704.9,"300 Surface Courses"
"0354-6041","PLANE ASPH CONC PAV (TY 41)","2024/2014","SY",3.46,3.25,3.25,1.35,9.52,20100,69546,"300 Surface Courses"
"0354-6042","PLANE ASPH CONC PAV (TY 42)","2024/2014","SY",3.58,3.47,3.37,1.38,9.77,21670,77578.6,"300 Surface Courses"
"0354-6043","PLANE ASPH CONC PAV (TY 43)","2024/2014","SY",2.82,2.82,2.65,1.4,8.5,23240,65536.8,"300 Surface Courses"
"0354-6044","PLANE ASPH CONC PAV (TY 44)","2024/2014","SY",2.94,3.03,2.76,1.43,8.76,24810,72941.4,"300 Surface Courses"
"0354-6045","PLANE ASPH CONC PAV (TY 45)","2024/2014","SY",3.07,3.25,2.89,1.35,9.01,26380,80986.6,"300 Surface Courses"
"0354-6046","PLANE ASPH CONC PAV (TY 46)","2024/2014","SY",3.2,3.01,3.01,1.38,9.26,17150,54880,"300 Surface Courses"
"0354-6047","PLANE ASPH CONC PAV (TY 47)","2024/2014","SY",3.33,3.23,3.13,1.4,9.52,18720,62337.6,"300 Surface Courses"
"0354-6048","PLANE ASPH CONC PAV (TY 48)","2024/2014","SY",3.46,3.46,3.25,1.43,9.77,20290,70203.4,"300 Surface Courses"
"0354-6049","PLANE ASPH CONC PAV (TY 49)","2024/2014","SY",3.58,3.69,3.37,1.35,8.5,21860,78258.8,"300 Surface Courses"
"0354-6050","PLANE ASPH CONC PAV (TY 50)","2024/2014","SY",2.82,2.99,2.65,1.38,8.76,23430,66072.6,"300 Surface Courses"
"0354-6051","PLANE ASPH CONC PAV (TY 51)","2024/2014","SY",2.94,2.76,2.76,1.4,9.01,25000,73500,"300 Surface Courses"
"0354-6052","PLANE ASPH CONC PAV (TY 52)","2024/2014","SY",3.07,2.98,2.89,1.43,9.26,26570,81569.9,"300 Surface Courses"
"0354-6053","PLANE ASPH CONC PAV (TY 53)","2024/2014","SY",3.2,3.2,3.01,1.35,9.52,28140,90048,"300 Surface Courses"
"0354-6054","PLANE ASPH CONC PAV (TY 54)","2024/2014","SY",3.33,3.43,3.13,1.38,9.77,29710,98934.3,"300 Surface Courses"
"0354-6055","PLANE ASPH CONC PAV (TY 55)","2024/2014","SY",3.46,3.67,3.25,1.4,8.5,20480,70860.8,"300 Surface Courses"
"0354-6056","PLANE ASPH CONC PAV (TY 56)","2024/2014","SY",3.58,3.37,3.37,1.43,8.76,22050,78939,"300 Surface Courses"
"0354-6057","PLANE ASPH CONC PAV (TY 57)","2024/2014","SY",2.82,2.74,2.65,1.35,9.01,23620,66608.4,"300 Surface Courses"
"0354-6058","PLANE ASPH CONC PAV (TY 58)","2024/2014","SY",2.94,2.94,2.76,1.38,9.26,25190,74058.6,"300 Surface Courses"
"0354-6059","PLANE ASPH CONC PAV (TY 59)","2024/2014","SY",3.07,3.16,2.89,1.4,9.52,26760,82153.2,"300 Surface Courses"
"0354-6060","PLANE ASPH CONC PAV (TY 60)","2024/2014","SY",3.2,3.39,3.01,1.43,9.77,28330,90656,"300 Surface Courses"
"0354-6061","PLANE ASPH CONC PAV (TY 61)","2024/2014","SY",3.33,3.13,3.13,1.35,8.5,29900,99567,"300 Surface Courses"
"0354-6062","PLANE ASPH CONC PAV (TY 62)","2024/2014","SY",3.46,3.36,3.25,1.38,8.76,31470,108886.2,"300 Surface Courses"
"0354-6063","PLANE ASPH CONC PAV (TY 63)","2024/2014","SY",3.58,3.58,3.37,1.4,9.01,33040,118283.2,"300 Surface Courses"
"0354-6064","PLANE ASPH CONC PAV (TY 64)","2024/2014","SY",2.82,2.9,2.65,1.43,9.26,23810,67144.2,"300 Surface Courses"
"0354-6065","PLANE ASPH CONC PAV (TY 65)","2024/2014","SY",2.94,3.12,2.76,1.35,9.52,25380,74617.2,"300 Surface Courses"
"0354-6066","PLANE ASPH CONC PAV (TY 66)","2024/2014","SY",3.07,2.89,2.89,1.38,9.77,26950,82736.5,"300 Surface Courses"
"0354-6067","PLANE ASPH CONC PAV (TY 67)","2024/2014","SY",3.2,3.1,3.01,1.4,8.5,28520,91264,"300 Surface Courses"
"0354-6068","PLANE ASPH CONC PAV (TY 68)","2024/2014","SY",3.33,3.33,3.13,1.43,8.76,30090,100199.7,"300 Surface Courses"
"0354-6069","PLANE ASPH CONC PAV (TY 69)","2024/2014","SY",3.46,3.56,3.25,1.35,9.01,31660,109543.6,"300 Surface Courses"
"0354-6070","PLANE ASPH CONC PAV (TY 70)","2024/2014","SY",3.58,3.79,3.37,1.38,9.26,33230,118963.4,"300 Surface Courses"
"0360-6001","CONC PAV (CRCP / JCP) (TY 1)","2024/2014","SY",65.12,61.21,61.21,48,135,500,32560,"300 Surface Courses"
"0360-6002","CONC PAV (CRCP / JCP) (TY 2)","2024/2014","SY",68.08,66.04,64,48.96,139.05,2070,140925.6,"300 Surface Courses"
"0360-6003","CONC PAV (CRCP / JCP) (TY 3)","2024/2014","SY",71.04,71.04,66.78,49.92,143.1,3640,258585.6,"300 Surface Courses"
"0360-6004","CONC PAV (CRCP / JCP) (TY 4)","2024/2014","SY",74,76.22,69.56,50.88,147.15,5210,385540,"300 Surface Courses"
"0360-6005","CONC PAV (CRCP / JCP) (TY 5)","2024/2014","SY",76.96,81.58,72.34,48,151.2,6780,521788.8,"300 Surface Courses"
"0360-6006","CONC PAV (CRCP / JCP) (TY 6)","2024/2014","SY",79.92,75.12,75.12,48.96,155.25,8350,667332,"300 Surface Courses"
"0360-6007","CONC PAV (CRCP / JCP) (TY 7)","2024/2014","SY",82.88,80.39,77.91,49.92,135,9920,822169.6,"300 Surface Courses"
"0360-6008","CONC PAV (CRCP / JCP) (TY 8)","2024/2014","SY",65.12,65.12,61.21,50.88,139.05,11490,748228.8,"300 Surface Courses"
"0360-6009","CONC PAV (CRCP / JCP) (TY 9)","2024/2014","SY",68.08,70.12,64,48,143.1,13060,889124.8,"300 Surface Courses"
"0360-6010","CONC PAV (CRCP / JCP) (TY 10)","2024/2014","SY",71.04,75.3,66.78,48.96,147.15,3830,272083.2,"300 Surface Courses"
"0360-6011","CONC PAV (CRCP / JCP) (TY 11)","2024/2014","SY",74,69.56,69.56,49.92,151.2,5400,399600,"300 Surface Courses"
"0360-6012","CONC PAV (CRCP / JCP) (TY 12)","2024/2014","SY",76.96,74.65,72.34,50.88,155.25,6970,536411.2,"300 Surface Courses"
"0360-6013","CONC PAV (CRCP / JCP) (TY 13)","2024/2014","SY",79.92,79.92,75.12,48,135,8540,682516.8,"300 Surface Courses"
"0360-6014","CONC PAV (CRCP / JCP) (TY 14)","2024/2014","SY",82.88,85.37,77.91,48.96,139.05,10110,837916.8,"300 Surface Courses"
"0360-6015","CONC PAV (CRCP / JCP) (TY 15)","2024/2014","SY",65.12,69.03,61.21,49.92,143.1,11680,760601.6,"300 Surface Courses"
"0360-6016","CONC PAV (CRCP / JCP) (TY 16)","2024/2014","SY",68.08,64,64,50.88,147.15,13250,902060,"300 Surface Courses"
"0360-6017","CONC PAV (CRCP / JCP) (TY 17)","2024/2014","SY",71.04,68.91,66.78,48,151.2,14820,1052812.8,"300 Surface Courses"
"0360-6018","CONC PAV (CRCP / JCP) (TY 18)","2024/2014","SY",74,74,69.56,48.96,155.25,16390,1212860,"300 Surface Courses"
"0360-6019","CONC PAV (CRCP / JCP) (TY 19)","2024/2014","SY",76.96,79.27,72.34,49.92,135,7160,551033.6,"300 Surface Courses"
"0360-6020","CONC PAV (CRCP / JCP) (TY 20)","2024/2014","SY",79.92,84.72,75.12,50.88,139.05,8730,697701.6,"300 Surface Courses"
"0360-6021","CONC PAV (CRCP / JCP) (TY 21)","2024/2014","SY",82.88,77.91,77.91,48,143.1,10300,853664,"300 Surface Courses"
"0360-6022","CONC PAV (CRCP / JCP) (TY 22)","2024/2014","SY",65.12,63.17,61.21,48.96,147.15,11870,772974.4,"300 Surface Courses"
"0360-6023","CONC PAV (CRCP / JCP) (TY 23)","2024/2014","SY",68.08,68.08,64,49.92,151.2,13440,914995.2,"300 Surface Courses"
"0360-6024","CONC PAV (CRCP / JCP) (TY 24)","2024/2014","SY",71.04,73.17,66.78,50.88,155.25,15010,1066310.4,"300 Surface Courses"
"0360-6025","CONC PAV (CRCP / JCP) (TY 25)","2024/2014","SY",74,78.44,69.56,48,135,16580,1226920,"300 Surface Courses"
"0360-6026","CONC PAV (CRCP / JCP) (TY 26)","2024/2014","SY",76.96,72.34,72.34,48.96,139.05,18150,1396824,"300 Surface Courses"
"0360-6027","CONC PAV (CRCP / JCP) (TY 27)","2024/2014","SY",79.92,77.52,75.12,49.92,143.1,19720,1576022.4,"300 Surface Courses"
"0360-6028","CONC PAV (CRCP / JCP) (TY 28)","2024/2014","SY",82.88,82.88,77.91,50.88,147.15,10490,869411.2,"300 Surface Courses"
"0360-6029","CONC PAV (CRCP / JCP) (TY 29)","2024/2014","SY",65.12,67.07,61.21,48,151.2,12060,785347.2,"300 Surface Courses"
"0360-6030","CONC PAV (CRCP / JCP) (TY 30)","2024/2014","SY",68.08,72.16,64,48.96,155.25,13630,927930.4,"300 Surface Courses"
"0360-6031","CONC PAV (CRCP / JCP) (TY 31)","2024/2014","SY",71.04,66.78,66.78,49.92,135,15200,1079808,"300 Surface Courses"
"0360-6032","CONC PAV (CRCP / JCP) (TY 32)","2024/2014","SY",74,71.78,69.56,50.88,139.05,16770,1240980,"300 Surface Courses"
"0360-6033","CONC PAV (CRCP / JCP) (TY 33)","2024/2014","SY",76.96,76.96,72.34,48,143.1,18340,1411446.4,"300 Surface Courses"
"0360-6034","CONC PAV (CRCP / JCP) (TY 34)","2024/2014","SY",79.92,82.32,75.12,48.96,147.15,19910,1591207.2,"300 Surface Courses"
"0360-6035","CONC PAV (CRCP / JCP) (TY 35)","2024/2014","SY",82.88,87.85,77.91,49.92,151.2,21480,1780262.4,"300 Surface Courses"
"0360-6036","CONC PAV (CRCP / JCP) (TY 36)","2024/2014","SY",65.12,61.21,61.21,50.88,155.25,23050,1501016,"300 Surface Courses"
"0360-6037","CONC PAV (CRCP / JCP) (TY 37)","2024/2014","SY",68.08,66.04,64,48,135,13820,940865.6,"300 Surface Courses"
"0360-6038","CONC PAV (CRCP / JCP) (TY 38)","2024/2014","SY",71.04,71.04,66.78,48.96,139.05,15390,1093305.6,"300 Surface Courses"
"0360-6039","CONC PAV (CRCP / JCP) (TY 39)","2024/2014","SY",74,76.22,69.56,49.92,143.1,16960,1255040,"300 Surface Courses"
"0360-6040","CONC PAV (CRCP / JCP) (TY 40)","2024/2014","SY",76.96,81.58,72.34,50.88,147.15,18530,1426068.8,"300 Surface Courses"
"0360-6041","CONC PAV (CRCP / JCP) (TY 41)","2024/2014","SY",79.92,75.12,75.12,48,151.2,20100,1606392,"300 Surface Courses"
"0360-6042","CONC PAV (CRCP / JCP) (TY 42)","2024/2014","SY",82.88,80.39,77.91,48.96,155.25,21670,1796009.6,"300 Surface Courses"
"0360-6043","CONC PAV (CRCP / JCP) (TY 43)","2024/2014","SY",65.12,65.12,61.21,49.92,135,23240,1513388.8,"300 Surface Courses"
"0360-6044","CONC PAV (CRCP / JCP) (TY 44)","2024/2014","SY",68.08,70.12,64,50.88,139.05,24810,1689064.8,"300 Surface Courses"
"0360-6045","CONC PAV (CRCP / JCP) (TY 45)","2024/2014","SY",71.04,75.3,66.78,48,143.1,26380,1874035.2,"300 Surface Courses"
"0360-6046","CONC PAV (CRCP / JCP) (TY 46)","2024/2014","SY",74,69.56,69.56,48.96,147.15,17150,1269100,"300 Surface Courses"
"0360-6047","CONC PAV (CRCP / JCP) (TY 47)","2024/2014","SY",76.96,74.65,72.34,49.92,151.2,18720,1440691.2,"300 Surface Courses"
"0360-6048","CONC PAV (CRCP / JCP) (TY 48)","2024/2014","SY",79.92,79.92,75.12,50.88,155.25,20290,1621576.8,"300 Surface Courses"
"0360-6049","CONC PAV (CRCP / JCP) (TY 49)","2024/2014","SY",82.88,85.37,77.91,48,135,21860,1811756.8,"300 Surface Courses"
"0360-6050","CONC PAV (CRCP / JCP) (TY 50)","2024/2014","SY",65.12,69.03,61.21,48.96,139.05,23430,1525761.6,"300 Surface Courses"
"0360-6051","CONC PAV (CRCP / JCP) (TY 51)","2024/2014","SY",68.08,64,64,49.92,143.1,25000,1702000,"300 Surface Courses"
"0360-6052","CONC PAV (CRCP / JCP) (TY 52)","2024/2014","SY",71.04,68.91,66.78,50.88,147.15,26570,1887532.8,"300 Surface Courses"
"0360-6053","CONC PAV (CRCP / JCP) (TY 53)","2024/2014","SY",74,74,69.56,48,151.2,28140,2082360,"300 Surface Courses"
"0360-6054","CONC PAV (CRCP / JCP) (TY 54)","2024/2014","SY",76.96,79.27,72.34,48.96,155.25,29710,2286481.6,"300 Surface Courses"
"0360-6055","CONC PAV (CRCP / JCP) (TY 55)","2024/2014","SY",79.92,84.72,75.12,49.92,135,20480,1636761.6,"300 Surface Courses"
"0360-6056","CONC PAV (CRCP / JCP) (TY 56)","2024/2014","SY",82.88,77.91,77.91,50.88,139.05,22050,1827504,"300 Surface Courses"
"0360-6057","CONC PAV (CRCP / JCP) (TY 57)","2024/2014","SY",65.12,63.17,61.21,48,143.1,23620,1538134.4,"300 Surface Courses"
"0360-6058","CONC PAV (CRCP / JCP) (TY 58)","2024/2014","SY",68.08,68.08,64,48.96,147.15,25190,1714935.2,"300 Surface Courses"
"0360-6059","CONC PAV (CRCP / JCP) (TY 59)","2024/2014","SY",71.04,73.17,66.78,49.92,151.2,26760,1901030.4,"300 Surface Courses"
"0360-6060","CONC PAV (CRCP / JCP) (TY 60)","2024/2014","SY",74,78.44,69.56,50.88,155.25,28330,2096420,"300 Surface Courses"
"0360-6061","CONC PAV (CRCP / JCP) (TY 61)","2024/2014","SY",76.96,72.34,72.34,48,135,29900,2301104,"300 Surface Courses"
"0360-6062","CONC PAV (CRCP / JCP) (TY 62)","2024/2014","SY",79.92,77.52,75.12,48.96,139.05,31470,2515082.4,"300 Surface Courses"
"0360-6063","CONC PAV (CRCP / JCP) (TY 63)","2024/2014","SY",82.88,82.88,77.91,49.92,143.1,33040,2738355.2,"300 Surface Courses"
"0360-6064","CONC PAV (CRCP / JCP) (TY 64)","2024/2014","SY",65.12,67.07,61.21,50.88,147.15,23810,1550507.2,"300 Surface Courses"
"0360-6065","CONC PAV (CRCP / JCP) (TY 65)","2024/2014","SY",68.08,72.16,64,48,151.2,25380,1727870.4,"300 Surface Courses"
"0360-6066","CONC PAV (CRCP / JCP) (TY 66)","2024/2014","SY",71.04,66.78,66.78,48.96,155.25,26950,1914528,"300 Surface Courses"
"0360-6067","CONC PAV (CRCP / JCP) (TY 67)","2024/2014","SY",74,71.78,69.56,49.92,135,28520,2110480,"300 Surface Courses"
"0360-6068","CONC PAV (CRCP / JCP) (TY 68)","2024/2014","SY",76.96,76.96,72.34,50.88,139.05,30090,2315726.4,"300 Surface Courses"
"0360-6069","CONC PAV (CRCP / JCP) (TY 69)","2024/2014","SY",79.92,82.32,75.12,48,143.1,31660,2530267.2,"300 Surface Courses"
"0360-6070","CONC PAV (CRCP / JCP) (TY 70)","2024/2014","SY",82.88,87.85,77.91,48.96,147.15,33230,2754102.4,"300 Surface Courses"
"0360-6071","CONC PAV (CRCP / JCP) (TY 71)","2024/2014","SY",65.12,61.21,61.21,49.92,151.2,34800,2266176,"300 Surface Courses"
"0360-6072","CONC PAV (CRCP / JCP) (TY 72)","2024/2014","SY",68.08,66.04,64,50.88,155.25,36370,2476069.6,"300 Surface Courses"
"0360-6073","CONC PAV (CRCP / JCP) (TY 73)","2024/2014","SY",71.04,71.04,66.78,48,135,27140,1928025.6,"300 Surface Courses"
"0360-6074","CONC PAV (CRCP / JCP) (TY 74)","2024/2014","SY",74,76.22,69.56,48.96,139.05,28710,2124540,"300 Surface Courses"
"0360-6075","CONC PAV (CRCP / JCP) (TY 75)","2024/2014","SY",76.96,81.58,72.34,49.92,143.1,30280,2330348.8,"300 Surface Courses"
"0360-6076","CONC PAV (CRCP / JCP) (TY 76)","2024/2014","SY",79.92,75.12,75.12,50.88,147.15,31850,2545452,"300 Surface Courses"
"0360-6077","CONC PAV (CRCP / JCP) (TY 77)","2024/2014","SY",82.88,80.39,77.91,48,151.2,33420,2769849.6,"300 Surface Courses"
"0360-6078","CONC PAV (CRCP / JCP) (TY 78)","2024/2014","SY",65.12,65.12,61.21,48.96,155.25,34990,2278548.8,"300 Surface Courses"
"0360-6079","CONC PAV (CRCP / JCP) (TY 79)","2024/2014","SY",68.08,70.12,64,49.92,135,36560,2489004.8,"300 Surface Courses"
"0360-6080","CONC PAV (CRCP / JCP) (TY 80)","2024/2014","SY",71.04,75.3,66.78,50.88,139.05,38130,2708755.2,"300 Surface Courses"
"0360-6081","CONC PAV (CRCP / JCP) (TY 81)","2024/2014","SY",74,69.56,69.56,48,143.1,39700,2937800,"300 Surface Courses"
"0360-6082","CONC PAV (CRCP / JCP) (TY 82)","2024/2014","SY",76.96,74.65,72.34,48.96,147.15,30470,2344971.2,"300 Surface Courses"
"0360-6083","CONC PAV (CRCP / JCP) (TY 83)","2024/2014","SY",79.92,79.92,75.12,49.92,151.2,32040,2560636.8,"300 Surface Courses"
"0360-6084","CONC PAV (CRCP / JCP) (TY 84)","2024/2014","SY",82.88,85.37,77.91,50.88,155.25,33610,2785596.8,"300 Surface Courses"
"0360-6085","CONC PAV (CRCP / JCP) (TY 85)","2024/2014","SY",65.12,69.03,61.21,48,135,35180,2290921.6,"300 Surface Courses"
"0360-6086","CONC PAV (CRCP / JCP) (TY 86)","2024/2014","SY",68.08,64,64,48.96,139.05,36750,2501940,"300 Surface Courses"
"0360-6087","CONC PAV (CRCP / JCP) (TY 87)","2024/2014","SY",71.04,68.91,66.78,49.92,143.1,38320,2722252.8,"300 Surface Courses"
"0360-6088","CONC PAV (CRCP / JCP) (TY 88)","2024/2014","SY",74,74,69.56,50.88,147.15,39890,2951860,"300 Surface Courses"
"0360-6089","CONC PAV (CRCP / JCP) (TY 89)","2024/2014","SY",76.96,79.27,72.34,48,151.2,41460,3190761.6,"300 Surface Courses"
"0360-6090","CONC PAV (CRCP / JCP) (TY 90)","2024/2014","SY",79.92,84.72,75.12,48.96,155.25,43030,3438957.6,"300 Surface Courses"
"0400-6001","CEM STABIL BKFL / FLOWABLE BACKFILL (TY 1)","2024/2014","CY",147.84,138.97,138.97,115,320,500,73920,"400 Structures"
"0400-6002","CEM STABIL BKFL / FLOWABLE BACKFILL (TY 2)","2024/2014","CY",154.56,149.92,145.29,117.3,329.6,2070,319939.2,"400 Structures"
"0400-6003","CEM STABIL BKFL / FLOWABLE BACKFILL (TY 3)","2024/2014","CY",161.28,161.28,151.6,119.6,339.2,3640,587059.2,"400 Structures"
"0400-6004","CEM STABIL BKFL / FLOWABLE BACKFILL (TY 4)","2024/2014","CY",168,173.04,157.92,121.9,348.8,5210,875280,"400 Structures"
"0400-6005","CEM STABIL BKFL / FLOWABLE BACKFILL (TY 5)","2024/2014","CY",174.72,185.2,164.24,115,358.4,6780,1184601.6,"400 Structures"
"0400-6006","CEM STABIL BKFL / FLOWABLE BACKFILL (TY 6)","2024/2014","CY",181.44,170.55,170.55,117.3,368,8350,1515024,"400 Structures"
"0400-6007","CEM STABIL BKFL / FLOWABLE BACKFILL (TY 7)","2024/2014","CY",188.16,182.52,176.87,119.6,320,9920,1866547.2,"400 Structures"
"0400-6008","CEM STABIL BKFL / FLOWABLE BACKFILL (TY 8)","2024/2014","CY",147.84,147.84,138.97,121.9,329.6,11490,1698681.6,"400 Structures"
"0400-6009","CEM STABIL BKFL / FLOWABLE BACKFILL (TY 9)","2024/2014","CY",154.56,159.2,145.29,115,339.2,13060,2018553.6,"400 Structures"
"0400-6010","CEM STABIL BKFL / FLOWABLE BACKFILL (TY 10)","2024/2014","CY",161.28,170.96,151.6,117.3,348.8,3830,617702.4,"400 Structures"
"0400-6011","CEM STABIL BKFL / FLOWABLE BACKFILL (TY 11)","2024/2014","CY",168,157.92,157.92,119.6,358.4,5400,907200,"400 Structures"
"0400-6012","CEM STABIL BKFL / FLOWABLE BACKFILL (TY 12)","2024/2014","CY",174.72,169.48,164.24,121.9,368,6970,1217798.4,"400 Structures"
"0400-6013","CEM STABIL BKFL / FLOWABLE BACKFILL (TY 13)","2024/2014","CY",181.44,181.44,170.55,115,320,8540,1549497.6,"400 Structures"
"0400-6014","CEM STABIL BKFL / FLOWABLE BACKFILL (TY 14)","2024/2014","CY",188.16,193.8,176.87,117.3,329.6,10110,1902297.6,"400 Structures"
"0400-6015","CEM STABIL BKFL / FLOWABLE BACKFILL (TY 15)","2024/2014","CY",147.84,156.71,138.97,119.6,339.2,11680,1726771.2,"400 Structures"
"0400-6016","CEM STABIL BKFL / FLOWABLE BACKFILL (TY 16)","2024/2014","CY",154.56,145.29,145.29,121.9,348.8,13250,2047920,"400 Structures"
"0400-6017","CEM STABIL BKFL / FLOWABLE BACKFILL (TY 17)","2024/2014","CY",161.28,156.44,151.6,115,358.4,14820,2390169.6,"400 Structures"
"0400-6018","CEM STABIL BKFL / FLOWABLE BACKFILL (TY 18)","2024/2014","CY",168,168,157.92,117.3,368,16390,2753520,"400 Structures"
"0400-6019","CEM STABIL BKFL / FLOWABLE BACKFILL (TY 19)","2024/2014","CY",174.72,179.96,164.24,119.6,320,7160,1250995.2,"400 Structures"
"0400-6020","CEM STABIL BKFL / FLOWABLE BACKFILL (TY 20)","2024/2014","CY",181.44,192.33,170.55,121.9,329.6,8730,1583971.2,"400 Structures"
"0400-6021","CEM STABIL BKFL / FLOWABLE BACKFILL (TY 21)","2024/2014","CY",188.16,176.87,176.87,115,339.2,10300,1938048,"400 Structures"
"0400-6022","CEM STABIL BKFL / FLOWABLE BACKFILL (TY 22)","2024/2014","CY",147.84,143.4,138.97,117.3,348.8,11870,1754860.8,"400 Structures"
"0400-6023","CEM STABIL BKFL / FLOWABLE BACKFILL (TY 23)","2024/2014","CY",154.56,154.56,145.29,119.6,358.4,13440,2077286.4,"400 Structures"
"0400-6024","CEM STABIL BKFL / FLOWABLE BACKFILL (TY 24)","2024/2014","CY",161.28,166.12,151.6,121.9,368,15010,2420812.8,"400 Structures"
"0400-6025","CEM STABIL BKFL / FLOWABLE BACKFILL (TY 25)","2024/2014","CY",168,178.08,157.92,115,320,16580,2785440,"400 Structures"
"0400-6026","CEM STABIL BKFL / FLOWABLE BACKFILL (TY 26)","2024/2014","CY",174.72,164.24,164.24,117.3,329.6,18150,3171168,"400 Structures"
"0400-6027","CEM STABIL BKFL / FLOWABLE BACKFILL (TY 27)","2024/2014","CY",181.44,176,170.55,119.6,339.2,19720,3577996.8,"400 Structures"
"0400-6028","CEM STABIL BKFL / FLOWABLE BACKFILL (TY 28)","2024/2014","CY",188.16,188.16,176.87,121.9,348.8,10490,1973798.4,"400 Structures"
"0400-6029","CEM STABIL BKFL / FLOWABLE BACKFILL (TY 29)","2024/2014","CY",147.84,152.28,138.97,115,358.4,12060,1782950.4,"400 Structures"
"0400-6030","CEM STABIL BKFL / FLOWABLE BACKFILL (TY 30)","2024/2014","CY",154.56,163.83,145.29,117.3,368,13630,2106652.8,"400 Structures"
"0400-6031","CEM STABIL BKFL / FLOWABLE BACKFILL (TY 31)","2024/2014","CY",161.28,151.6,151.6,119.6,320,15200,2451456,"400 Structures"
"0400-6032","CEM STABIL BKFL / FLOWABLE BACKFILL (TY 32)","2024/2014","CY",168,162.96,157.92,121.9,329.6,16770,2817360,"400 Structures"
"0400-6033","CEM STABIL BKFL / FLOWABLE BACKFILL (TY 33)","2024/2014","CY",174.72,174.72,164.24,115,339.2,18340,3204364.8,"400 Structures"
"0400-6034","CEM STABIL BKFL / FLOWABLE BACKFILL (TY 34)","2024/2014","CY",181.44,186.88,170.55,117.3,348.8,19910,3612470.4,"400 Structures"
"0400-6035","CEM STABIL BKFL / FLOWABLE BACKFILL (TY 35)","2024/2014","CY",188.16,199.45,176.87,119.6,358.4,21480,4041676.8,"400 Structures"
"0400-6036","CEM STABIL BKFL / FLOWABLE BACKFILL (TY 36)","2024/2014","CY",147.84,138.97,138.97,121.9,368,23050,3407712,"400 Structures"
"0400-6037","CEM STABIL BKFL / FLOWABLE BACKFILL (TY 37)","2024/2014","CY",154.56,149.92,145.29,115,320,13820,2136019.2,"400 Structures"
"0400-6038","CEM STABIL BKFL / FLOWABLE BACKFILL (TY 38)","2024/2014","CY",161.28,161.28,151.6,117.3,329.6,15390,2482099.2,"400 Structures"
"0400-6039","CEM STABIL BKFL / FLOWABLE BACKFILL (TY 39)","2024/2014","CY",168,173.04,157.92,119.6,339.2,16960,2849280,"400 Structures"
"0400-6040","CEM STABIL BKFL / FLOWABLE BACKFILL (TY 40)","2024/2014","CY",174.72,185.2,164.24,121.9,348.8,18530,3237561.6,"400 Structures"
"0400-6041","CEM STABIL BKFL / FLOWABLE BACKFILL (TY 41)","2024/2014","CY",181.44,170.55,170.55,115,358.4,20100,3646944,"400 Structures"
"0400-6042","CEM STABIL BKFL / FLOWABLE BACKFILL (TY 42)","2024/2014","CY",188.16,182.52,176.87,117.3,368,21670,4077427.2,"400 Structures"
"0400-6043","CEM STABIL BKFL / FLOWABLE BACKFILL (TY 43)","2024/2014","CY",147.84,147.84,138.97,119.6,320,23240,3435801.6,"400 Structures"
"0400-6044","CEM STABIL BKFL / FLOWABLE BACKFILL (TY 44)","2024/2014","CY",154.56,159.2,145.29,121.9,329.6,24810,3834633.6,"400 Structures"
"0400-6045","CEM STABIL BKFL / FLOWABLE BACKFILL (TY 45)","2024/2014","CY",161.28,170.96,151.6,115,339.2,26380,4254566.4,"400 Structures"
"0400-6046","CEM STABIL BKFL / FLOWABLE BACKFILL (TY 46)","2024/2014","CY",168,157.92,157.92,117.3,348.8,17150,2881200,"400 Structures"
"0400-6047","CEM STABIL BKFL / FLOWABLE BACKFILL (TY 47)","2024/2014","CY",174.72,169.48,164.24,119.6,358.4,18720,3270758.4,"400 Structures"
"0400-6048","CEM STABIL BKFL / FLOWABLE BACKFILL (TY 48)","2024/2014","CY",181.44,181.44,170.55,121.9,368,20290,3681417.6,"400 Structures"
"0400-6049","CEM STABIL BKFL / FLOWABLE BACKFILL (TY 49)","2024/2014","CY",188.16,193.8,176.87,115,320,21860,4113177.6,"400 Structures"
"0400-6050","CEM STABIL BKFL / FLOWABLE BACKFILL (TY 50)","2024/2014","CY",147.84,156.71,138.97,117.3,329.6,23430,3463891.2,"400 Structures"
"0400-6051","CEM STABIL BKFL / FLOWABLE BACKFILL (TY 51)","2024/2014","CY",154.56,145.29,145.29,119.6,339.2,25000,3864000,"400 Structures"
"0400-6052","CEM STABIL BKFL / FLOWABLE BACKFILL (TY 52)","2024/2014","CY",161.28,156.44,151.6,121.9,348.8,26570,4285209.6,"400 Structures"
"0400-6053","CEM STABIL BKFL / FLOWABLE BACKFILL (TY 53)","2024/2014","CY",168,168,157.92,115,358.4,28140,4727520,"400 Structures"
"0400-6054","CEM STABIL BKFL / FLOWABLE BACKFILL (TY 54)","2024/2014","CY",174.72,179.96,164.24,117.3,368,29710,5190931.2,"400 Structures"
"0400-6055","CEM STABIL BKFL / FLOWABLE BACKFILL (TY 55)","2024/2014","CY",181.44,192.33,170.55,119.6,320,20480,3715891.2,"400 Structures"
"0400-6056","CEM STABIL BKFL / FLOWABLE BACKFILL (TY 56)","2024/2014","CY",188.16,176.87,176.87,121.9,329.6,22050,4148928,"400 Structures"
"0400-6057","CEM STABIL BKFL / FLOWABLE BACKFILL (TY 57)","2024/2014","CY",147.84,143.4,138.97,115,339.2,23620,3491980.8,"400 Structures"
"0400-6058","CEM STABIL BKFL / FLOWABLE BACKFILL (TY 58)","2024/2014","CY",154.56,154.56,145.29,117.3,348.8,25190,3893366.4,"400 Structures"
"0400-6059","CEM STABIL BKFL / FLOWABLE BACKFILL (TY 59)","2024/2014","CY",161.28,166.12,151.6,119.6,358.4,26760,4315852.8,"400 Structures"
"0400-6060","CEM STABIL BKFL / FLOWABLE BACKFILL (TY 60)","2024/2014","CY",168,178.08,157.92,121.9,368,28330,4759440,"400 Structures"
"0400-6061","CEM STABIL BKFL / FLOWABLE BACKFILL (TY 61)","2024/2014","CY",174.72,164.24,164.24,115,320,29900,5224128,"400 Structures"
"0400-6062","CEM STABIL BKFL / FLOWABLE BACKFILL (TY 62)","2024/2014","CY",181.44,176,170.55,117.3,329.6,31470,5709916.8,"400 Structures"
"0400-6063","CEM STABIL BKFL / FLOWABLE BACKFILL (TY 63)","2024/2014","CY",188.16,188.16,176.87,119.6,339.2,33040,6216806.4,"400 Structures"
"0400-6064","CEM STABIL BKFL / FLOWABLE BACKFILL (TY 64)","2024/2014","CY",147.84,152.28,138.97,121.9,348.8,23810,3520070.4,"400 Structures"
"0400-6065","CEM STABIL BKFL / FLOWABLE BACKFILL (TY 65)","2024/2014","CY",154.56,163.83,145.29,115,358.4,25380,3922732.8,"400 Structures"
"0400-6066","CEM STABIL BKFL / FLOWABLE BACKFILL (TY 66)","2024/2014","CY",161.28,151.6,151.6,117.3,368,26950,4346496,"400 Structures"
"0400-6067","CEM STABIL BKFL / FLOWABLE BACKFILL (TY 67)","2024/2014","CY",168,162.96,157.92,119.6,320,28520,4791360,"400 Structures"
"0400-6068","CEM STABIL BKFL / FLOWABLE BACKFILL (TY 68)","2024/2014","CY",174.72,174.72,164.24,121.9,329.6,30090,5257324.8,"400 Structures"
"0400-6069","CEM STABIL BKFL / FLOWABLE BACKFILL (TY 69)","2024/2014","CY",181.44,186.88,170.55,115,339.2,31660,5744390.4,"400 Structures"
"0400-6070","CEM STABIL BKFL / FLOWABLE BACKFILL (TY 70)","2024/2014","CY",188.16,199.45,176.87,117.3,348.8,33230,6252556.8,"400 Structures"
"0400-6071","CEM STABIL BKFL / FLOWABLE BACKFILL (TY 71)","2024/2014","CY",147.84,138.97,138.97,119.6,358.4,34800,5144832,"400 Structures"
"0400-6072","CEM STABIL BKFL / FLOWABLE BACKFILL (TY 72)","2024/2014","CY",154.56,149.92,145.29,121.9,368,36370,5621347.2,"400 Structures"
"0400-6073","CEM STABIL BKFL / FLOWABLE BACKFILL (TY 73)","2024/2014","CY",161.28,161.28,151.6,115,320,27140,4377139.2,"400 Structures"
"0400-6074","CEM STABIL BKFL / FLOWABLE BACKFILL (TY 74)","2024/2014","CY",168,173.04,157.92,117.3,329.6,28710,4823280,"400 Structures"
"0400-6075","CEM STABIL BKFL / FLOWABLE BACKFILL (TY 75)","2024/2014","CY",174.72,185.2,164.24,119.6,339.2,30280,5290521.6,"400 Structures"
"0416-6001","DRILL SHAFT (18 IN TO 96 IN) (TY 1)","2024/2014","LF",396,372.24,372.24,120,1450,500,198000,"400 Structures"
"0416-6002","DRILL SHAFT (18 IN TO 96 IN) (TY 2)","2024/2014","LF",414,401.58,389.16,122.4,1493.5,2070,856980,"400 Structures"
"0416-6003","DRILL SHAFT (18 IN TO 96 IN) (TY 3)","2024/2014","LF",432,432,406.08,124.8,1537,3640,1572480,"400 Structures"
"0416-6004","DRILL SHAFT (18 IN TO 96 IN) (TY 4)","2024/2014","LF",450,463.5,423,127.2,1580.5,5210,2344500,"400 Structures"
"0416-6005","DRILL SHAFT (18 IN TO 96 IN) (TY 5)","2024/2014","LF",468,496.08,439.92,120,1624,6780,3173040,"400 Structures"
"0416-6006","DRILL SHAFT (18 IN TO 96 IN) (TY 6)","2024/2014","LF",486,456.84,456.84,122.4,1667.5,8350,4058100,"400 Structures"
"0416-6007","DRILL SHAFT (18 IN TO 96 IN) (TY 7)","2024/2014","LF",504,488.88,473.76,124.8,1450,9920,4999680,"400 Structures"
"0416-6008","DRILL SHAFT (18 IN TO 96 IN) (TY 8)","2024/2014","LF",396,396,372.24,127.2,1493.5,11490,4550040,"400 Structures"
"0416-6009","DRILL SHAFT (18 IN TO 96 IN) (TY 9)","2024/2014","LF",414,426.42,389.16,120,1537,13060,5406840,"400 Structures"
"0416-6010","DRILL SHAFT (18 IN TO 96 IN) (TY 10)","2024/2014","LF",432,457.92,406.08,122.4,1580.5,3830,1654560,"400 Structures"
"0416-6011","DRILL SHAFT (18 IN TO 96 IN) (TY 11)","2024/2014","LF",450,423,423,124.8,1624,5400,2430000,"400 Structures"
"0416-6012","DRILL SHAFT (18 IN TO 96 IN) (TY 12)","2024/2014","LF",468,453.96,439.92,127.2,1667.5,6970,3261960,"400 Structures"
"0416-6013","DRILL SHAFT (18 IN TO 96 IN) (TY 13)","2024/2014","LF",486,486,456.84,120,1450,8540,4150440,"400 Structures"
"0416-6014","DRILL SHAFT (18 IN TO 96 IN) (TY 14)","2024/2014","LF",504,519.12,473.76,122.4,1493.5,10110,5095440,"400 Structures"
"0416-6015","DRILL SHAFT (18 IN TO 96 IN) (TY 15)","2024/2014","LF",396,419.76,372.24,124.8,1537,11680,4625280,"400 Structures"
"0416-6016","DRILL SHAFT (18 IN TO 96 IN) (TY 16)","2024/2014","LF",414,389.16,389.16,127.2,1580.5,13250,5485500,"400 Structures"
"0416-6017","DRILL SHAFT (18 IN TO 96 IN) (TY 17)","2024/2014","LF",432,419.04,406.08,120,1624,14820,6402240,"400 Structures"
"0416-6018","DRILL SHAFT (18 IN TO 96 IN) (TY 18)","2024/2014","LF",450,450,423,122.4,1667.5,16390,7375500,"400 Structures"
"0416-6019","DRILL SHAFT (18 IN TO 96 IN) (TY 19)","2024/2014","LF",468,482.04,439.92,124.8,1450,7160,3350880,"400 Structures"
"0416-6020","DRILL SHAFT (18 IN TO 96 IN) (TY 20)","2024/2014","LF",486,515.16,456.84,127.2,1493.5,8730,4242780,"400 Structures"
"0416-6021","DRILL SHAFT (18 IN TO 96 IN) (TY 21)","2024/2014","LF",504,473.76,473.76,120,1537,10300,5191200,"400 Structures"
"0416-6022","DRILL SHAFT (18 IN TO 96 IN) (TY 22)","2024/2014","LF",396,384.12,372.24,122.4,1580.5,11870,4700520,"400 Structures"
"0416-6023","DRILL SHAFT (18 IN TO 96 IN) (TY 23)","2024/2014","LF",414,414,389.16,124.8,1624,13440,5564160,"400 Structures"
"0416-6024","DRILL SHAFT (18 IN TO 96 IN) (TY 24)","2024/2014","LF",432,444.96,406.08,127.2,1667.5,15010,6484320,"400 Structures"
"0416-6025","DRILL SHAFT (18 IN TO 96 IN) (TY 25)","2024/2014","LF",450,477,423,120,1450,16580,7461000,"400 Structures"
"0416-6026","DRILL SHAFT (18 IN TO 96 IN) (TY 26)","2024/2014","LF",468,439.92,439.92,122.4,1493.5,18150,8494200,"400 Structures"
"0416-6027","DRILL SHAFT (18 IN TO 96 IN) (TY 27)","2024/2014","LF",486,471.42,456.84,124.8,1537,19720,9583920,"400 Structures"
"0416-6028","DRILL SHAFT (18 IN TO 96 IN) (TY 28)","2024/2014","LF",504,504,473.76,127.2,1580.5,10490,5286960,"400 Structures"
"0416-6029","DRILL SHAFT (18 IN TO 96 IN) (TY 29)","2024/2014","LF",396,407.88,372.24,120,1624,12060,4775760,"400 Structures"
"0416-6030","DRILL SHAFT (18 IN TO 96 IN) (TY 30)","2024/2014","LF",414,438.84,389.16,122.4,1667.5,13630,5642820,"400 Structures"
"0416-6031","DRILL SHAFT (18 IN TO 96 IN) (TY 31)","2024/2014","LF",432,406.08,406.08,124.8,1450,15200,6566400,"400 Structures"
"0416-6032","DRILL SHAFT (18 IN TO 96 IN) (TY 32)","2024/2014","LF",450,436.5,423,127.2,1493.5,16770,7546500,"400 Structures"
"0416-6033","DRILL SHAFT (18 IN TO 96 IN) (TY 33)","2024/2014","LF",468,468,439.92,120,1537,18340,8583120,"400 Structures"
"0416-6034","DRILL SHAFT (18 IN TO 96 IN) (TY 34)","2024/2014","LF",486,500.58,456.84,122.4,1580.5,19910,9676260,"400 Structures"
"0416-6035","DRILL SHAFT (18 IN TO 96 IN) (TY 35)","2024/2014","LF",504,534.24,473.76,124.8,1624,21480,10825920,"400 Structures"
"0416-6036","DRILL SHAFT (18 IN TO 96 IN) (TY 36)","2024/2014","LF",396,372.24,372.24,127.2,1667.5,23050,9127800,"400 Structures"
"0416-6037","DRILL SHAFT (18 IN TO 96 IN) (TY 37)","2024/2014","LF",414,401.58,389.16,120,1450,13820,5721480,"400 Structures"
"0416-6038","DRILL SHAFT (18 IN TO 96 IN) (TY 38)","2024/2014","LF",432,432,406.08,122.4,1493.5,15390,6648480,"400 Structures"
"0416-6039","DRILL SHAFT (18 IN TO 96 IN) (TY 39)","2024/2014","LF",450,463.5,423,124.8,1537,16960,7632000,"400 Structures"
"0416-6040","DRILL SHAFT (18 IN TO 96 IN) (TY 40)","2024/2014","LF",468,496.08,439.92,127.2,1580.5,18530,8672040,"400 Structures"
"0416-6041","DRILL SHAFT (18 IN TO 96 IN) (TY 41)","2024/2014","LF",486,456.84,456.84,120,1624,20100,9768600,"400 Structures"
"0416-6042","DRILL SHAFT (18 IN TO 96 IN) (TY 42)","2024/2014","LF",504,488.88,473.76,122.4,1667.5,21670,10921680,"400 Structures"
"0416-6043","DRILL SHAFT (18 IN TO 96 IN) (TY 43)","2024/2014","LF",396,396,372.24,124.8,1450,23240,9203040,"400 Structures"
"0416-6044","DRILL SHAFT (18 IN TO 96 IN) (TY 44)","2024/2014","LF",414,426.42,389.16,127.2,1493.5,24810,10271340,"400 Structures"
"0416-6045","DRILL SHAFT (18 IN TO 96 IN) (TY 45)","2024/2014","LF",432,457.92,406.08,120,1537,26380,11396160,"400 Structures"
"0416-6046","DRILL SHAFT (18 IN TO 96 IN) (TY 46)","2024/2014","LF",450,423,423,122.4,1580.5,17150,7717500,"400 Structures"
"0416-6047","DRILL SHAFT (18 IN TO 96 IN) (TY 47)","2024/2014","LF",468,453.96,439.92,124.8,1624,18720,8760960,"400 Structures"
"0416-6048","DRILL SHAFT (18 IN TO 96 IN) (TY 48)","2024/2014","LF",486,486,456.84,127.2,1667.5,20290,9860940,"400 Structures"
"0416-6049","DRILL SHAFT (18 IN TO 96 IN) (TY 49)","2024/2014","LF",504,519.12,473.76,120,1450,21860,11017440,"400 Structures"
"0416-6050","DRILL SHAFT (18 IN TO 96 IN) (TY 50)","2024/2014","LF",396,419.76,372.24,122.4,1493.5,23430,9278280,"400 Structures"
"0416-6051","DRILL SHAFT (18 IN TO 96 IN) (TY 51)","2024/2014","LF",414,389.16,389.16,124.8,1537,25000,10350000,"400 Structures"
"0416-6052","DRILL SHAFT (18 IN TO 96 IN) (TY 52)","2024/2014","LF",432,419.04,406.08,127.2,1580.5,26570,11478240,"400 Structures"
"0416-6053","DRILL SHAFT (18 IN TO 96 IN) (TY 53)","2024/2014","LF",450,450,423,120,1624,28140,12663000,"400 Structures"
"0416-6054","DRILL SHAFT (18 IN TO 96 IN) (TY 54)","2024/2014","LF",468,482.04,439.92,122.4,1667.5,29710,13904280,"400 Structures"
"0416-6055","DRILL SHAFT (18 IN TO 96 IN) (TY 55)","2024/2014","LF",486,515.16,456.84,124.8,1450,20480,9953280,"400 Structures"
"0416-6056","DRILL SHAFT (18 IN TO 96 IN) (TY 56)","2024/2014","LF",504,473.76,473.76,127.2,1493.5,22050,11113200,"400 Structures"
"0416-6057","DRILL SHAFT (18 IN TO 96 IN) (TY 57)","2024/2014","LF",396,384.12,372.24,120,1537,23620,9353520,"400 Structures"
"0416-6058","DRILL SHAFT (18 IN TO 96 IN) (TY 58)","2024/2014","LF",414,414,389.16,122.4,1580.5,25190,10428660,"400 Structures"
"0416-6059","DRILL SHAFT (18 IN TO 96 IN) (TY 59)","2024/2014","LF",432,444.96,406.08,124.8,1624,26760,11560320,"400 Structures"
"0416-6060","DRILL SHAFT (18 IN TO 96 IN) (TY 60)","2024/2014","LF",450,477,423,127.2,1667.5,28330,12748500,"400 Structures"
"0416-6061","DRILL SHAFT (18 IN TO 96 IN) (TY 61)","2024/2014","LF",468,439.92,439.92,120,1450,29900,13993200,"400 Structures"
"0416-6062","DRILL SHAFT (18 IN TO 96 IN) (TY 62)","2024/2014","LF",486,471.42,456.84,122.4,1493.5,31470,15294420,"400 Structures"
"0416-6063","DRILL SHAFT (18 IN TO 96 IN) (TY 63)","2024/2014","LF",504,504,473.76,124.8,1537,33040,16652160,"400 Structures"
"0416-6064","DRILL SHAFT (18 IN TO 96 IN) (TY 64)","2024/2014","LF",396,407.88,372.24,127.2,1580.5,23810,9428760,"400 Structures"
"0416-6065","DRILL SHAFT (18 IN TO 96 IN) (TY 65)","2024/2014","LF",414,438.84,389.16,120,1624,25380,10507320,"400 Structures"
"0416-6066","DRILL SHAFT (18 IN TO 96 IN) (TY 66)","2024/2014","LF",432,406.08,406.08,122.4,1667.5,26950,11642400,"400 Structures"
"0416-6067","DRILL SHAFT (18 IN TO 96 IN) (TY 67)","2024/2014","LF",450,436.5,423,124.8,1450,28520,12834000,"400 Structures"
"0416-6068","DRILL SHAFT (18 IN TO 96 IN) (TY 68)","2024/2014","LF",468,468,439.92,127.2,1493.5,30090,14082120,"400 Structures"
"0416-6069","DRILL SHAFT (18 IN TO 96 IN) (TY 69)","2024/2014","LF",486,500.58,456.84,120,1537,31660,15386760,"400 Structures"
"0416-6070","DRILL SHAFT (18 IN TO 96 IN) (TY 70)","2024/2014","LF",504,534.24,473.76,122.4,1580.5,33230,16747920,"400 Structures"
"0416-6071","DRILL SHAFT (18 IN TO 96 IN) (TY 71)","2024/2014","LF",396,372.24,372.24,124.8,1624,34800,13780800,"400 Structures"
"0416-6072","DRILL SHAFT (18 IN TO 96 IN) (TY 72)","2024/2014","LF",414,401.58,389.16,127.2,1667.5,36370,15057180,"400 Structures"
"0416-6073","DRILL SHAFT (18 IN TO 96 IN) (TY 73)","2024/2014","LF",432,432,406.08,120,1450,27140,11724480,"400 Structures"
"0416-6074","DRILL SHAFT (18 IN TO 96 IN) (TY 74)","2024/2014","LF",450,463.5,423,122.4,1493.5,28710,12919500,"400 Structures"
"0416-6075","DRILL SHAFT (18 IN TO 96 IN) (TY 75)","2024/2014","LF",468,496.08,439.92,124.8,1537,30280,14171040,"400 Structures"
"0416-6076","DRILL SHAFT (18 IN TO 96 IN) (TY 76)","2024/2014","LF",486,456.84,456.84,127.2,1580.5,31850,15479100,"400 Structures"
"0416-6077","DRILL SHAFT (18 IN TO 96 IN) (TY 77)","2024/2014","LF",504,488.88,473.76,120,1624,33420,16843680,"400 Structures"
"0416-6078","DRILL SHAFT (18 IN TO 96 IN) (TY 78)","2024/2014","LF",396,396,372.24,122.4,1667.5,34990,13856040,"400 Structures"
"0416-6079","DRILL SHAFT (18 IN TO 96 IN) (TY 79)","2024/2014","LF",414,426.42,389.16,124.8,1450,36560,15135840,"400 Structures"
"0416-6080","DRILL SHAFT (18 IN TO 96 IN) (TY 80)","2024/2014","LF",432,457.92,406.08,127.2,1493.5,38130,16472160,"400 Structures"
"0416-6081","DRILL SHAFT (18 IN TO 96 IN) (TY 81)","2024/2014","LF",450,423,423,120,1537,39700,17865000,"400 Structures"
"0416-6082","DRILL SHAFT (18 IN TO 96 IN) (TY 82)","2024/2014","LF",468,453.96,439.92,122.4,1580.5,30470,14259960,"400 Structures"
"0416-6083","DRILL SHAFT (18 IN TO 96 IN) (TY 83)","2024/2014","LF",486,486,456.84,124.8,1624,32040,15571440,"400 Structures"
"0416-6084","DRILL SHAFT (18 IN TO 96 IN) (TY 84)","2024/2014","LF",504,519.12,473.76,127.2,1667.5,33610,16939440,"400 Structures"
"0416-6085","DRILL SHAFT (18 IN TO 96 IN) (TY 85)","2024/2014","LF",396,419.76,372.24,120,1450,35180,13931280,"400 Structures"
"0416-6086","DRILL SHAFT (18 IN TO 96 IN) (TY 86)","2024/2014","LF",414,389.16,389.16,122.4,1493.5,36750,15214500,"400 Structures"
"0416-6087","DRILL SHAFT (18 IN TO 96 IN) (TY 87)","2024/2014","LF",432,419.04,406.08,124.8,1537,38320,16554240,"400 Structures"
"0416-6088","DRILL SHAFT (18 IN TO 96 IN) (TY 88)","2024/2014","LF",450,450,423,127.2,1580.5,39890,17950500,"400 Structures"
"0416-6089","DRILL SHAFT (18 IN TO 96 IN) (TY 89)","2024/2014","LF",468,482.04,439.92,120,1624,41460,19403280,"400 Structures"
"0416-6090","DRILL SHAFT (18 IN TO 96 IN) (TY 90)","2024/2014","LF",486,515.16,456.84,122.4,1667.5,43030,20912580,"400 Structures"
"0416-6091","DRILL SHAFT (18 IN TO 96 IN) (TY 91)","2024/2014","LF",504,473.76,473.76,124.8,1450,33800,17035200,"400 Structures"
"0416-6092","DRILL SHAFT (18 IN TO 96 IN) (TY 92)","2024/2014","LF",396,384.12,372.24,127.2,1493.5,35370,14006520,"400 Structures"
"0416-6093","DRILL SHAFT (18 IN TO 96 IN) (TY 93)","2024/2014","LF",414,414,389.16,120,1537,36940,15293160,"400 Structures"
"0416-6094","DRILL SHAFT (18 IN TO 96 IN) (TY 94)","2024/2014","LF",432,444.96,406.08,122.4,1580.5,38510,16636320,"400 Structures"
"0416-6095","DRILL SHAFT (18 IN TO 96 IN) (TY 95)","2024/2014","LF",450,477,423,124.8,1624,40080,18036000,"400 Structures"
"0416-6096","DRILL SHAFT (18 IN TO 96 IN) (TY 96)","2024/2014","LF",468,439.92,439.92,127.2,1667.5,41650,19492200,"400 Structures"
"0416-6097","DRILL SHAFT (18 IN TO 96 IN) (TY 97)","2024/2014","LF",486,471.42,456.84,120,1450,43220,21004920,"400 Structures"
"0416-6098","DRILL SHAFT (18 IN TO 96 IN) (TY 98)","2024/2014","LF",504,504,473.76,122.4,1493.5,44790,22574160,"400 Structures"
"0416-6099","DRILL SHAFT (18 IN TO 96 IN) (TY 99)","2024/2014","LF",396,407.88,372.24,124.8,1537,46360,18358560,"400 Structures"
"0416-6100","DRILL SHAFT (18 IN TO 96 IN) (TY 100)","2024/2014","LF",414,438.84,389.16,127.2,1580.5,37130,15371820,"400 Structures"
"0416-6101","DRILL SHAFT (18 IN TO 96 IN) (TY 101)","2024/2014","LF",432,406.08,406.08,120,1624,38700,16718400,"400 Structures"
"0416-6102","DRILL SHAFT (18 IN TO 96 IN) (TY 102)","2024/2014","LF",450,436.5,423,122.4,1667.5,40270,18121500,"400 Structures"
"0416-6103","DRILL SHAFT (18 IN TO 96 IN) (TY 103)","2024/2014","LF",468,468,439.92,124.8,1450,41840,19581120,"400 Structures"
"0416-6104","DRILL SHAFT (18 IN TO 96 IN) (TY 104)","2024/2014","LF",486,500.58,456.84,127.2,1493.5,43410,21097260,"400 Structures"
"0416-6105","DRILL SHAFT (18 IN TO 96 IN) (TY 105)","2024/2014","LF",504,534.24,473.76,120,1537,44980,22669920,"400 Structures"
"0416-6106","DRILL SHAFT (18 IN TO 96 IN) (TY 106)","2024/2014","LF",396,372.24,372.24,122.4,1580.5,46550,18433800,"400 Structures"
"0416-6107","DRILL SHAFT (18 IN TO 96 IN) (TY 107)","2024/2014","LF",414,401.58,389.16,124.8,1624,48120,19921680,"400 Structures"
"0416-6108","DRILL SHAFT (18 IN TO 96 IN) (TY 108)","2024/2014","LF",432,432,406.08,127.2,1667.5,49690,21466080,"400 Structures"
"0416-6109","DRILL SHAFT (18 IN TO 96 IN) (TY 109)","2024/2014","LF",450,463.5,423,120,1450,40460,18207000,"400 Structures"
"0416-6110","DRILL SHAFT (18 IN TO 96 IN) (TY 110)","2024/2014","LF",468,496.08,439.92,122.4,1493.5,42030,19670040,"400 Structures"
"0416-6111","DRILL SHAFT (18 IN TO 96 IN) (TY 111)","2024/2014","LF",486,456.84,456.84,124.8,1537,43600,21189600,"400 Structures"
"0416-6112","DRILL SHAFT (18 IN TO 96 IN) (TY 112)","2024/2014","LF",504,488.88,473.76,127.2,1580.5,45170,22765680,"400 Structures"
"0416-6113","DRILL SHAFT (18 IN TO 96 IN) (TY 113)","2024/2014","LF",396,396,372.24,120,1624,46740,18509040,"400 Structures"
"0416-6114","DRILL SHAFT (18 IN TO 96 IN) (TY 114)","2024/2014","LF",414,426.42,389.16,122.4,1667.5,48310,20000340,"400 Structures"
"0416-6115","DRILL SHAFT (18 IN TO 96 IN) (TY 115)","2024/2014","LF",432,457.92,406.08,124.8,1450,49880,21548160,"400 Structures"
"0416-6116","DRILL SHAFT (18 IN TO 96 IN) (TY 116)","2024/2014","LF",450,423,423,127.2,1493.5,51450,23152500,"400 Structures"
"0416-6117","DRILL SHAFT (18 IN TO 96 IN) (TY 117)","2024/2014","LF",468,453.96,439.92,120,1537,53020,24813360,"400 Structures"
"0416-6118","DRILL SHAFT (18 IN TO 96 IN) (TY 118)","2024/2014","LF",486,486,456.84,122.4,1580.5,43790,21281940,"400 Structures"
"0416-6119","DRILL SHAFT (18 IN TO 96 IN) (TY 119)","2024/2014","LF",504,519.12,473.76,124.8,1624,45360,22861440,"400 Structures"
"0416-6120","DRILL SHAFT (18 IN TO 96 IN) (TY 120)","2024/2014","LF",396,419.76,372.24,127.2,1667.5,46930,18584280,"400 Structures"
"0416-6121","DRILL SHAFT (18 IN TO 96 IN) (TY 121)","2024/2014","LF",414,389.16,389.16,120,1450,48500,20079000,"400 Structures"
"0416-6122","DRILL SHAFT (18 IN TO 96 IN) (TY 122)","2024/2014","LF",432,419.04,406.08,122.4,1493.5,50070,21630240,"400 Structures"
"0416-6123","DRILL SHAFT (18 IN TO 96 IN) (TY 123)","2024/2014","LF",450,450,423,124.8,1537,51640,23238000,"400 Structures"
"0416-6124","DRILL SHAFT (18 IN TO 96 IN) (TY 124)","2024/2014","LF",468,482.04,439.92,127.2,1580.5,53210,24902280,"400 Structures"
"0416-6125","DRILL SHAFT (18 IN TO 96 IN) (TY 125)","2024/2014","LF",486,515.16,456.84,120,1624,54780,26623080,"400 Structures"
"0416-6126","DRILL SHAFT (18 IN TO 96 IN) (TY 126)","2024/2014","LF",504,473.76,473.76,122.4,1667.5,56350,28400400,"400 Structures"
"0416-6127","DRILL SHAFT (18 IN TO 96 IN) (TY 127)","2024/2014","LF",396,384.12,372.24,124.8,1450,47120,18659520,"400 Structures"
"0416-6128","DRILL SHAFT (18 IN TO 96 IN) (TY 128)","2024/2014","LF",414,414,389.16,127.2,1493.5,48690,20157660,"400 Structures"
"0416-6129","DRILL SHAFT (18 IN TO 96 IN) (TY 129)","2024/2014","LF",432,444.96,406.08,120,1537,50260,21712320,"400 Structures"
"0416-6130","DRILL SHAFT (18 IN TO 96 IN) (TY 130)","2024/2014","LF",450,477,423,122.4,1580.5,51830,23323500,"400 Structures"
"0416-6131","DRILL SHAFT (18 IN TO 96 IN) (TY 131)","2024/2014","LF",468,439.92,439.92,124.8,1624,53400,24991200,"400 Structures"
"0416-6132","DRILL SHAFT (18 IN TO 96 IN) (TY 132)","2024/2014","LF",486,471.42,456.84,127.2,1667.5,54970,26715420,"400 Structures"
"0416-6133","DRILL SHAFT (18 IN TO 96 IN) (TY 133)","2024/2014","LF",504,504,473.76,120,1450,56540,28496160,"400 Structures"
"0416-6134","DRILL SHAFT (18 IN TO 96 IN) (TY 134)","2024/2014","LF",396,407.88,372.24,122.4,1493.5,58110,23011560,"400 Structures"
"0416-6135","DRILL SHAFT (18 IN TO 96 IN) (TY 135)","2024/2014","LF",414,438.84,389.16,124.8,1537,59680,24707520,"400 Structures"
"0416-6136","DRILL SHAFT (18 IN TO 96 IN) (TY 136)","2024/2014","LF",432,406.08,406.08,127.2,1580.5,50450,21794400,"400 Structures"
"0416-6137","DRILL SHAFT (18 IN TO 96 IN) (TY 137)","2024/2014","LF",450,436.5,423,120,1624,52020,23409000,"400 Structures"
"0416-6138","DRILL SHAFT (18 IN TO 96 IN) (TY 138)","2024/2014","LF",468,468,439.92,122.4,1667.5,53590,25080120,"400 Structures"
"0416-6139","DRILL SHAFT (18 IN TO 96 IN) (TY 139)","2024/2014","LF",486,500.58,456.84,124.8,1450,55160,26807760,"400 Structures"
"0416-6140","DRILL SHAFT (18 IN TO 96 IN) (TY 140)","2024/2014","LF",504,534.24,473.76,127.2,1493.5,56730,28591920,"400 Structures"
"0416-6141","DRILL SHAFT (18 IN TO 96 IN) (TY 141)","2024/2014","LF",396,372.24,372.24,120,1537,58300,23086800,"400 Structures"
"0416-6142","DRILL SHAFT (18 IN TO 96 IN) (TY 142)","2024/2014","LF",414,401.58,389.16,122.4,1580.5,59870,24786180,"400 Structures"
"0416-6143","DRILL SHAFT (18 IN TO 96 IN) (TY 143)","2024/2014","LF",432,432,406.08,124.8,1624,61440,26542080,"400 Structures"
"0416-6144","DRILL SHAFT (18 IN TO 96 IN) (TY 144)","2024/2014","LF",450,463.5,423,127.2,1667.5,63010,28354500,"400 Structures"
"0416-6145","DRILL SHAFT (18 IN TO 96 IN) (TY 145)","2024/2014","LF",468,496.08,439.92,120,1450,53780,25169040,"400 Structures"
"0416-6146","DRILL SHAFT (18 IN TO 96 IN) (TY 146)","2024/2014","LF",486,456.84,456.84,122.4,1493.5,55350,26900100,"400 Structures"
"0416-6147","DRILL SHAFT (18 IN TO 96 IN) (TY 147)","2024/2014","LF",504,488.88,473.76,124.8,1537,56920,28687680,"400 Structures"
"0416-6148","DRILL SHAFT (18 IN TO 96 IN) (TY 148)","2024/2014","LF",396,396,372.24,127.2,1580.5,58490,23162040,"400 Structures"
"0416-6149","DRILL SHAFT (18 IN TO 96 IN) (TY 149)","2024/2014","LF",414,426.42,389.16,120,1624,60060,24864840,"400 Structures"
"0416-6150","DRILL SHAFT (18 IN TO 96 IN) (TY 150)","2024/2014","LF",432,457.92,406.08,122.4,1667.5,61630,26624160,"400 Structures"
"0416-6151","DRILL SHAFT (18 IN TO 96 IN) (TY 151)","2024/2014","LF",450,423,423,124.8,1450,63200,28440000,"400 Structures"
"0416-6152","DRILL SHAFT (18 IN TO 96 IN) (TY 152)","2024/2014","LF",468,453.96,439.92,127.2,1493.5,64770,30312360,"400 Structures"
"0416-6153","DRILL SHAFT (18 IN TO 96 IN) (TY 153)","2024/2014","LF",486,486,456.84,120,1537,66340,32241240,"400 Structures"
"0416-6154","DRILL SHAFT (18 IN TO 96 IN) (TY 154)","2024/2014","LF",504,519.12,473.76,122.4,1580.5,57110,28783440,"400 Structures"
"0416-6155","DRILL SHAFT (18 IN TO 96 IN) (TY 155)","2024/2014","LF",396,419.76,372.24,124.8,1624,58680,23237280,"400 Structures"
"0416-6156","DRILL SHAFT (18 IN TO 96 IN) (TY 156)","2024/2014","LF",414,389.16,389.16,127.2,1667.5,60250,24943500,"400 Structures"
"0416-6157","DRILL SHAFT (18 IN TO 96 IN) (TY 157)","2024/2014","LF",432,419.04,406.08,120,1450,61820,26706240,"400 Structures"
"0416-6158","DRILL SHAFT (18 IN TO 96 IN) (TY 158)","2024/2014","LF",450,450,423,122.4,1493.5,63390,28525500,"400 Structures"
"0416-6159","DRILL SHAFT (18 IN TO 96 IN) (TY 159)","2024/2014","LF",468,482.04,439.92,124.8,1537,64960,30401280,"400 Structures"
"0416-6160","DRILL SHAFT (18 IN TO 96 IN) (TY 160)","2024/2014","LF",486,515.16,456.84,127.2,1580.5,66530,32333580,"400 Structures"
"0416-6161","DRILL SHAFT (18 IN TO 96 IN) (TY 161)","2024/2014","LF",504,473.76,473.76,120,1624,68100,34322400,"400 Structures"
"0416-6162","DRILL SHAFT (18 IN TO 96 IN) (TY 162)","2024/2014","LF",396,384.12,372.24,122.4,1667.5,69670,27589320,"400 Structures"
"0416-6163","DRILL SHAFT (18 IN TO 96 IN) (TY 163)","2024/2014","LF",414,414,389.16,124.8,1450,60440,25022160,"400 Structures"
"0416-6164","DRILL SHAFT (18 IN TO 96 IN) (TY 164)","2024/2014","LF",432,444.96,406.08,127.2,1493.5,62010,26788320,"400 Structures"
"0416-6165","DRILL SHAFT (18 IN TO 96 IN) (TY 165)","2024/2014","LF",450,477,423,120,1537,63580,28611000,"400 Structures"
"0416-6166","DRILL SHAFT (18 IN TO 96 IN) (TY 166)","2024/2014","LF",468,439.92,439.92,122.4,1580.5,65150,30490200,"400 Structures"
"0416-6167","DRILL SHAFT (18 IN TO 96 IN) (TY 167)","2024/2014","LF",486,471.42,456.84,124.8,1624,66720,32425920,"400 Structures"
"0416-6168","DRILL SHAFT (18 IN TO 96 IN) (TY 168)","2024/2014","LF",504,504,473.76,127.2,1667.5,68290,34418160,"400 Structures"
"0416-6169","DRILL SHAFT (18 IN TO 96 IN) (TY 169)","2024/2014","LF",396,407.88,372.24,120,1450,69860,27664560,"400 Structures"
"0416-6170","DRILL SHAFT (18 IN TO 96 IN) (TY 170)","2024/2014","LF",414,438.84,389.16,122.4,1493.5,71430,29572020,"400 Structures"
"0416-6171","DRILL SHAFT (18 IN TO 96 IN) (TY 171)","2024/2014","LF",432,406.08,406.08,124.8,1537,73000,31536000,"400 Structures"
"0416-6172","DRILL SHAFT (18 IN TO 96 IN) (TY 172)","2024/2014","LF",450,436.5,423,127.2,1580.5,63770,28696500,"400 Structures"
"0416-6173","DRILL SHAFT (18 IN TO 96 IN) (TY 173)","2024/2014","LF",468,468,439.92,120,1624,65340,30579120,"400 Structures"
"0416-6174","DRILL SHAFT (18 IN TO 96 IN) (TY 174)","2024/2014","LF",486,500.58,456.84,122.4,1667.5,66910,32518260,"400 Structures"
"0416-6175","DRILL SHAFT (18 IN TO 96 IN) (TY 175)","2024/2014","LF",504,534.24,473.76,124.8,1450,68480,34513920,"400 Structures"
"0416-6176","DRILL SHAFT (18 IN TO 96 IN) (TY 176)","2024/2014","LF",396,372.24,372.24,127.2,1493.5,70050,27739800,"400 Structures"
"0416-6177","DRILL SHAFT (18 IN TO 96 IN) (TY 177)","2024/2014","LF",414,401.58,389.16,120,1537,71620,29650680,"400 Structures"
"0416-6178","DRILL SHAFT (18 IN TO 96 IN) (TY 178)","2024/2014","LF",432,432,406.08,122.4,1580.5,73190,31618080,"400 Structures"
"0416-6179","DRILL SHAFT (18 IN TO 96 IN) (TY 179)","2024/2014","LF",450,463.5,423,124.8,1624,74760,33642000,"400 Structures"
"0416-6180","DRILL SHAFT (18 IN TO 96 IN) (TY 180)","2024/2014","LF",468,496.08,439.92,127.2,1667.5,76330,35722440,"400 Structures"
"0420-6001","CONCRETE STRUCTURES (ABUT/CAP/COL) (TY 1)","2024/2014","CY",1188,1116.72,1116.72,750,2450,500,594000,"400 Structures"
"0420-6002","CONCRETE STRUCTURES (ABUT/CAP/COL) (TY 2)","2024/2014","CY",1242,1204.74,1167.48,765,2523.5,2070,2570940,"400 Structures"
"0420-6003","CONCRETE STRUCTURES (ABUT/CAP/COL) (TY 3)","2024/2014","CY",1296,1296,1218.24,780,2597,3640,4717440,"400 Structures"
"0420-6004","CONCRETE STRUCTURES (ABUT/CAP/COL) (TY 4)","2024/2014","CY",1350,1390.5,1269,795,2670.5,5210,7033500,"400 Structures"
"0420-6005","CONCRETE STRUCTURES (ABUT/CAP/COL) (TY 5)","2024/2014","CY",1404,1488.24,1319.76,750,2744,6780,9519120,"400 Structures"
"0420-6006","CONCRETE STRUCTURES (ABUT/CAP/COL) (TY 6)","2024/2014","CY",1458,1370.52,1370.52,765,2817.5,8350,12174300,"400 Structures"
"0420-6007","CONCRETE STRUCTURES (ABUT/CAP/COL) (TY 7)","2024/2014","CY",1512,1466.64,1421.28,780,2450,9920,14999040,"400 Structures"
"0420-6008","CONCRETE STRUCTURES (ABUT/CAP/COL) (TY 8)","2024/2014","CY",1188,1188,1116.72,795,2523.5,11490,13650120,"400 Structures"
"0420-6009","CONCRETE STRUCTURES (ABUT/CAP/COL) (TY 9)","2024/2014","CY",1242,1279.26,1167.48,750,2597,13060,16220520,"400 Structures"
"0420-6010","CONCRETE STRUCTURES (ABUT/CAP/COL) (TY 10)","2024/2014","CY",1296,1373.76,1218.24,765,2670.5,3830,4963680,"400 Structures"
"0420-6011","CONCRETE STRUCTURES (ABUT/CAP/COL) (TY 11)","2024/2014","CY",1350,1269,1269,780,2744,5400,7290000,"400 Structures"
"0420-6012","CONCRETE STRUCTURES (ABUT/CAP/COL) (TY 12)","2024/2014","CY",1404,1361.88,1319.76,795,2817.5,6970,9785880,"400 Structures"
"0420-6013","CONCRETE STRUCTURES (ABUT/CAP/COL) (TY 13)","2024/2014","CY",1458,1458,1370.52,750,2450,8540,12451320,"400 Structures"
"0420-6014","CONCRETE STRUCTURES (ABUT/CAP/COL) (TY 14)","2024/2014","CY",1512,1557.36,1421.28,765,2523.5,10110,15286320,"400 Structures"
"0420-6015","CONCRETE STRUCTURES (ABUT/CAP/COL) (TY 15)","2024/2014","CY",1188,1259.28,1116.72,780,2597,11680,13875840,"400 Structures"
"0420-6016","CONCRETE STRUCTURES (ABUT/CAP/COL) (TY 16)","2024/2014","CY",1242,1167.48,1167.48,795,2670.5,13250,16456500,"400 Structures"
"0420-6017","CONCRETE STRUCTURES (ABUT/CAP/COL) (TY 17)","2024/2014","CY",1296,1257.12,1218.24,750,2744,14820,19206720,"400 Structures"
"0420-6018","CONCRETE STRUCTURES (ABUT/CAP/COL) (TY 18)","2024/2014","CY",1350,1350,1269,765,2817.5,16390,22126500,"400 Structures"
"0420-6019","CONCRETE STRUCTURES (ABUT/CAP/COL) (TY 19)","2024/2014","CY",1404,1446.12,1319.76,780,2450,7160,10052640,"400 Structures"
"0420-6020","CONCRETE STRUCTURES (ABUT/CAP/COL) (TY 20)","2024/2014","CY",1458,1545.48,1370.52,795,2523.5,8730,12728340,"400 Structures"
"0420-6021","CONCRETE STRUCTURES (ABUT/CAP/COL) (TY 21)","2024/2014","CY",1512,1421.28,1421.28,750,2597,10300,15573600,"400 Structures"
"0420-6022","CONCRETE STRUCTURES (ABUT/CAP/COL) (TY 22)","2024/2014","CY",1188,1152.36,1116.72,765,2670.5,11870,14101560,"400 Structures"
"0420-6023","CONCRETE STRUCTURES (ABUT/CAP/COL) (TY 23)","2024/2014","CY",1242,1242,1167.48,780,2744,13440,16692480,"400 Structures"
"0420-6024","CONCRETE STRUCTURES (ABUT/CAP/COL) (TY 24)","2024/2014","CY",1296,1334.88,1218.24,795,2817.5,15010,19452960,"400 Structures"
"0420-6025","CONCRETE STRUCTURES (ABUT/CAP/COL) (TY 25)","2024/2014","CY",1350,1431,1269,750,2450,16580,22383000,"400 Structures"
"0420-6026","CONCRETE STRUCTURES (ABUT/CAP/COL) (TY 26)","2024/2014","CY",1404,1319.76,1319.76,765,2523.5,18150,25482600,"400 Structures"
"0420-6027","CONCRETE STRUCTURES (ABUT/CAP/COL) (TY 27)","2024/2014","CY",1458,1414.26,1370.52,780,2597,19720,28751760,"400 Structures"
"0420-6028","CONCRETE STRUCTURES (ABUT/CAP/COL) (TY 28)","2024/2014","CY",1512,1512,1421.28,795,2670.5,10490,15860880,"400 Structures"
"0420-6029","CONCRETE STRUCTURES (ABUT/CAP/COL) (TY 29)","2024/2014","CY",1188,1223.64,1116.72,750,2744,12060,14327280,"400 Structures"
"0420-6030","CONCRETE STRUCTURES (ABUT/CAP/COL) (TY 30)","2024/2014","CY",1242,1316.52,1167.48,765,2817.5,13630,16928460,"400 Structures"
"0420-6031","CONCRETE STRUCTURES (ABUT/CAP/COL) (TY 31)","2024/2014","CY",1296,1218.24,1218.24,780,2450,15200,19699200,"400 Structures"
"0420-6032","CONCRETE STRUCTURES (ABUT/CAP/COL) (TY 32)","2024/2014","CY",1350,1309.5,1269,795,2523.5,16770,22639500,"400 Structures"
"0420-6033","CONCRETE STRUCTURES (ABUT/CAP/COL) (TY 33)","2024/2014","CY",1404,1404,1319.76,750,2597,18340,25749360,"400 Structures"
"0420-6034","CONCRETE STRUCTURES (ABUT/CAP/COL) (TY 34)","2024/2014","CY",1458,1501.74,1370.52,765,2670.5,19910,29028780,"400 Structures"
"0420-6035","CONCRETE STRUCTURES (ABUT/CAP/COL) (TY 35)","2024/2014","CY",1512,1602.72,1421.28,780,2744,21480,32477760,"400 Structures"
"0420-6036","CONCRETE STRUCTURES (ABUT/CAP/COL) (TY 36)","2024/2014","CY",1188,1116.72,1116.72,795,2817.5,23050,27383400,"400 Structures"
"0420-6037","CONCRETE STRUCTURES (ABUT/CAP/COL) (TY 37)","2024/2014","CY",1242,1204.74,1167.48,750,2450,13820,17164440,"400 Structures"
"0420-6038","CONCRETE STRUCTURES (ABUT/CAP/COL) (TY 38)","2024/2014","CY",1296,1296,1218.24,765,2523.5,15390,19945440,"400 Structures"
"0420-6039","CONCRETE STRUCTURES (ABUT/CAP/COL) (TY 39)","2024/2014","CY",1350,1390.5,1269,780,2597,16960,22896000,"400 Structures"
"0420-6040","CONCRETE STRUCTURES (ABUT/CAP/COL) (TY 40)","2024/2014","CY",1404,1488.24,1319.76,795,2670.5,18530,26016120,"400 Structures"
"0420-6041","CONCRETE STRUCTURES (ABUT/CAP/COL) (TY 41)","2024/2014","CY",1458,1370.52,1370.52,750,2744,20100,29305800,"400 Structures"
"0420-6042","CONCRETE STRUCTURES (ABUT/CAP/COL) (TY 42)","2024/2014","CY",1512,1466.64,1421.28,765,2817.5,21670,32765040,"400 Structures"
"0420-6043","CONCRETE STRUCTURES (ABUT/CAP/COL) (TY 43)","2024/2014","CY",1188,1188,1116.72,780,2450,23240,27609120,"400 Structures"
"0420-6044","CONCRETE STRUCTURES (ABUT/CAP/COL) (TY 44)","2024/2014","CY",1242,1279.26,1167.48,795,2523.5,24810,30814020,"400 Structures"
"0420-6045","CONCRETE STRUCTURES (ABUT/CAP/COL) (TY 45)","2024/2014","CY",1296,1373.76,1218.24,750,2597,26380,34188480,"400 Structures"
"0420-6046","CONCRETE STRUCTURES (ABUT/CAP/COL) (TY 46)","2024/2014","CY",1350,1269,1269,765,2670.5,17150,23152500,"400 Structures"
"0420-6047","CONCRETE STRUCTURES (ABUT/CAP/COL) (TY 47)","2024/2014","CY",1404,1361.88,1319.76,780,2744,18720,26282880,"400 Structures"
"0420-6048","CONCRETE STRUCTURES (ABUT/CAP/COL) (TY 48)","2024/2014","CY",1458,1458,1370.52,795,2817.5,20290,29582820,"400 Structures"
"0420-6049","CONCRETE STRUCTURES (ABUT/CAP/COL) (TY 49)","2024/2014","CY",1512,1557.36,1421.28,750,2450,21860,33052320,"400 Structures"
"0420-6050","CONCRETE STRUCTURES (ABUT/CAP/COL) (TY 50)","2024/2014","CY",1188,1259.28,1116.72,765,2523.5,23430,27834840,"400 Structures"
"0420-6051","CONCRETE STRUCTURES (ABUT/CAP/COL) (TY 51)","2024/2014","CY",1242,1167.48,1167.48,780,2597,25000,31050000,"400 Structures"
"0420-6052","CONCRETE STRUCTURES (ABUT/CAP/COL) (TY 52)","2024/2014","CY",1296,1257.12,1218.24,795,2670.5,26570,34434720,"400 Structures"
"0420-6053","CONCRETE STRUCTURES (ABUT/CAP/COL) (TY 53)","2024/2014","CY",1350,1350,1269,750,2744,28140,37989000,"400 Structures"
"0420-6054","CONCRETE STRUCTURES (ABUT/CAP/COL) (TY 54)","2024/2014","CY",1404,1446.12,1319.76,765,2817.5,29710,41712840,"400 Structures"
"0420-6055","CONCRETE STRUCTURES (ABUT/CAP/COL) (TY 55)","2024/2014","CY",1458,1545.48,1370.52,780,2450,20480,29859840,"400 Structures"
"0420-6056","CONCRETE STRUCTURES (ABUT/CAP/COL) (TY 56)","2024/2014","CY",1512,1421.28,1421.28,795,2523.5,22050,33339600,"400 Structures"
"0420-6057","CONCRETE STRUCTURES (ABUT/CAP/COL) (TY 57)","2024/2014","CY",1188,1152.36,1116.72,750,2597,23620,28060560,"400 Structures"
"0420-6058","CONCRETE STRUCTURES (ABUT/CAP/COL) (TY 58)","2024/2014","CY",1242,1242,1167.48,765,2670.5,25190,31285980,"400 Structures"
"0420-6059","CONCRETE STRUCTURES (ABUT/CAP/COL) (TY 59)","2024/2014","CY",1296,1334.88,1218.24,780,2744,26760,34680960,"400 Structures"
"0420-6060","CONCRETE STRUCTURES (ABUT/CAP/COL) (TY 60)","2024/2014","CY",1350,1431,1269,795,2817.5,28330,38245500,"400 Structures"
"0420-6061","CONCRETE STRUCTURES (ABUT/CAP/COL) (TY 61)","2024/2014","CY",1404,1319.76,1319.76,750,2450,29900,41979600,"400 Structures"
"0420-6062","CONCRETE STRUCTURES (ABUT/CAP/COL) (TY 62)","2024/2014","CY",1458,1414.26,1370.52,765,2523.5,31470,45883260,"400 Structures"
"0420-6063","CONCRETE STRUCTURES (ABUT/CAP/COL) (TY 63)","2024/2014","CY",1512,1512,1421.28,780,2597,33040,49956480,"400 Structures"
"0420-6064","CONCRETE STRUCTURES (ABUT/CAP/COL) (TY 64)","2024/2014","CY",1188,1223.64,1116.72,795,2670.5,23810,28286280,"400 Structures"
"0420-6065","CONCRETE STRUCTURES (ABUT/CAP/COL) (TY 65)","2024/2014","CY",1242,1316.52,1167.48,750,2744,25380,31521960,"400 Structures"
"0420-6066","CONCRETE STRUCTURES (ABUT/CAP/COL) (TY 66)","2024/2014","CY",1296,1218.24,1218.24,765,2817.5,26950,34927200,"400 Structures"
"0420-6067","CONCRETE STRUCTURES (ABUT/CAP/COL) (TY 67)","2024/2014","CY",1350,1309.5,1269,780,2450,28520,38502000,"400 Structures"
"0420-6068","CONCRETE STRUCTURES (ABUT/CAP/COL) (TY 68)","2024/2014","CY",1404,1404,1319.76,795,2523.5,30090,42246360,"400 Structures"
"0420-6069","CONCRETE STRUCTURES (ABUT/CAP/COL) (TY 69)","2024/2014","CY",1458,1501.74,1370.52,750,2597,31660,46160280,"400 Structures"
"0420-6070","CONCRETE STRUCTURES (ABUT/CAP/COL) (TY 70)","2024/2014","CY",1512,1602.72,1421.28,765,2670.5,33230,50243760,"400 Structures"
"0420-6071","CONCRETE STRUCTURES (ABUT/CAP/COL) (TY 71)","2024/2014","CY",1188,1116.72,1116.72,780,2744,34800,41342400,"400 Structures"
"0420-6072","CONCRETE STRUCTURES (ABUT/CAP/COL) (TY 72)","2024/2014","CY",1242,1204.74,1167.48,795,2817.5,36370,45171540,"400 Structures"
"0420-6073","CONCRETE STRUCTURES (ABUT/CAP/COL) (TY 73)","2024/2014","CY",1296,1296,1218.24,750,2450,27140,35173440,"400 Structures"
"0420-6074","CONCRETE STRUCTURES (ABUT/CAP/COL) (TY 74)","2024/2014","CY",1350,1390.5,1269,765,2523.5,28710,38758500,"400 Structures"
"0420-6075","CONCRETE STRUCTURES (ABUT/CAP/COL) (TY 75)","2024/2014","CY",1404,1488.24,1319.76,780,2597,30280,42513120,"400 Structures"
"0420-6076","CONCRETE STRUCTURES (ABUT/CAP/COL) (TY 76)","2024/2014","CY",1458,1370.52,1370.52,795,2670.5,31850,46437300,"400 Structures"
"0420-6077","CONCRETE STRUCTURES (ABUT/CAP/COL) (TY 77)","2024/2014","CY",1512,1466.64,1421.28,750,2744,33420,50531040,"400 Structures"
"0420-6078","CONCRETE STRUCTURES (ABUT/CAP/COL) (TY 78)","2024/2014","CY",1188,1188,1116.72,765,2817.5,34990,41568120,"400 Structures"
"0420-6079","CONCRETE STRUCTURES (ABUT/CAP/COL) (TY 79)","2024/2014","CY",1242,1279.26,1167.48,780,2450,36560,45407520,"400 Structures"
"0420-6080","CONCRETE STRUCTURES (ABUT/CAP/COL) (TY 80)","2024/2014","CY",1296,1373.76,1218.24,795,2523.5,38130,49416480,"400 Structures"
"0420-6081","CONCRETE STRUCTURES (ABUT/CAP/COL) (TY 81)","2024/2014","CY",1350,1269,1269,750,2597,39700,53595000,"400 Structures"
"0420-6082","CONCRETE STRUCTURES (ABUT/CAP/COL) (TY 82)","2024/2014","CY",1404,1361.88,1319.76,765,2670.5,30470,42779880,"400 Structures"
"0420-6083","CONCRETE STRUCTURES (ABUT/CAP/COL) (TY 83)","2024/2014","CY",1458,1458,1370.52,780,2744,32040,46714320,"400 Structures"
"0420-6084","CONCRETE STRUCTURES (ABUT/CAP/COL) (TY 84)","2024/2014","CY",1512,1557.36,1421.28,795,2817.5,33610,50818320,"400 Structures"
"0420-6085","CONCRETE STRUCTURES (ABUT/CAP/COL) (TY 85)","2024/2014","CY",1188,1259.28,1116.72,750,2450,35180,41793840,"400 Structures"
"0420-6086","CONCRETE STRUCTURES (ABUT/CAP/COL) (TY 86)","2024/2014","CY",1242,1167.48,1167.48,765,2523.5,36750,45643500,"400 Structures"
"0420-6087","CONCRETE STRUCTURES (ABUT/CAP/COL) (TY 87)","2024/2014","CY",1296,1257.12,1218.24,780,2597,38320,49662720,"400 Structures"
"0420-6088","CONCRETE STRUCTURES (ABUT/CAP/COL) (TY 88)","2024/2014","CY",1350,1350,1269,795,2670.5,39890,53851500,"400 Structures"
"0420-6089","CONCRETE STRUCTURES (ABUT/CAP/COL) (TY 89)","2024/2014","CY",1404,1446.12,1319.76,750,2744,41460,58209840,"400 Structures"
"0420-6090","CONCRETE STRUCTURES (ABUT/CAP/COL) (TY 90)","2024/2014","CY",1458,1545.48,1370.52,765,2817.5,43030,62737740,"400 Structures"
"0420-6091","CONCRETE STRUCTURES (ABUT/CAP/COL) (TY 91)","2024/2014","CY",1512,1421.28,1421.28,780,2450,33800,51105600,"400 Structures"
"0420-6092","CONCRETE STRUCTURES (ABUT/CAP/COL) (TY 92)","2024/2014","CY",1188,1152.36,1116.72,795,2523.5,35370,42019560,"400 Structures"
"0420-6093","CONCRETE STRUCTURES (ABUT/CAP/COL) (TY 93)","2024/2014","CY",1242,1242,1167.48,750,2597,36940,45879480,"400 Structures"
"0420-6094","CONCRETE STRUCTURES (ABUT/CAP/COL) (TY 94)","2024/2014","CY",1296,1334.88,1218.24,765,2670.5,38510,49908960,"400 Structures"
"0420-6095","CONCRETE STRUCTURES (ABUT/CAP/COL) (TY 95)","2024/2014","CY",1350,1431,1269,780,2744,40080,54108000,"400 Structures"
"0420-6096","CONCRETE STRUCTURES (ABUT/CAP/COL) (TY 96)","2024/2014","CY",1404,1319.76,1319.76,795,2817.5,41650,58476600,"400 Structures"
"0420-6097","CONCRETE STRUCTURES (ABUT/CAP/COL) (TY 97)","2024/2014","CY",1458,1414.26,1370.52,750,2450,43220,63014760,"400 Structures"
"0420-6098","CONCRETE STRUCTURES (ABUT/CAP/COL) (TY 98)","2024/2014","CY",1512,1512,1421.28,765,2523.5,44790,67722480,"400 Structures"
"0420-6099","CONCRETE STRUCTURES (ABUT/CAP/COL) (TY 99)","2024/2014","CY",1188,1223.64,1116.72,780,2597,46360,55075680,"400 Structures"
"0420-6100","CONCRETE STRUCTURES (ABUT/CAP/COL) (TY 100)","2024/2014","CY",1242,1316.52,1167.48,795,2670.5,37130,46115460,"400 Structures"
"0420-6101","CONCRETE STRUCTURES (ABUT/CAP/COL) (TY 101)","2024/2014","CY",1296,1218.24,1218.24,750,2744,38700,50155200,"400 Structures"
"0420-6102","CONCRETE STRUCTURES (ABUT/CAP/COL) (TY 102)","2024/2014","CY",1350,1309.5,1269,765,2817.5,40270,54364500,"400 Structures"
"0420-6103","CONCRETE STRUCTURES (ABUT/CAP/COL) (TY 103)","2024/2014","CY",1404,1404,1319.76,780,2450,41840,58743360,"400 Structures"
"0420-6104","CONCRETE STRUCTURES (ABUT/CAP/COL) (TY 104)","2024/2014","CY",1458,1501.74,1370.52,795,2523.5,43410,63291780,"400 Structures"
"0420-6105","CONCRETE STRUCTURES (ABUT/CAP/COL) (TY 105)","2024/2014","CY",1512,1602.72,1421.28,750,2597,44980,68009760,"400 Structures"
"0420-6106","CONCRETE STRUCTURES (ABUT/CAP/COL) (TY 106)","2024/2014","CY",1188,1116.72,1116.72,765,2670.5,46550,55301400,"400 Structures"
"0420-6107","CONCRETE STRUCTURES (ABUT/CAP/COL) (TY 107)","2024/2014","CY",1242,1204.74,1167.48,780,2744,48120,59765040,"400 Structures"
"0420-6108","CONCRETE STRUCTURES (ABUT/CAP/COL) (TY 108)","2024/2014","CY",1296,1296,1218.24,795,2817.5,49690,64398240,"400 Structures"
"0420-6109","CONCRETE STRUCTURES (ABUT/CAP/COL) (TY 109)","2024/2014","CY",1350,1390.5,1269,750,2450,40460,54621000,"400 Structures"
"0420-6110","CONCRETE STRUCTURES (ABUT/CAP/COL) (TY 110)","2024/2014","CY",1404,1488.24,1319.76,765,2523.5,42030,59010120,"400 Structures"
"0420-6111","CONCRETE STRUCTURES (ABUT/CAP/COL) (TY 111)","2024/2014","CY",1458,1370.52,1370.52,780,2597,43600,63568800,"400 Structures"
"0420-6112","CONCRETE STRUCTURES (ABUT/CAP/COL) (TY 112)","2024/2014","CY",1512,1466.64,1421.28,795,2670.5,45170,68297040,"400 Structures"
"0420-6113","CONCRETE STRUCTURES (ABUT/CAP/COL) (TY 113)","2024/2014","CY",1188,1188,1116.72,750,2744,46740,55527120,"400 Structures"
"0420-6114","CONCRETE STRUCTURES (ABUT/CAP/COL) (TY 114)","2024/2014","CY",1242,1279.26,1167.48,765,2817.5,48310,60001020,"400 Structures"
"0420-6115","CONCRETE STRUCTURES (ABUT/CAP/COL) (TY 115)","2024/2014","CY",1296,1373.76,1218.24,780,2450,49880,64644480,"400 Structures"
"0420-6116","CONCRETE STRUCTURES (ABUT/CAP/COL) (TY 116)","2024/2014","CY",1350,1269,1269,795,2523.5,51450,69457500,"400 Structures"
"0420-6117","CONCRETE STRUCTURES (ABUT/CAP/COL) (TY 117)","2024/2014","CY",1404,1361.88,1319.76,750,2597,53020,74440080,"400 Structures"
"0420-6118","CONCRETE STRUCTURES (ABUT/CAP/COL) (TY 118)","2024/2014","CY",1458,1458,1370.52,765,2670.5,43790,63845820,"400 Structures"
"0420-6119","CONCRETE STRUCTURES (ABUT/CAP/COL) (TY 119)","2024/2014","CY",1512,1557.36,1421.28,780,2744,45360,68584320,"400 Structures"
"0420-6120","CONCRETE STRUCTURES (ABUT/CAP/COL) (TY 120)","2024/2014","CY",1188,1259.28,1116.72,795,2817.5,46930,55752840,"400 Structures"
"0420-6121","CONCRETE STRUCTURES (ABUT/CAP/COL) (TY 121)","2024/2014","CY",1242,1167.48,1167.48,750,2450,48500,60237000,"400 Structures"
"0420-6122","CONCRETE STRUCTURES (ABUT/CAP/COL) (TY 122)","2024/2014","CY",1296,1257.12,1218.24,765,2523.5,50070,64890720,"400 Structures"
"0420-6123","CONCRETE STRUCTURES (ABUT/CAP/COL) (TY 123)","2024/2014","CY",1350,1350,1269,780,2597,51640,69714000,"400 Structures"
"0420-6124","CONCRETE STRUCTURES (ABUT/CAP/COL) (TY 124)","2024/2014","CY",1404,1446.12,1319.76,795,2670.5,53210,74706840,"400 Structures"
"0420-6125","CONCRETE STRUCTURES (ABUT/CAP/COL) (TY 125)","2024/2014","CY",1458,1545.48,1370.52,750,2744,54780,79869240,"400 Structures"
"0420-6126","CONCRETE STRUCTURES (ABUT/CAP/COL) (TY 126)","2024/2014","CY",1512,1421.28,1421.28,765,2817.5,56350,85201200,"400 Structures"
"0420-6127","CONCRETE STRUCTURES (ABUT/CAP/COL) (TY 127)","2024/2014","CY",1188,1152.36,1116.72,780,2450,47120,55978560,"400 Structures"
"0420-6128","CONCRETE STRUCTURES (ABUT/CAP/COL) (TY 128)","2024/2014","CY",1242,1242,1167.48,795,2523.5,48690,60472980,"400 Structures"
"0420-6129","CONCRETE STRUCTURES (ABUT/CAP/COL) (TY 129)","2024/2014","CY",1296,1334.88,1218.24,750,2597,50260,65136960,"400 Structures"
"0420-6130","CONCRETE STRUCTURES (ABUT/CAP/COL) (TY 130)","2024/2014","CY",1350,1431,1269,765,2670.5,51830,69970500,"400 Structures"
"0420-6131","CONCRETE STRUCTURES (ABUT/CAP/COL) (TY 131)","2024/2014","CY",1404,1319.76,1319.76,780,2744,53400,74973600,"400 Structures"
"0420-6132","CONCRETE STRUCTURES (ABUT/CAP/COL) (TY 132)","2024/2014","CY",1458,1414.26,1370.52,795,2817.5,54970,80146260,"400 Structures"
"0420-6133","CONCRETE STRUCTURES (ABUT/CAP/COL) (TY 133)","2024/2014","CY",1512,1512,1421.28,750,2450,56540,85488480,"400 Structures"
"0420-6134","CONCRETE STRUCTURES (ABUT/CAP/COL) (TY 134)","2024/2014","CY",1188,1223.64,1116.72,765,2523.5,58110,69034680,"400 Structures"
"0420-6135","CONCRETE STRUCTURES (ABUT/CAP/COL) (TY 135)","2024/2014","CY",1242,1316.52,1167.48,780,2597,59680,74122560,"400 Structures"
"0420-6136","CONCRETE STRUCTURES (ABUT/CAP/COL) (TY 136)","2024/2014","CY",1296,1218.24,1218.24,795,2670.5,50450,65383200,"400 Structures"
"0420-6137","CONCRETE STRUCTURES (ABUT/CAP/COL) (TY 137)","2024/2014","CY",1350,1309.5,1269,750,2744,52020,70227000,"400 Structures"
"0420-6138","CONCRETE STRUCTURES (ABUT/CAP/COL) (TY 138)","2024/2014","CY",1404,1404,1319.76,765,2817.5,53590,75240360,"400 Structures"
"0420-6139","CONCRETE STRUCTURES (ABUT/CAP/COL) (TY 139)","2024/2014","CY",1458,1501.74,1370.52,780,2450,55160,80423280,"400 Structures"
"0420-6140","CONCRETE STRUCTURES (ABUT/CAP/COL) (TY 140)","2024/2014","CY",1512,1602.72,1421.28,795,2523.5,56730,85775760,"400 Structures"
"0420-6141","CONCRETE STRUCTURES (ABUT/CAP/COL) (TY 141)","2024/2014","CY",1188,1116.72,1116.72,750,2597,58300,69260400,"400 Structures"
"0420-6142","CONCRETE STRUCTURES (ABUT/CAP/COL) (TY 142)","2024/2014","CY",1242,1204.74,1167.48,765,2670.5,59870,74358540,"400 Structures"
"0420-6143","CONCRETE STRUCTURES (ABUT/CAP/COL) (TY 143)","2024/2014","CY",1296,1296,1218.24,780,2744,61440,79626240,"400 Structures"
"0420-6144","CONCRETE STRUCTURES (ABUT/CAP/COL) (TY 144)","2024/2014","CY",1350,1390.5,1269,795,2817.5,63010,85063500,"400 Structures"
"0420-6145","CONCRETE STRUCTURES (ABUT/CAP/COL) (TY 145)","2024/2014","CY",1404,1488.24,1319.76,750,2450,53780,75507120,"400 Structures"
"0420-6146","CONCRETE STRUCTURES (ABUT/CAP/COL) (TY 146)","2024/2014","CY",1458,1370.52,1370.52,765,2523.5,55350,80700300,"400 Structures"
"0420-6147","CONCRETE STRUCTURES (ABUT/CAP/COL) (TY 147)","2024/2014","CY",1512,1466.64,1421.28,780,2597,56920,86063040,"400 Structures"
"0420-6148","CONCRETE STRUCTURES (ABUT/CAP/COL) (TY 148)","2024/2014","CY",1188,1188,1116.72,795,2670.5,58490,69486120,"400 Structures"
"0420-6149","CONCRETE STRUCTURES (ABUT/CAP/COL) (TY 149)","2024/2014","CY",1242,1279.26,1167.48,750,2744,60060,74594520,"400 Structures"
"0420-6150","CONCRETE STRUCTURES (ABUT/CAP/COL) (TY 150)","2024/2014","CY",1296,1373.76,1218.24,765,2817.5,61630,79872480,"400 Structures"
"0420-6151","CONCRETE STRUCTURES (ABUT/CAP/COL) (TY 151)","2024/2014","CY",1350,1269,1269,780,2450,63200,85320000,"400 Structures"
"0420-6152","CONCRETE STRUCTURES (ABUT/CAP/COL) (TY 152)","2024/2014","CY",1404,1361.88,1319.76,795,2523.5,64770,90937080,"400 Structures"
"0420-6153","CONCRETE STRUCTURES (ABUT/CAP/COL) (TY 153)","2024/2014","CY",1458,1458,1370.52,750,2597,66340,96723720,"400 Structures"
"0420-6154","CONCRETE STRUCTURES (ABUT/CAP/COL) (TY 154)","2024/2014","CY",1512,1557.36,1421.28,765,2670.5,57110,86350320,"400 Structures"
"0420-6155","CONCRETE STRUCTURES (ABUT/CAP/COL) (TY 155)","2024/2014","CY",1188,1259.28,1116.72,780,2744,58680,69711840,"400 Structures"
"0420-6156","CONCRETE STRUCTURES (ABUT/CAP/COL) (TY 156)","2024/2014","CY",1242,1167.48,1167.48,795,2817.5,60250,74830500,"400 Structures"
"0420-6157","CONCRETE STRUCTURES (ABUT/CAP/COL) (TY 157)","2024/2014","CY",1296,1257.12,1218.24,750,2450,61820,80118720,"400 Structures"
"0420-6158","CONCRETE STRUCTURES (ABUT/CAP/COL) (TY 158)","2024/2014","CY",1350,1350,1269,765,2523.5,63390,85576500,"400 Structures"
"0420-6159","CONCRETE STRUCTURES (ABUT/CAP/COL) (TY 159)","2024/2014","CY",1404,1446.12,1319.76,780,2597,64960,91203840,"400 Structures"
"0420-6160","CONCRETE STRUCTURES (ABUT/CAP/COL) (TY 160)","2024/2014","CY",1458,1545.48,1370.52,795,2670.5,66530,97000740,"400 Structures"
"0420-6161","CONCRETE STRUCTURES (ABUT/CAP/COL) (TY 161)","2024/2014","CY",1512,1421.28,1421.28,750,2744,68100,102967200,"400 Structures"
"0420-6162","CONCRETE STRUCTURES (ABUT/CAP/COL) (TY 162)","2024/2014","CY",1188,1152.36,1116.72,765,2817.5,69670,82767960,"400 Structures"
"0420-6163","CONCRETE STRUCTURES (ABUT/CAP/COL) (TY 163)","2024/2014","CY",1242,1242,1167.48,780,2450,60440,75066480,"400 Structures"
"0420-6164","CONCRETE STRUCTURES (ABUT/CAP/COL) (TY 164)","2024/2014","CY",1296,1334.88,1218.24,795,2523.5,62010,80364960,"400 Structures"
"0420-6165","CONCRETE STRUCTURES (ABUT/CAP/COL) (TY 165)","2024/2014","CY",1350,1431,1269,750,2597,63580,85833000,"400 Structures"
"0420-6166","CONCRETE STRUCTURES (ABUT/CAP/COL) (TY 166)","2024/2014","CY",1404,1319.76,1319.76,765,2670.5,65150,91470600,"400 Structures"
"0420-6167","CONCRETE STRUCTURES (ABUT/CAP/COL) (TY 167)","2024/2014","CY",1458,1414.26,1370.52,780,2744,66720,97277760,"400 Structures"
"0420-6168","CONCRETE STRUCTURES (ABUT/CAP/COL) (TY 168)","2024/2014","CY",1512,1512,1421.28,795,2817.5,68290,103254480,"400 Structures"
"0420-6169","CONCRETE STRUCTURES (ABUT/CAP/COL) (TY 169)","2024/2014","CY",1188,1223.64,1116.72,750,2450,69860,82993680,"400 Structures"
"0420-6170","CONCRETE STRUCTURES (ABUT/CAP/COL) (TY 170)","2024/2014","CY",1242,1316.52,1167.48,765,2523.5,71430,88716060,"400 Structures"
"0420-6171","CONCRETE STRUCTURES (ABUT/CAP/COL) (TY 171)","2024/2014","CY",1296,1218.24,1218.24,780,2597,73000,94608000,"400 Structures"
"0420-6172","CONCRETE STRUCTURES (ABUT/CAP/COL) (TY 172)","2024/2014","CY",1350,1309.5,1269,795,2670.5,63770,86089500,"400 Structures"
"0420-6173","CONCRETE STRUCTURES (ABUT/CAP/COL) (TY 173)","2024/2014","CY",1404,1404,1319.76,750,2744,65340,91737360,"400 Structures"
"0420-6174","CONCRETE STRUCTURES (ABUT/CAP/COL) (TY 174)","2024/2014","CY",1458,1501.74,1370.52,765,2817.5,66910,97554780,"400 Structures"
"0420-6175","CONCRETE STRUCTURES (ABUT/CAP/COL) (TY 175)","2024/2014","CY",1512,1602.72,1421.28,780,2450,68480,103541760,"400 Structures"
"0420-6176","CONCRETE STRUCTURES (ABUT/CAP/COL) (TY 176)","2024/2014","CY",1188,1116.72,1116.72,795,2523.5,70050,83219400,"400 Structures"
"0420-6177","CONCRETE STRUCTURES (ABUT/CAP/COL) (TY 177)","2024/2014","CY",1242,1204.74,1167.48,750,2597,71620,88952040,"400 Structures"
"0420-6178","CONCRETE STRUCTURES (ABUT/CAP/COL) (TY 178)","2024/2014","CY",1296,1296,1218.24,765,2670.5,73190,94854240,"400 Structures"
"0420-6179","CONCRETE STRUCTURES (ABUT/CAP/COL) (TY 179)","2024/2014","CY",1350,1390.5,1269,780,2744,74760,100926000,"400 Structures"
"0420-6180","CONCRETE STRUCTURES (ABUT/CAP/COL) (TY 180)","2024/2014","CY",1404,1488.24,1319.76,795,2817.5,76330,107167320,"400 Structures"
"0420-6181","CONCRETE STRUCTURES (ABUT/CAP/COL) (TY 181)","2024/2014","CY",1458,1370.52,1370.52,750,2450,67100,97831800,"400 Structures"
"0420-6182","CONCRETE STRUCTURES (ABUT/CAP/COL) (TY 182)","2024/2014","CY",1512,1466.64,1421.28,765,2523.5,68670,103829040,"400 Structures"
"0420-6183","CONCRETE STRUCTURES (ABUT/CAP/COL) (TY 183)","2024/2014","CY",1188,1188,1116.72,780,2597,70240,83445120,"400 Structures"
"0420-6184","CONCRETE STRUCTURES (ABUT/CAP/COL) (TY 184)","2024/2014","CY",1242,1279.26,1167.48,795,2670.5,71810,89188020,"400 Structures"
"0420-6185","CONCRETE STRUCTURES (ABUT/CAP/COL) (TY 185)","2024/2014","CY",1296,1373.76,1218.24,750,2744,73380,95100480,"400 Structures"
"0420-6186","CONCRETE STRUCTURES (ABUT/CAP/COL) (TY 186)","2024/2014","CY",1350,1269,1269,765,2817.5,74950,101182500,"400 Structures"
"0420-6187","CONCRETE STRUCTURES (ABUT/CAP/COL) (TY 187)","2024/2014","CY",1404,1361.88,1319.76,780,2450,76520,107434080,"400 Structures"
"0420-6188","CONCRETE STRUCTURES (ABUT/CAP/COL) (TY 188)","2024/2014","CY",1458,1458,1370.52,795,2523.5,78090,113855220,"400 Structures"
"0420-6189","CONCRETE STRUCTURES (ABUT/CAP/COL) (TY 189)","2024/2014","CY",1512,1557.36,1421.28,750,2597,79660,120445920,"400 Structures"
"0420-6190","CONCRETE STRUCTURES (ABUT/CAP/COL) (TY 190)","2024/2014","CY",1188,1259.28,1116.72,765,2670.5,70430,83670840,"400 Structures"
"0422-6001","REINFORCED CONC SLAB (TY 1)","2024/2014","SF",25.96,24.4,24.4,19,52,500,12980,"400 Structures"
"0422-6002","REINFORCED CONC SLAB (TY 2)","2024/2014","SF",27.14,26.33,25.51,19.38,53.56,2070,56179.8,"400 Structures"
"0422-6003","REINFORCED CONC SLAB (TY 3)","2024/2014","SF",28.32,28.32,26.62,19.76,55.12,3640,103084.8,"400 Structures"
"0422-6004","REINFORCED CONC SLAB (TY 4)","2024/2014","SF",29.5,30.38,27.73,20.14,56.68,5210,153695,"400 Structures"
"0422-6005","REINFORCED CONC SLAB (TY 5)","2024/2014","SF",30.68,32.52,28.84,19,58.24,6780,208010.4,"400 Structures"
"0422-6006","REINFORCED CONC SLAB (TY 6)","2024/2014","SF",31.86,29.95,29.95,19.38,59.8,8350,266031,"400 Structures"
"0422-6007","REINFORCED CONC SLAB (TY 7)","2024/2014","SF",33.04,32.05,31.06,19.76,52,9920,327756.8,"400 Structures"
"0422-6008","REINFORCED CONC SLAB (TY 8)","2024/2014","SF",25.96,25.96,24.4,20.14,53.56,11490,298280.4,"400 Structures"
"0422-6009","REINFORCED CONC SLAB (TY 9)","2024/2014","SF",27.14,27.95,25.51,19,55.12,13060,354448.4,"400 Structures"
"0422-6010","REINFORCED CONC SLAB (TY 10)","2024/2014","SF",28.32,30.02,26.62,19.38,56.68,3830,108465.6,"400 Structures"
"0422-6011","REINFORCED CONC SLAB (TY 11)","2024/2014","SF",29.5,27.73,27.73,19.76,58.24,5400,159300,"400 Structures"
"0422-6012","REINFORCED CONC SLAB (TY 12)","2024/2014","SF",30.68,29.76,28.84,20.14,59.8,6970,213839.6,"400 Structures"
"0422-6013","REINFORCED CONC SLAB (TY 13)","2024/2014","SF",31.86,31.86,29.95,19,52,8540,272084.4,"400 Structures"
"0422-6014","REINFORCED CONC SLAB (TY 14)","2024/2014","SF",33.04,34.03,31.06,19.38,53.56,10110,334034.4,"400 Structures"
"0422-6015","REINFORCED CONC SLAB (TY 15)","2024/2014","SF",25.96,27.52,24.4,19.76,55.12,11680,303212.8,"400 Structures"
"0422-6016","REINFORCED CONC SLAB (TY 16)","2024/2014","SF",27.14,25.51,25.51,20.14,56.68,13250,359605,"400 Structures"
"0422-6017","REINFORCED CONC SLAB (TY 17)","2024/2014","SF",28.32,27.47,26.62,19,58.24,14820,419702.4,"400 Structures"
"0422-6018","REINFORCED CONC SLAB (TY 18)","2024/2014","SF",29.5,29.5,27.73,19.38,59.8,16390,483505,"400 Structures"
"0422-6019","REINFORCED CONC SLAB (TY 19)","2024/2014","SF",30.68,31.6,28.84,19.76,52,7160,219668.8,"400 Structures"
"0422-6020","REINFORCED CONC SLAB (TY 20)","2024/2014","SF",31.86,33.77,29.95,20.14,53.56,8730,278137.8,"400 Structures"
"0422-6021","REINFORCED CONC SLAB (TY 21)","2024/2014","SF",33.04,31.06,31.06,19,55.12,10300,340312,"400 Structures"
"0422-6022","REINFORCED CONC SLAB (TY 22)","2024/2014","SF",25.96,25.18,24.4,19.38,56.68,11870,308145.2,"400 Structures"
"0422-6023","REINFORCED CONC SLAB (TY 23)","2024/2014","SF",27.14,27.14,25.51,19.76,58.24,13440,364761.6,"400 Structures"
"0422-6024","REINFORCED CONC SLAB (TY 24)","2024/2014","SF",28.32,29.17,26.62,20.14,59.8,15010,425083.2,"400 Structures"
"0422-6025","REINFORCED CONC SLAB (TY 25)","2024/2014","SF",29.5,31.27,27.73,19,52,16580,489110,"400 Structures"
"0422-6026","REINFORCED CONC SLAB (TY 26)","2024/2014","SF",30.68,28.84,28.84,19.38,53.56,18150,556842,"400 Structures"
"0422-6027","REINFORCED CONC SLAB (TY 27)","2024/2014","SF",31.86,30.9,29.95,19.76,55.12,19720,628279.2,"400 Structures"
"0422-6028","REINFORCED CONC SLAB (TY 28)","2024/2014","SF",33.04,33.04,31.06,20.14,56.68,10490,346589.6,"400 Structures"
"0422-6029","REINFORCED CONC SLAB (TY 29)","2024/2014","SF",25.96,26.74,24.4,19,58.24,12060,313077.6,"400 Structures"
"0422-6030","REINFORCED CONC SLAB (TY 30)","2024/2014","SF",27.14,28.77,25.51,19.38,59.8,13630,369918.2,"400 Structures"
"0422-6031","REINFORCED CONC SLAB (TY 31)","2024/2014","SF",28.32,26.62,26.62,19.76,52,15200,430464,"400 Structures"
"0422-6032","REINFORCED CONC SLAB (TY 32)","2024/2014","SF",29.5,28.62,27.73,20.14,53.56,16770,494715,"400 Structures"
"0422-6033","REINFORCED CONC SLAB (TY 33)","2024/2014","SF",30.68,30.68,28.84,19,55.12,18340,562671.2,"400 Structures"
"0422-6034","REINFORCED CONC SLAB (TY 34)","2024/2014","SF",31.86,32.82,29.95,19.38,56.68,19910,634332.6,"400 Structures"
"0422-6035","REINFORCED CONC SLAB (TY 35)","2024/2014","SF",33.04,35.02,31.06,19.76,58.24,21480,709699.2,"400 Structures"
"0422-6036","REINFORCED CONC SLAB (TY 36)","2024/2014","SF",25.96,24.4,24.4,20.14,59.8,23050,598378,"400 Structures"
"0422-6037","REINFORCED CONC SLAB (TY 37)","2024/2014","SF",27.14,26.33,25.51,19,52,13820,375074.8,"400 Structures"
"0422-6038","REINFORCED CONC SLAB (TY 38)","2024/2014","SF",28.32,28.32,26.62,19.38,53.56,15390,435844.8,"400 Structures"
"0422-6039","REINFORCED CONC SLAB (TY 39)","2024/2014","SF",29.5,30.38,27.73,19.76,55.12,16960,500320,"400 Structures"
"0422-6040","REINFORCED CONC SLAB (TY 40)","2024/2014","SF",30.68,32.52,28.84,20.14,56.68,18530,568500.4,"400 Structures"
"0422-6041","REINFORCED CONC SLAB (TY 41)","2024/2014","SF",31.86,29.95,29.95,19,58.24,20100,640386,"400 Structures"
"0422-6042","REINFORCED CONC SLAB (TY 42)","2024/2014","SF",33.04,32.05,31.06,19.38,59.8,21670,715976.8,"400 Structures"
"0422-6043","REINFORCED CONC SLAB (TY 43)","2024/2014","SF",25.96,25.96,24.4,19.76,52,23240,603310.4,"400 Structures"
"0422-6044","REINFORCED CONC SLAB (TY 44)","2024/2014","SF",27.14,27.95,25.51,20.14,53.56,24810,673343.4,"400 Structures"
"0422-6045","REINFORCED CONC SLAB (TY 45)","2024/2014","SF",28.32,30.02,26.62,19,55.12,26380,747081.6,"400 Structures"
"0425-6001","PRESTR CONC GIRDER (TX28-TX70) (TY 1)","2024/2014","LF",211.2,198.53,198.53,140,420,500,105600,"400 Structures"
"0425-6002","PRESTR CONC GIRDER (TX28-TX70) (TY 2)","2024/2014","LF",220.8,214.18,207.55,142.8,432.6,2070,457056,"400 Structures"
"0425-6003","PRESTR CONC GIRDER (TX28-TX70) (TY 3)","2024/2014","LF",230.4,230.4,216.58,145.6,445.2,3640,838656,"400 Structures"
"0425-6004","PRESTR CONC GIRDER (TX28-TX70) (TY 4)","2024/2014","LF",240,247.2,225.6,148.4,457.8,5210,1250400,"400 Structures"
"0425-6005","PRESTR CONC GIRDER (TX28-TX70) (TY 5)","2024/2014","LF",249.6,264.58,234.62,140,470.4,6780,1692288,"400 Structures"
"0425-6006","PRESTR CONC GIRDER (TX28-TX70) (TY 6)","2024/2014","LF",259.2,243.65,243.65,142.8,483,8350,2164320,"400 Structures"
"0425-6007","PRESTR CONC GIRDER (TX28-TX70) (TY 7)","2024/2014","LF",268.8,260.74,252.67,145.6,420,9920,2666496,"400 Structures"
"0425-6008","PRESTR CONC GIRDER (TX28-TX70) (TY 8)","2024/2014","LF",211.2,211.2,198.53,148.4,432.6,11490,2426688,"400 Structures"
"0425-6009","PRESTR CONC GIRDER (TX28-TX70) (TY 9)","2024/2014","LF",220.8,227.42,207.55,140,445.2,13060,2883648,"400 Structures"
"0425-6010","PRESTR CONC GIRDER (TX28-TX70) (TY 10)","2024/2014","LF",230.4,244.22,216.58,142.8,457.8,3830,882432,"400 Structures"
"0425-6011","PRESTR CONC GIRDER (TX28-TX70) (TY 11)","2024/2014","LF",240,225.6,225.6,145.6,470.4,5400,1296000,"400 Structures"
"0425-6012","PRESTR CONC GIRDER (TX28-TX70) (TY 12)","2024/2014","LF",249.6,242.11,234.62,148.4,483,6970,1739712,"400 Structures"
"0425-6013","PRESTR CONC GIRDER (TX28-TX70) (TY 13)","2024/2014","LF",259.2,259.2,243.65,140,420,8540,2213568,"400 Structures"
"0425-6014","PRESTR CONC GIRDER (TX28-TX70) (TY 14)","2024/2014","LF",268.8,276.86,252.67,142.8,432.6,10110,2717568,"400 Structures"
"0425-6015","PRESTR CONC GIRDER (TX28-TX70) (TY 15)","2024/2014","LF",211.2,223.87,198.53,145.6,445.2,11680,2466816,"400 Structures"
"0425-6016","PRESTR CONC GIRDER (TX28-TX70) (TY 16)","2024/2014","LF",220.8,207.55,207.55,148.4,457.8,13250,2925600,"400 Structures"
"0425-6017","PRESTR CONC GIRDER (TX28-TX70) (TY 17)","2024/2014","LF",230.4,223.49,216.58,140,470.4,14820,3414528,"400 Structures"
"0425-6018","PRESTR CONC GIRDER (TX28-TX70) (TY 18)","2024/2014","LF",240,240,225.6,142.8,483,16390,3933600,"400 Structures"
"0425-6019","PRESTR CONC GIRDER (TX28-TX70) (TY 19)","2024/2014","LF",249.6,257.09,234.62,145.6,420,7160,1787136,"400 Structures"
"0425-6020","PRESTR CONC GIRDER (TX28-TX70) (TY 20)","2024/2014","LF",259.2,274.75,243.65,148.4,432.6,8730,2262816,"400 Structures"
"0425-6021","PRESTR CONC GIRDER (TX28-TX70) (TY 21)","2024/2014","LF",268.8,252.67,252.67,140,445.2,10300,2768640,"400 Structures"
"0425-6022","PRESTR CONC GIRDER (TX28-TX70) (TY 22)","2024/2014","LF",211.2,204.86,198.53,142.8,457.8,11870,2506944,"400 Structures"
"0425-6023","PRESTR CONC GIRDER (TX28-TX70) (TY 23)","2024/2014","LF",220.8,220.8,207.55,145.6,470.4,13440,2967552,"400 Structures"
"0425-6024","PRESTR CONC GIRDER (TX28-TX70) (TY 24)","2024/2014","LF",230.4,237.31,216.58,148.4,483,15010,3458304,"400 Structures"
"0425-6025","PRESTR CONC GIRDER (TX28-TX70) (TY 25)","2024/2014","LF",240,254.4,225.6,140,420,16580,3979200,"400 Structures"
"0425-6026","PRESTR CONC GIRDER (TX28-TX70) (TY 26)","2024/2014","LF",249.6,234.62,234.62,142.8,432.6,18150,4530240,"400 Structures"
"0425-6027","PRESTR CONC GIRDER (TX28-TX70) (TY 27)","2024/2014","LF",259.2,251.42,243.65,145.6,445.2,19720,5111424,"400 Structures"
"0425-6028","PRESTR CONC GIRDER (TX28-TX70) (TY 28)","2024/2014","LF",268.8,268.8,252.67,148.4,457.8,10490,2819712,"400 Structures"
"0425-6029","PRESTR CONC GIRDER (TX28-TX70) (TY 29)","2024/2014","LF",211.2,217.54,198.53,140,470.4,12060,2547072,"400 Structures"
"0425-6030","PRESTR CONC GIRDER (TX28-TX70) (TY 30)","2024/2014","LF",220.8,234.05,207.55,142.8,483,13630,3009504,"400 Structures"
"0425-6031","PRESTR CONC GIRDER (TX28-TX70) (TY 31)","2024/2014","LF",230.4,216.58,216.58,145.6,420,15200,3502080,"400 Structures"
"0425-6032","PRESTR CONC GIRDER (TX28-TX70) (TY 32)","2024/2014","LF",240,232.8,225.6,148.4,432.6,16770,4024800,"400 Structures"
"0425-6033","PRESTR CONC GIRDER (TX28-TX70) (TY 33)","2024/2014","LF",249.6,249.6,234.62,140,445.2,18340,4577664,"400 Structures"
"0425-6034","PRESTR CONC GIRDER (TX28-TX70) (TY 34)","2024/2014","LF",259.2,266.98,243.65,142.8,457.8,19910,5160672,"400 Structures"
"0425-6035","PRESTR CONC GIRDER (TX28-TX70) (TY 35)","2024/2014","LF",268.8,284.93,252.67,145.6,470.4,21480,5773824,"400 Structures"
"0425-6036","PRESTR CONC GIRDER (TX28-TX70) (TY 36)","2024/2014","LF",211.2,198.53,198.53,148.4,483,23050,4868160,"400 Structures"
"0425-6037","PRESTR CONC GIRDER (TX28-TX70) (TY 37)","2024/2014","LF",220.8,214.18,207.55,140,420,13820,3051456,"400 Structures"
"0425-6038","PRESTR CONC GIRDER (TX28-TX70) (TY 38)","2024/2014","LF",230.4,230.4,216.58,142.8,432.6,15390,3545856,"400 Structures"
"0425-6039","PRESTR CONC GIRDER (TX28-TX70) (TY 39)","2024/2014","LF",240,247.2,225.6,145.6,445.2,16960,4070400,"400 Structures"
"0425-6040","PRESTR CONC GIRDER (TX28-TX70) (TY 40)","2024/2014","LF",249.6,264.58,234.62,148.4,457.8,18530,4625088,"400 Structures"
"0425-6041","PRESTR CONC GIRDER (TX28-TX70) (TY 41)","2024/2014","LF",259.2,243.65,243.65,140,470.4,20100,5209920,"400 Structures"
"0425-6042","PRESTR CONC GIRDER (TX28-TX70) (TY 42)","2024/2014","LF",268.8,260.74,252.67,142.8,483,21670,5824896,"400 Structures"
"0425-6043","PRESTR CONC GIRDER (TX28-TX70) (TY 43)","2024/2014","LF",211.2,211.2,198.53,145.6,420,23240,4908288,"400 Structures"
"0425-6044","PRESTR CONC GIRDER (TX28-TX70) (TY 44)","2024/2014","LF",220.8,227.42,207.55,148.4,432.6,24810,5478048,"400 Structures"
"0425-6045","PRESTR CONC GIRDER (TX28-TX70) (TY 45)","2024/2014","LF",230.4,244.22,216.58,140,445.2,26380,6077952,"400 Structures"
"0425-6046","PRESTR CONC GIRDER (TX28-TX70) (TY 46)","2024/2014","LF",240,225.6,225.6,142.8,457.8,17150,4116000,"400 Structures"
"0425-6047","PRESTR CONC GIRDER (TX28-TX70) (TY 47)","2024/2014","LF",249.6,242.11,234.62,145.6,470.4,18720,4672512,"400 Structures"
"0425-6048","PRESTR CONC GIRDER (TX28-TX70) (TY 48)","2024/2014","LF",259.2,259.2,243.65,148.4,483,20290,5259168,"400 Structures"
"0425-6049","PRESTR CONC GIRDER (TX28-TX70) (TY 49)","2024/2014","LF",268.8,276.86,252.67,140,420,21860,5875968,"400 Structures"
"0425-6050","PRESTR CONC GIRDER (TX28-TX70) (TY 50)","2024/2014","LF",211.2,223.87,198.53,142.8,432.6,23430,4948416,"400 Structures"
"0425-6051","PRESTR CONC GIRDER (TX28-TX70) (TY 51)","2024/2014","LF",220.8,207.55,207.55,145.6,445.2,25000,5520000,"400 Structures"
"0425-6052","PRESTR CONC GIRDER (TX28-TX70) (TY 52)","2024/2014","LF",230.4,223.49,216.58,148.4,457.8,26570,6121728,"400 Structures"
"0425-6053","PRESTR CONC GIRDER (TX28-TX70) (TY 53)","2024/2014","LF",240,240,225.6,140,470.4,28140,6753600,"400 Structures"
"0425-6054","PRESTR CONC GIRDER (TX28-TX70) (TY 54)","2024/2014","LF",249.6,257.09,234.62,142.8,483,29710,7415616,"400 Structures"
"0425-6055","PRESTR CONC GIRDER (TX28-TX70) (TY 55)","2024/2014","LF",259.2,274.75,243.65,145.6,420,20480,5308416,"400 Structures"
"0425-6056","PRESTR CONC GIRDER (TX28-TX70) (TY 56)","2024/2014","LF",268.8,252.67,252.67,148.4,432.6,22050,5927040,"400 Structures"
"0425-6057","PRESTR CONC GIRDER (TX28-TX70) (TY 57)","2024/2014","LF",211.2,204.86,198.53,140,445.2,23620,4988544,"400 Structures"
"0425-6058","PRESTR CONC GIRDER (TX28-TX70) (TY 58)","2024/2014","LF",220.8,220.8,207.55,142.8,457.8,25190,5561952,"400 Structures"
"0425-6059","PRESTR CONC GIRDER (TX28-TX70) (TY 59)","2024/2014","LF",230.4,237.31,216.58,145.6,470.4,26760,6165504,"400 Structures"
"0425-6060","PRESTR CONC GIRDER (TX28-TX70) (TY 60)","2024/2014","LF",240,254.4,225.6,148.4,483,28330,6799200,"400 Structures"
"0425-6061","PRESTR CONC GIRDER (TX28-TX70) (TY 61)","2024/2014","LF",249.6,234.62,234.62,140,420,29900,7463040,"400 Structures"
"0425-6062","PRESTR CONC GIRDER (TX28-TX70) (TY 62)","2024/2014","LF",259.2,251.42,243.65,142.8,432.6,31470,8157024,"400 Structures"
"0425-6063","PRESTR CONC GIRDER (TX28-TX70) (TY 63)","2024/2014","LF",268.8,268.8,252.67,145.6,445.2,33040,8881152,"400 Structures"
"0425-6064","PRESTR CONC GIRDER (TX28-TX70) (TY 64)","2024/2014","LF",211.2,217.54,198.53,148.4,457.8,23810,5028672,"400 Structures"
"0425-6065","PRESTR CONC GIRDER (TX28-TX70) (TY 65)","2024/2014","LF",220.8,234.05,207.55,140,470.4,25380,5603904,"400 Structures"
"0425-6066","PRESTR CONC GIRDER (TX28-TX70) (TY 66)","2024/2014","LF",230.4,216.58,216.58,142.8,483,26950,6209280,"400 Structures"
"0425-6067","PRESTR CONC GIRDER (TX28-TX70) (TY 67)","2024/2014","LF",240,232.8,225.6,145.6,420,28520,6844800,"400 Structures"
"0425-6068","PRESTR CONC GIRDER (TX28-TX70) (TY 68)","2024/2014","LF",249.6,249.6,234.62,148.4,432.6,30090,7510464,"400 Structures"
"0425-6069","PRESTR CONC GIRDER (TX28-TX70) (TY 69)","2024/2014","LF",259.2,266.98,243.65,140,445.2,31660,8206272,"400 Structures"
"0425-6070","PRESTR CONC GIRDER (TX28-TX70) (TY 70)","2024/2014","LF",268.8,284.93,252.67,142.8,457.8,33230,8932224,"400 Structures"
"0425-6071","PRESTR CONC GIRDER (TX28-TX70) (TY 71)","2024/2014","LF",211.2,198.53,198.53,145.6,470.4,34800,7349760,"400 Structures"
"0425-6072","PRESTR CONC GIRDER (TX28-TX70) (TY 72)","2024/2014","LF",220.8,214.18,207.55,148.4,483,36370,8030496,"400 Structures"
"0425-6073","PRESTR CONC GIRDER (TX28-TX70) (TY 73)","2024/2014","LF",230.4,230.4,216.58,140,420,27140,6253056,"400 Structures"
"0425-6074","PRESTR CONC GIRDER (TX28-TX70) (TY 74)","2024/2014","LF",240,247.2,225.6,142.8,432.6,28710,6890400,"400 Structures"
"0425-6075","PRESTR CONC GIRDER (TX28-TX70) (TY 75)","2024/2014","LF",249.6,264.58,234.62,145.6,445.2,30280,7557888,"400 Structures"
"0425-6076","PRESTR CONC GIRDER (TX28-TX70) (TY 76)","2024/2014","LF",259.2,243.65,243.65,148.4,457.8,31850,8255520,"400 Structures"
"0425-6077","PRESTR CONC GIRDER (TX28-TX70) (TY 77)","2024/2014","LF",268.8,260.74,252.67,140,470.4,33420,8983296,"400 Structures"
"0425-6078","PRESTR CONC GIRDER (TX28-TX70) (TY 78)","2024/2014","LF",211.2,211.2,198.53,142.8,483,34990,7389888,"400 Structures"
"0425-6079","PRESTR CONC GIRDER (TX28-TX70) (TY 79)","2024/2014","LF",220.8,227.42,207.55,145.6,420,36560,8072448,"400 Structures"
"0425-6080","PRESTR CONC GIRDER (TX28-TX70) (TY 80)","2024/2014","LF",230.4,244.22,216.58,148.4,432.6,38130,8785152,"400 Structures"
"0425-6081","PRESTR CONC GIRDER (TX28-TX70) (TY 81)","2024/2014","LF",240,225.6,225.6,140,445.2,39700,9528000,"400 Structures"
"0425-6082","PRESTR CONC GIRDER (TX28-TX70) (TY 82)","2024/2014","LF",249.6,242.11,234.62,142.8,457.8,30470,7605312,"400 Structures"
"0425-6083","PRESTR CONC GIRDER (TX28-TX70) (TY 83)","2024/2014","LF",259.2,259.2,243.65,145.6,470.4,32040,8304768,"400 Structures"
"0425-6084","PRESTR CONC GIRDER (TX28-TX70) (TY 84)","2024/2014","LF",268.8,276.86,252.67,148.4,483,33610,9034368,"400 Structures"
"0425-6085","PRESTR CONC GIRDER (TX28-TX70) (TY 85)","2024/2014","LF",211.2,223.87,198.53,140,420,35180,7430016,"400 Structures"
"0425-6086","PRESTR CONC GIRDER (TX28-TX70) (TY 86)","2024/2014","LF",220.8,207.55,207.55,142.8,432.6,36750,8114400,"400 Structures"
"0425-6087","PRESTR CONC GIRDER (TX28-TX70) (TY 87)","2024/2014","LF",230.4,223.49,216.58,145.6,445.2,38320,8828928,"400 Structures"
"0425-6088","PRESTR CONC GIRDER (TX28-TX70) (TY 88)","2024/2014","LF",240,240,225.6,148.4,457.8,39890,9573600,"400 Structures"
"0425-6089","PRESTR CONC GIRDER (TX28-TX70) (TY 89)","2024/2014","LF",249.6,257.09,234.62,140,470.4,41460,10348416,"400 Structures"
"0425-6090","PRESTR CONC GIRDER (TX28-TX70) (TY 90)","2024/2014","LF",259.2,274.75,243.65,142.8,483,43030,11153376,"400 Structures"
"0425-6091","PRESTR CONC GIRDER (TX28-TX70) (TY 91)","2024/2014","LF",268.8,252.67,252.67,145.6,420,33800,9085440,"400 Structures"
"0425-6092","PRESTR CONC GIRDER (TX28-TX70) (TY 92)","2024/2014","LF",211.2,204.86,198.53,148.4,432.6,35370,7470144,"400 Structures"
"0425-6093","PRESTR CONC GIRDER (TX28-TX70) (TY 93)","2024/2014","LF",220.8,220.8,207.55,140,445.2,36940,8156352,"400 Structures"
"0425-6094","PRESTR CONC GIRDER (TX28-TX70) (TY 94)","2024/2014","LF",230.4,237.31,216.58,142.8,457.8,38510,8872704,"400 Structures"
"0425-6095","PRESTR CONC GIRDER (TX28-TX70) (TY 95)","2024/2014","LF",240,254.4,225.6,145.6,470.4,40080,9619200,"400 Structures"
"0432-6001","RIPRAP (CONC / STONE / MOW STRIP) (TY 1)","2024/2014","CY",572,537.68,537.68,380,1150,500,286000,"400 Structures"
"0432-6002","RIPRAP (CONC / STONE / MOW STRIP) (TY 2)","2024/2014","CY",598,580.06,562.12,387.6,1184.5,2070,1237860,"400 Structures"
"0432-6003","RIPRAP (CONC / STONE / MOW STRIP) (TY 3)","2024/2014","CY",624,624,586.56,395.2,1219,3640,2271360,"400 Structures"
"0432-6004","RIPRAP (CONC / STONE / MOW STRIP) (TY 4)","2024/2014","CY",650,669.5,611,402.8,1253.5,5210,3386500,"400 Structures"
"0432-6005","RIPRAP (CONC / STONE / MOW STRIP) (TY 5)","2024/2014","CY",676,716.56,635.44,380,1288,6780,4583280,"400 Structures"
"0432-6006","RIPRAP (CONC / STONE / MOW STRIP) (TY 6)","2024/2014","CY",702,659.88,659.88,387.6,1322.5,8350,5861700,"400 Structures"
"0432-6007","RIPRAP (CONC / STONE / MOW STRIP) (TY 7)","2024/2014","CY",728,706.16,684.32,395.2,1150,9920,7221760,"400 Structures"
"0432-6008","RIPRAP (CONC / STONE / MOW STRIP) (TY 8)","2024/2014","CY",572,572,537.68,402.8,1184.5,11490,6572280,"400 Structures"
"0432-6009","RIPRAP (CONC / STONE / MOW STRIP) (TY 9)","2024/2014","CY",598,615.94,562.12,380,1219,13060,7809880,"400 Structures"
"0432-6010","RIPRAP (CONC / STONE / MOW STRIP) (TY 10)","2024/2014","CY",624,661.44,586.56,387.6,1253.5,3830,2389920,"400 Structures"
"0432-6011","RIPRAP (CONC / STONE / MOW STRIP) (TY 11)","2024/2014","CY",650,611,611,395.2,1288,5400,3510000,"400 Structures"
"0432-6012","RIPRAP (CONC / STONE / MOW STRIP) (TY 12)","2024/2014","CY",676,655.72,635.44,402.8,1322.5,6970,4711720,"400 Structures"
"0432-6013","RIPRAP (CONC / STONE / MOW STRIP) (TY 13)","2024/2014","CY",702,702,659.88,380,1150,8540,5995080,"400 Structures"
"0432-6014","RIPRAP (CONC / STONE / MOW STRIP) (TY 14)","2024/2014","CY",728,749.84,684.32,387.6,1184.5,10110,7360080,"400 Structures"
"0432-6015","RIPRAP (CONC / STONE / MOW STRIP) (TY 15)","2024/2014","CY",572,606.32,537.68,395.2,1219,11680,6680960,"400 Structures"
"0432-6016","RIPRAP (CONC / STONE / MOW STRIP) (TY 16)","2024/2014","CY",598,562.12,562.12,402.8,1253.5,13250,7923500,"400 Structures"
"0432-6017","RIPRAP (CONC / STONE / MOW STRIP) (TY 17)","2024/2014","CY",624,605.28,586.56,380,1288,14820,9247680,"400 Structures"
"0432-6018","RIPRAP (CONC / STONE / MOW STRIP) (TY 18)","2024/2014","CY",650,650,611,387.6,1322.5,16390,10653500,"400 Structures"
"0432-6019","RIPRAP (CONC / STONE / MOW STRIP) (TY 19)","2024/2014","CY",676,696.28,635.44,395.2,1150,7160,4840160,"400 Structures"
"0432-6020","RIPRAP (CONC / STONE / MOW STRIP) (TY 20)","2024/2014","CY",702,744.12,659.88,402.8,1184.5,8730,6128460,"400 Structures"
"0432-6021","RIPRAP (CONC / STONE / MOW STRIP) (TY 21)","2024/2014","CY",728,684.32,684.32,380,1219,10300,7498400,"400 Structures"
"0432-6022","RIPRAP (CONC / STONE / MOW STRIP) (TY 22)","2024/2014","CY",572,554.84,537.68,387.6,1253.5,11870,6789640,"400 Structures"
"0432-6023","RIPRAP (CONC / STONE / MOW STRIP) (TY 23)","2024/2014","CY",598,598,562.12,395.2,1288,13440,8037120,"400 Structures"
"0432-6024","RIPRAP (CONC / STONE / MOW STRIP) (TY 24)","2024/2014","CY",624,642.72,586.56,402.8,1322.5,15010,9366240,"400 Structures"
"0432-6025","RIPRAP (CONC / STONE / MOW STRIP) (TY 25)","2024/2014","CY",650,689,611,380,1150,16580,10777000,"400 Structures"
"0432-6026","RIPRAP (CONC / STONE / MOW STRIP) (TY 26)","2024/2014","CY",676,635.44,635.44,387.6,1184.5,18150,12269400,"400 Structures"
"0432-6027","RIPRAP (CONC / STONE / MOW STRIP) (TY 27)","2024/2014","CY",702,680.94,659.88,395.2,1219,19720,13843440,"400 Structures"
"0432-6028","RIPRAP (CONC / STONE / MOW STRIP) (TY 28)","2024/2014","CY",728,728,684.32,402.8,1253.5,10490,7636720,"400 Structures"
"0432-6029","RIPRAP (CONC / STONE / MOW STRIP) (TY 29)","2024/2014","CY",572,589.16,537.68,380,1288,12060,6898320,"400 Structures"
"0432-6030","RIPRAP (CONC / STONE / MOW STRIP) (TY 30)","2024/2014","CY",598,633.88,562.12,387.6,1322.5,13630,8150740,"400 Structures"
"0432-6031","RIPRAP (CONC / STONE / MOW STRIP) (TY 31)","2024/2014","CY",624,586.56,586.56,395.2,1150,15200,9484800,"400 Structures"
"0432-6032","RIPRAP (CONC / STONE / MOW STRIP) (TY 32)","2024/2014","CY",650,630.5,611,402.8,1184.5,16770,10900500,"400 Structures"
"0432-6033","RIPRAP (CONC / STONE / MOW STRIP) (TY 33)","2024/2014","CY",676,676,635.44,380,1219,18340,12397840,"400 Structures"
"0432-6034","RIPRAP (CONC / STONE / MOW STRIP) (TY 34)","2024/2014","CY",702,723.06,659.88,387.6,1253.5,19910,13976820,"400 Structures"
"0432-6035","RIPRAP (CONC / STONE / MOW STRIP) (TY 35)","2024/2014","CY",728,771.68,684.32,395.2,1288,21480,15637440,"400 Structures"
"0432-6036","RIPRAP (CONC / STONE / MOW STRIP) (TY 36)","2024/2014","CY",572,537.68,537.68,402.8,1322.5,23050,13184600,"400 Structures"
"0432-6037","RIPRAP (CONC / STONE / MOW STRIP) (TY 37)","2024/2014","CY",598,580.06,562.12,380,1150,13820,8264360,"400 Structures"
"0432-6038","RIPRAP (CONC / STONE / MOW STRIP) (TY 38)","2024/2014","CY",624,624,586.56,387.6,1184.5,15390,9603360,"400 Structures"
"0432-6039","RIPRAP (CONC / STONE / MOW STRIP) (TY 39)","2024/2014","CY",650,669.5,611,395.2,1219,16960,11024000,"400 Structures"
"0432-6040","RIPRAP (CONC / STONE / MOW STRIP) (TY 40)","2024/2014","CY",676,716.56,635.44,402.8,1253.5,18530,12526280,"400 Structures"
"0432-6041","RIPRAP (CONC / STONE / MOW STRIP) (TY 41)","2024/2014","CY",702,659.88,659.88,380,1288,20100,14110200,"400 Structures"
"0432-6042","RIPRAP (CONC / STONE / MOW STRIP) (TY 42)","2024/2014","CY",728,706.16,684.32,387.6,1322.5,21670,15775760,"400 Structures"
"0432-6043","RIPRAP (CONC / STONE / MOW STRIP) (TY 43)","2024/2014","CY",572,572,537.68,395.2,1150,23240,13293280,"400 Structures"
"0432-6044","RIPRAP (CONC / STONE / MOW STRIP) (TY 44)","2024/2014","CY",598,615.94,562.12,402.8,1184.5,24810,14836380,"400 Structures"
"0432-6045","RIPRAP (CONC / STONE / MOW STRIP) (TY 45)","2024/2014","CY",624,661.44,586.56,380,1219,26380,16461120,"400 Structures"
"0432-6046","RIPRAP (CONC / STONE / MOW STRIP) (TY 46)","2024/2014","CY",650,611,611,387.6,1253.5,17150,11147500,"400 Structures"
"0432-6047","RIPRAP (CONC / STONE / MOW STRIP) (TY 47)","2024/2014","CY",676,655.72,635.44,395.2,1288,18720,12654720,"400 Structures"
"0432-6048","RIPRAP (CONC / STONE / MOW STRIP) (TY 48)","2024/2014","CY",702,702,659.88,402.8,1322.5,20290,14243580,"400 Structures"
"0432-6049","RIPRAP (CONC / STONE / MOW STRIP) (TY 49)","2024/2014","CY",728,749.84,684.32,380,1150,21860,15914080,"400 Structures"
"0432-6050","RIPRAP (CONC / STONE / MOW STRIP) (TY 50)","2024/2014","CY",572,606.32,537.68,387.6,1184.5,23430,13401960,"400 Structures"
"0432-6051","RIPRAP (CONC / STONE / MOW STRIP) (TY 51)","2024/2014","CY",598,562.12,562.12,395.2,1219,25000,14950000,"400 Structures"
"0432-6052","RIPRAP (CONC / STONE / MOW STRIP) (TY 52)","2024/2014","CY",624,605.28,586.56,402.8,1253.5,26570,16579680,"400 Structures"
"0432-6053","RIPRAP (CONC / STONE / MOW STRIP) (TY 53)","2024/2014","CY",650,650,611,380,1288,28140,18291000,"400 Structures"
"0432-6054","RIPRAP (CONC / STONE / MOW STRIP) (TY 54)","2024/2014","CY",676,696.28,635.44,387.6,1322.5,29710,20083960,"400 Structures"
"0432-6055","RIPRAP (CONC / STONE / MOW STRIP) (TY 55)","2024/2014","CY",702,744.12,659.88,395.2,1150,20480,14376960,"400 Structures"
"0432-6056","RIPRAP (CONC / STONE / MOW STRIP) (TY 56)","2024/2014","CY",728,684.32,684.32,402.8,1184.5,22050,16052400,"400 Structures"
"0432-6057","RIPRAP (CONC / STONE / MOW STRIP) (TY 57)","2024/2014","CY",572,554.84,537.68,380,1219,23620,13510640,"400 Structures"
"0432-6058","RIPRAP (CONC / STONE / MOW STRIP) (TY 58)","2024/2014","CY",598,598,562.12,387.6,1253.5,25190,15063620,"400 Structures"
"0432-6059","RIPRAP (CONC / STONE / MOW STRIP) (TY 59)","2024/2014","CY",624,642.72,586.56,395.2,1288,26760,16698240,"400 Structures"
"0432-6060","RIPRAP (CONC / STONE / MOW STRIP) (TY 60)","2024/2014","CY",650,689,611,402.8,1322.5,28330,18414500,"400 Structures"
"0432-6061","RIPRAP (CONC / STONE / MOW STRIP) (TY 61)","2024/2014","CY",676,635.44,635.44,380,1150,29900,20212400,"400 Structures"
"0432-6062","RIPRAP (CONC / STONE / MOW STRIP) (TY 62)","2024/2014","CY",702,680.94,659.88,387.6,1184.5,31470,22091940,"400 Structures"
"0432-6063","RIPRAP (CONC / STONE / MOW STRIP) (TY 63)","2024/2014","CY",728,728,684.32,395.2,1219,33040,24053120,"400 Structures"
"0432-6064","RIPRAP (CONC / STONE / MOW STRIP) (TY 64)","2024/2014","CY",572,589.16,537.68,402.8,1253.5,23810,13619320,"400 Structures"
"0432-6065","RIPRAP (CONC / STONE / MOW STRIP) (TY 65)","2024/2014","CY",598,633.88,562.12,380,1288,25380,15177240,"400 Structures"
"0432-6066","RIPRAP (CONC / STONE / MOW STRIP) (TY 66)","2024/2014","CY",624,586.56,586.56,387.6,1322.5,26950,16816800,"400 Structures"
"0432-6067","RIPRAP (CONC / STONE / MOW STRIP) (TY 67)","2024/2014","CY",650,630.5,611,395.2,1150,28520,18538000,"400 Structures"
"0432-6068","RIPRAP (CONC / STONE / MOW STRIP) (TY 68)","2024/2014","CY",676,676,635.44,402.8,1184.5,30090,20340840,"400 Structures"
"0432-6069","RIPRAP (CONC / STONE / MOW STRIP) (TY 69)","2024/2014","CY",702,723.06,659.88,380,1219,31660,22225320,"400 Structures"
"0432-6070","RIPRAP (CONC / STONE / MOW STRIP) (TY 70)","2024/2014","CY",728,771.68,684.32,387.6,1253.5,33230,24191440,"400 Structures"
"0432-6071","RIPRAP (CONC / STONE / MOW STRIP) (TY 71)","2024/2014","CY",572,537.68,537.68,395.2,1288,34800,19905600,"400 Structures"
"0432-6072","RIPRAP (CONC / STONE / MOW STRIP) (TY 72)","2024/2014","CY",598,580.06,562.12,402.8,1322.5,36370,21749260,"400 Structures"
"0432-6073","RIPRAP (CONC / STONE / MOW STRIP) (TY 73)","2024/2014","CY",624,624,586.56,380,1150,27140,16935360,"400 Structures"
"0432-6074","RIPRAP (CONC / STONE / MOW STRIP) (TY 74)","2024/2014","CY",650,669.5,611,387.6,1184.5,28710,18661500,"400 Structures"
"0432-6075","RIPRAP (CONC / STONE / MOW STRIP) (TY 75)","2024/2014","CY",676,716.56,635.44,395.2,1219,30280,20469280,"400 Structures"
"0432-6076","RIPRAP (CONC / STONE / MOW STRIP) (TY 76)","2024/2014","CY",702,659.88,659.88,402.8,1253.5,31850,22358700,"400 Structures"
"0432-6077","RIPRAP (CONC / STONE / MOW STRIP) (TY 77)","2024/2014","CY",728,706.16,684.32,380,1288,33420,24329760,"400 Structures"
"0432-6078","RIPRAP (CONC / STONE / MOW STRIP) (TY 78)","2024/2014","CY",572,572,537.68,387.6,1322.5,34990,20014280,"400 Structures"
"0432-6079","RIPRAP (CONC / STONE / MOW STRIP) (TY 79)","2024/2014","CY",598,615.94,562.12,395.2,1150,36560,21862880,"400 Structures"
"0432-6080","RIPRAP (CONC / STONE / MOW STRIP) (TY 80)","2024/2014","CY",624,661.44,586.56,402.8,1184.5,38130,23793120,"400 Structures"
"0432-6081","RIPRAP (CONC / STONE / MOW STRIP) (TY 81)","2024/2014","CY",650,611,611,380,1219,39700,25805000,"400 Structures"
"0432-6082","RIPRAP (CONC / STONE / MOW STRIP) (TY 82)","2024/2014","CY",676,655.72,635.44,387.6,1253.5,30470,20597720,"400 Structures"
"0432-6083","RIPRAP (CONC / STONE / MOW STRIP) (TY 83)","2024/2014","CY",702,702,659.88,395.2,1288,32040,22492080,"400 Structures"
"0432-6084","RIPRAP (CONC / STONE / MOW STRIP) (TY 84)","2024/2014","CY",728,749.84,684.32,402.8,1322.5,33610,24468080,"400 Structures"
"0432-6085","RIPRAP (CONC / STONE / MOW STRIP) (TY 85)","2024/2014","CY",572,606.32,537.68,380,1150,35180,20122960,"400 Structures"
"0432-6086","RIPRAP (CONC / STONE / MOW STRIP) (TY 86)","2024/2014","CY",598,562.12,562.12,387.6,1184.5,36750,21976500,"400 Structures"
"0432-6087","RIPRAP (CONC / STONE / MOW STRIP) (TY 87)","2024/2014","CY",624,605.28,586.56,395.2,1219,38320,23911680,"400 Structures"
"0432-6088","RIPRAP (CONC / STONE / MOW STRIP) (TY 88)","2024/2014","CY",650,650,611,402.8,1253.5,39890,25928500,"400 Structures"
"0432-6089","RIPRAP (CONC / STONE / MOW STRIP) (TY 89)","2024/2014","CY",676,696.28,635.44,380,1288,41460,28026960,"400 Structures"
"0432-6090","RIPRAP (CONC / STONE / MOW STRIP) (TY 90)","2024/2014","CY",702,744.12,659.88,387.6,1322.5,43030,30207060,"400 Structures"
"0432-6091","RIPRAP (CONC / STONE / MOW STRIP) (TY 91)","2024/2014","CY",728,684.32,684.32,395.2,1150,33800,24606400,"400 Structures"
"0432-6092","RIPRAP (CONC / STONE / MOW STRIP) (TY 92)","2024/2014","CY",572,554.84,537.68,402.8,1184.5,35370,20231640,"400 Structures"
"0432-6093","RIPRAP (CONC / STONE / MOW STRIP) (TY 93)","2024/2014","CY",598,598,562.12,380,1219,36940,22090120,"400 Structures"
"0432-6094","RIPRAP (CONC / STONE / MOW STRIP) (TY 94)","2024/2014","CY",624,642.72,586.56,387.6,1253.5,38510,24030240,"400 Structures"
"0432-6095","RIPRAP (CONC / STONE / MOW STRIP) (TY 95)","2024/2014","CY",650,689,611,395.2,1288,40080,26052000,"400 Structures"
"0432-6096","RIPRAP (CONC / STONE / MOW STRIP) (TY 96)","2024/2014","CY",676,635.44,635.44,402.8,1322.5,41650,28155400,"400 Structures"
"0432-6097","RIPRAP (CONC / STONE / MOW STRIP) (TY 97)","2024/2014","CY",702,680.94,659.88,380,1150,43220,30340440,"400 Structures"
"0432-6098","RIPRAP (CONC / STONE / MOW STRIP) (TY 98)","2024/2014","CY",728,728,684.32,387.6,1184.5,44790,32607120,"400 Structures"
"0432-6099","RIPRAP (CONC / STONE / MOW STRIP) (TY 99)","2024/2014","CY",572,589.16,537.68,395.2,1219,46360,26517920,"400 Structures"
"0432-6100","RIPRAP (CONC / STONE / MOW STRIP) (TY 100)","2024/2014","CY",598,633.88,562.12,402.8,1253.5,37130,22203740,"400 Structures"
"0432-6101","RIPRAP (CONC / STONE / MOW STRIP) (TY 101)","2024/2014","CY",624,586.56,586.56,380,1288,38700,24148800,"400 Structures"
"0432-6102","RIPRAP (CONC / STONE / MOW STRIP) (TY 102)","2024/2014","CY",650,630.5,611,387.6,1322.5,40270,26175500,"400 Structures"
"0432-6103","RIPRAP (CONC / STONE / MOW STRIP) (TY 103)","2024/2014","CY",676,676,635.44,395.2,1150,41840,28283840,"400 Structures"
"0432-6104","RIPRAP (CONC / STONE / MOW STRIP) (TY 104)","2024/2014","CY",702,723.06,659.88,402.8,1184.5,43410,30473820,"400 Structures"
"0432-6105","RIPRAP (CONC / STONE / MOW STRIP) (TY 105)","2024/2014","CY",728,771.68,684.32,380,1219,44980,32745440,"400 Structures"
"0432-6106","RIPRAP (CONC / STONE / MOW STRIP) (TY 106)","2024/2014","CY",572,537.68,537.68,387.6,1253.5,46550,26626600,"400 Structures"
"0432-6107","RIPRAP (CONC / STONE / MOW STRIP) (TY 107)","2024/2014","CY",598,580.06,562.12,395.2,1288,48120,28775760,"400 Structures"
"0432-6108","RIPRAP (CONC / STONE / MOW STRIP) (TY 108)","2024/2014","CY",624,624,586.56,402.8,1322.5,49690,31006560,"400 Structures"
"0432-6109","RIPRAP (CONC / STONE / MOW STRIP) (TY 109)","2024/2014","CY",650,669.5,611,380,1150,40460,26299000,"400 Structures"
"0432-6110","RIPRAP (CONC / STONE / MOW STRIP) (TY 110)","2024/2014","CY",676,716.56,635.44,387.6,1184.5,42030,28412280,"400 Structures"
"0450-6001","RAILING (TY PR1 / C221 / SSTR / T221) (TY 1)","2024/2014","LF",110,103.4,103.4,78,220,500,55000,"400 Structures"
"0450-6002","RAILING (TY PR1 / C221 / SSTR / T221) (TY 2)","2024/2014","LF",115,111.55,108.1,79.56,226.6,2070,238050,"400 Structures"
"0450-6003","RAILING (TY PR1 / C221 / SSTR / T221) (TY 3)","2024/2014","LF",120,120,112.8,81.12,233.2,3640,436800,"400 Structures"
"0450-6004","RAILING (TY PR1 / C221 / SSTR / T221) (TY 4)","2024/2014","LF",125,128.75,117.5,82.68,239.8,5210,651250,"400 Structures"
"0450-6005","RAILING (TY PR1 / C221 / SSTR / T221) (TY 5)","2024/2014","LF",130,137.8,122.2,78,246.4,6780,881400,"400 Structures"
"0450-6006","RAILING (TY PR1 / C221 / SSTR / T221) (TY 6)","2024/2014","LF",135,126.9,126.9,79.56,253,8350,1127250,"400 Structures"
"0450-6007","RAILING (TY PR1 / C221 / SSTR / T221) (TY 7)","2024/2014","LF",140,135.8,131.6,81.12,220,9920,1388800,"400 Structures"
"0450-6008","RAILING (TY PR1 / C221 / SSTR / T221) (TY 8)","2024/2014","LF",110,110,103.4,82.68,226.6,11490,1263900,"400 Structures"
"0450-6009","RAILING (TY PR1 / C221 / SSTR / T221) (TY 9)","2024/2014","LF",115,118.45,108.1,78,233.2,13060,1501900,"400 Structures"
"0450-6010","RAILING (TY PR1 / C221 / SSTR / T221) (TY 10)","2024/2014","LF",120,127.2,112.8,79.56,239.8,3830,459600,"400 Structures"
"0450-6011","RAILING (TY PR1 / C221 / SSTR / T221) (TY 11)","2024/2014","LF",125,117.5,117.5,81.12,246.4,5400,675000,"400 Structures"
"0450-6012","RAILING (TY PR1 / C221 / SSTR / T221) (TY 12)","2024/2014","LF",130,126.1,122.2,82.68,253,6970,906100,"400 Structures"
"0450-6013","RAILING (TY PR1 / C221 / SSTR / T221) (TY 13)","2024/2014","LF",135,135,126.9,78,220,8540,1152900,"400 Structures"
"0450-6014","RAILING (TY PR1 / C221 / SSTR / T221) (TY 14)","2024/2014","LF",140,144.2,131.6,79.56,226.6,10110,1415400,"400 Structures"
"0450-6015","RAILING (TY PR1 / C221 / SSTR / T221) (TY 15)","2024/2014","LF",110,116.6,103.4,81.12,233.2,11680,1284800,"400 Structures"
"0450-6016","RAILING (TY PR1 / C221 / SSTR / T221) (TY 16)","2024/2014","LF",115,108.1,108.1,82.68,239.8,13250,1523750,"400 Structures"
"0450-6017","RAILING (TY PR1 / C221 / SSTR / T221) (TY 17)","2024/2014","LF",120,116.4,112.8,78,246.4,14820,1778400,"400 Structures"
"0450-6018","RAILING (TY PR1 / C221 / SSTR / T221) (TY 18)","2024/2014","LF",125,125,117.5,79.56,253,16390,2048750,"400 Structures"
"0450-6019","RAILING (TY PR1 / C221 / SSTR / T221) (TY 19)","2024/2014","LF",130,133.9,122.2,81.12,220,7160,930800,"400 Structures"
"0450-6020","RAILING (TY PR1 / C221 / SSTR / T221) (TY 20)","2024/2014","LF",135,143.1,126.9,82.68,226.6,8730,1178550,"400 Structures"
"0450-6021","RAILING (TY PR1 / C221 / SSTR / T221) (TY 21)","2024/2014","LF",140,131.6,131.6,78,233.2,10300,1442000,"400 Structures"
"0450-6022","RAILING (TY PR1 / C221 / SSTR / T221) (TY 22)","2024/2014","LF",110,106.7,103.4,79.56,239.8,11870,1305700,"400 Structures"
"0450-6023","RAILING (TY PR1 / C221 / SSTR / T221) (TY 23)","2024/2014","LF",115,115,108.1,81.12,246.4,13440,1545600,"400 Structures"
"0450-6024","RAILING (TY PR1 / C221 / SSTR / T221) (TY 24)","2024/2014","LF",120,123.6,112.8,82.68,253,15010,1801200,"400 Structures"
"0450-6025","RAILING (TY PR1 / C221 / SSTR / T221) (TY 25)","2024/2014","LF",125,132.5,117.5,78,220,16580,2072500,"400 Structures"
"0450-6026","RAILING (TY PR1 / C221 / SSTR / T221) (TY 26)","2024/2014","LF",130,122.2,122.2,79.56,226.6,18150,2359500,"400 Structures"
"0450-6027","RAILING (TY PR1 / C221 / SSTR / T221) (TY 27)","2024/2014","LF",135,130.95,126.9,81.12,233.2,19720,2662200,"400 Structures"
"0450-6028","RAILING (TY PR1 / C221 / SSTR / T221) (TY 28)","2024/2014","LF",140,140,131.6,82.68,239.8,10490,1468600,"400 Structures"
"0450-6029","RAILING (TY PR1 / C221 / SSTR / T221) (TY 29)","2024/2014","LF",110,113.3,103.4,78,246.4,12060,1326600,"400 Structures"
"0450-6030","RAILING (TY PR1 / C221 / SSTR / T221) (TY 30)","2024/2014","LF",115,121.9,108.1,79.56,253,13630,1567450,"400 Structures"
"0450-6031","RAILING (TY PR1 / C221 / SSTR / T221) (TY 31)","2024/2014","LF",120,112.8,112.8,81.12,220,15200,1824000,"400 Structures"
"0450-6032","RAILING (TY PR1 / C221 / SSTR / T221) (TY 32)","2024/2014","LF",125,121.25,117.5,82.68,226.6,16770,2096250,"400 Structures"
"0450-6033","RAILING (TY PR1 / C221 / SSTR / T221) (TY 33)","2024/2014","LF",130,130,122.2,78,233.2,18340,2384200,"400 Structures"
"0450-6034","RAILING (TY PR1 / C221 / SSTR / T221) (TY 34)","2024/2014","LF",135,139.05,126.9,79.56,239.8,19910,2687850,"400 Structures"
"0450-6035","RAILING (TY PR1 / C221 / SSTR / T221) (TY 35)","2024/2014","LF",140,148.4,131.6,81.12,246.4,21480,3007200,"400 Structures"
"0450-6036","RAILING (TY PR1 / C221 / SSTR / T221) (TY 36)","2024/2014","LF",110,103.4,103.4,82.68,253,23050,2535500,"400 Structures"
"0450-6037","RAILING (TY PR1 / C221 / SSTR / T221) (TY 37)","2024/2014","LF",115,111.55,108.1,78,220,13820,1589300,"400 Structures"
"0450-6038","RAILING (TY PR1 / C221 / SSTR / T221) (TY 38)","2024/2014","LF",120,120,112.8,79.56,226.6,15390,1846800,"400 Structures"
"0450-6039","RAILING (TY PR1 / C221 / SSTR / T221) (TY 39)","2024/2014","LF",125,128.75,117.5,81.12,233.2,16960,2120000,"400 Structures"
"0450-6040","RAILING (TY PR1 / C221 / SSTR / T221) (TY 40)","2024/2014","LF",130,137.8,122.2,82.68,239.8,18530,2408900,"400 Structures"
"0450-6041","RAILING (TY PR1 / C221 / SSTR / T221) (TY 41)","2024/2014","LF",135,126.9,126.9,78,246.4,20100,2713500,"400 Structures"
"0450-6042","RAILING (TY PR1 / C221 / SSTR / T221) (TY 42)","2024/2014","LF",140,135.8,131.6,79.56,253,21670,3033800,"400 Structures"
"0450-6043","RAILING (TY PR1 / C221 / SSTR / T221) (TY 43)","2024/2014","LF",110,110,103.4,81.12,220,23240,2556400,"400 Structures"
"0450-6044","RAILING (TY PR1 / C221 / SSTR / T221) (TY 44)","2024/2014","LF",115,118.45,108.1,82.68,226.6,24810,2853150,"400 Structures"
"0450-6045","RAILING (TY PR1 / C221 / SSTR / T221) (TY 45)","2024/2014","LF",120,127.2,112.8,78,233.2,26380,3165600,"400 Structures"
"0450-6046","RAILING (TY PR1 / C221 / SSTR / T221) (TY 46)","2024/2014","LF",125,117.5,117.5,79.56,239.8,17150,2143750,"400 Structures"
"0450-6047","RAILING (TY PR1 / C221 / SSTR / T221) (TY 47)","2024/2014","LF",130,126.1,122.2,81.12,246.4,18720,2433600,"400 Structures"
"0450-6048","RAILING (TY PR1 / C221 / SSTR / T221) (TY 48)","2024/2014","LF",135,135,126.9,82.68,253,20290,2739150,"400 Structures"
"0450-6049","RAILING (TY PR1 / C221 / SSTR / T221) (TY 49)","2024/2014","LF",140,144.2,131.6,78,220,21860,3060400,"400 Structures"
"0450-6050","RAILING (TY PR1 / C221 / SSTR / T221) (TY 50)","2024/2014","LF",110,116.6,103.4,79.56,226.6,23430,2577300,"400 Structures"
"0450-6051","RAILING (TY PR1 / C221 / SSTR / T221) (TY 51)","2024/2014","LF",115,108.1,108.1,81.12,233.2,25000,2875000,"400 Structures"
"0450-6052","RAILING (TY PR1 / C221 / SSTR / T221) (TY 52)","2024/2014","LF",120,116.4,112.8,82.68,239.8,26570,3188400,"400 Structures"
"0450-6053","RAILING (TY PR1 / C221 / SSTR / T221) (TY 53)","2024/2014","LF",125,125,117.5,78,246.4,28140,3517500,"400 Structures"
"0450-6054","RAILING (TY PR1 / C221 / SSTR / T221) (TY 54)","2024/2014","LF",130,133.9,122.2,79.56,253,29710,3862300,"400 Structures"
"0450-6055","RAILING (TY PR1 / C221 / SSTR / T221) (TY 55)","2024/2014","LF",135,143.1,126.9,81.12,220,20480,2764800,"400 Structures"
"0450-6056","RAILING (TY PR1 / C221 / SSTR / T221) (TY 56)","2024/2014","LF",140,131.6,131.6,82.68,226.6,22050,3087000,"400 Structures"
"0450-6057","RAILING (TY PR1 / C221 / SSTR / T221) (TY 57)","2024/2014","LF",110,106.7,103.4,78,233.2,23620,2598200,"400 Structures"
"0450-6058","RAILING (TY PR1 / C221 / SSTR / T221) (TY 58)","2024/2014","LF",115,115,108.1,79.56,239.8,25190,2896850,"400 Structures"
"0450-6059","RAILING (TY PR1 / C221 / SSTR / T221) (TY 59)","2024/2014","LF",120,123.6,112.8,81.12,246.4,26760,3211200,"400 Structures"
"0450-6060","RAILING (TY PR1 / C221 / SSTR / T221) (TY 60)","2024/2014","LF",125,132.5,117.5,82.68,253,28330,3541250,"400 Structures"
"0450-6061","RAILING (TY PR1 / C221 / SSTR / T221) (TY 61)","2024/2014","LF",130,122.2,122.2,78,220,29900,3887000,"400 Structures"
"0450-6062","RAILING (TY PR1 / C221 / SSTR / T221) (TY 62)","2024/2014","LF",135,130.95,126.9,79.56,226.6,31470,4248450,"400 Structures"
"0450-6063","RAILING (TY PR1 / C221 / SSTR / T221) (TY 63)","2024/2014","LF",140,140,131.6,81.12,233.2,33040,4625600,"400 Structures"
"0450-6064","RAILING (TY PR1 / C221 / SSTR / T221) (TY 64)","2024/2014","LF",110,113.3,103.4,82.68,239.8,23810,2619100,"400 Structures"
"0450-6065","RAILING (TY PR1 / C221 / SSTR / T221) (TY 65)","2024/2014","LF",115,121.9,108.1,78,246.4,25380,2918700,"400 Structures"
"0450-6066","RAILING (TY PR1 / C221 / SSTR / T221) (TY 66)","2024/2014","LF",120,112.8,112.8,79.56,253,26950,3234000,"400 Structures"
"0450-6067","RAILING (TY PR1 / C221 / SSTR / T221) (TY 67)","2024/2014","LF",125,121.25,117.5,81.12,220,28520,3565000,"400 Structures"
"0450-6068","RAILING (TY PR1 / C221 / SSTR / T221) (TY 68)","2024/2014","LF",130,130,122.2,82.68,226.6,30090,3911700,"400 Structures"
"0450-6069","RAILING (TY PR1 / C221 / SSTR / T221) (TY 69)","2024/2014","LF",135,139.05,126.9,78,233.2,31660,4274100,"400 Structures"
"0450-6070","RAILING (TY PR1 / C221 / SSTR / T221) (TY 70)","2024/2014","LF",140,148.4,131.6,79.56,239.8,33230,4652200,"400 Structures"
"0450-6071","RAILING (TY PR1 / C221 / SSTR / T221) (TY 71)","2024/2014","LF",110,103.4,103.4,81.12,246.4,34800,3828000,"400 Structures"
"0450-6072","RAILING (TY PR1 / C221 / SSTR / T221) (TY 72)","2024/2014","LF",115,111.55,108.1,82.68,253,36370,4182550,"400 Structures"
"0450-6073","RAILING (TY PR1 / C221 / SSTR / T221) (TY 73)","2024/2014","LF",120,120,112.8,78,220,27140,3256800,"400 Structures"
"0450-6074","RAILING (TY PR1 / C221 / SSTR / T221) (TY 74)","2024/2014","LF",125,128.75,117.5,79.56,226.6,28710,3588750,"400 Structures"
"0450-6075","RAILING (TY PR1 / C221 / SSTR / T221) (TY 75)","2024/2014","LF",130,137.8,122.2,81.12,233.2,30280,3936400,"400 Structures"
"0450-6076","RAILING (TY PR1 / C221 / SSTR / T221) (TY 76)","2024/2014","LF",135,126.9,126.9,82.68,239.8,31850,4299750,"400 Structures"
"0450-6077","RAILING (TY PR1 / C221 / SSTR / T221) (TY 77)","2024/2014","LF",140,135.8,131.6,78,246.4,33420,4678800,"400 Structures"
"0450-6078","RAILING (TY PR1 / C221 / SSTR / T221) (TY 78)","2024/2014","LF",110,110,103.4,79.56,253,34990,3848900,"400 Structures"
"0450-6079","RAILING (TY PR1 / C221 / SSTR / T221) (TY 79)","2024/2014","LF",115,118.45,108.1,81.12,220,36560,4204400,"400 Structures"
"0450-6080","RAILING (TY PR1 / C221 / SSTR / T221) (TY 80)","2024/2014","LF",120,127.2,112.8,82.68,226.6,38130,4575600,"400 Structures"
"0450-6081","RAILING (TY PR1 / C221 / SSTR / T221) (TY 81)","2024/2014","LF",125,117.5,117.5,78,233.2,39700,4962500,"400 Structures"
"0450-6082","RAILING (TY PR1 / C221 / SSTR / T221) (TY 82)","2024/2014","LF",130,126.1,122.2,79.56,239.8,30470,3961100,"400 Structures"
"0450-6083","RAILING (TY PR1 / C221 / SSTR / T221) (TY 83)","2024/2014","LF",135,135,126.9,81.12,246.4,32040,4325400,"400 Structures"
"0450-6084","RAILING (TY PR1 / C221 / SSTR / T221) (TY 84)","2024/2014","LF",140,144.2,131.6,82.68,253,33610,4705400,"400 Structures"
"0450-6085","RAILING (TY PR1 / C221 / SSTR / T221) (TY 85)","2024/2014","LF",110,116.6,103.4,78,220,35180,3869800,"400 Structures"
"0450-6086","RAILING (TY PR1 / C221 / SSTR / T221) (TY 86)","2024/2014","LF",115,108.1,108.1,79.56,226.6,36750,4226250,"400 Structures"
"0450-6087","RAILING (TY PR1 / C221 / SSTR / T221) (TY 87)","2024/2014","LF",120,116.4,112.8,81.12,233.2,38320,4598400,"400 Structures"
"0450-6088","RAILING (TY PR1 / C221 / SSTR / T221) (TY 88)","2024/2014","LF",125,125,117.5,82.68,239.8,39890,4986250,"400 Structures"
"0450-6089","RAILING (TY PR1 / C221 / SSTR / T221) (TY 89)","2024/2014","LF",130,133.9,122.2,78,246.4,41460,5389800,"400 Structures"
"0450-6090","RAILING (TY PR1 / C221 / SSTR / T221) (TY 90)","2024/2014","LF",135,143.1,126.9,79.56,253,43030,5809050,"400 Structures"
"0450-6091","RAILING (TY PR1 / C221 / SSTR / T221) (TY 91)","2024/2014","LF",140,131.6,131.6,81.12,220,33800,4732000,"400 Structures"
"0450-6092","RAILING (TY PR1 / C221 / SSTR / T221) (TY 92)","2024/2014","LF",110,106.7,103.4,82.68,226.6,35370,3890700,"400 Structures"
"0450-6093","RAILING (TY PR1 / C221 / SSTR / T221) (TY 93)","2024/2014","LF",115,115,108.1,78,233.2,36940,4248100,"400 Structures"
"0450-6094","RAILING (TY PR1 / C221 / SSTR / T221) (TY 94)","2024/2014","LF",120,123.6,112.8,79.56,239.8,38510,4621200,"400 Structures"
"0450-6095","RAILING (TY PR1 / C221 / SSTR / T221) (TY 95)","2024/2014","LF",125,132.5,117.5,81.12,246.4,40080,5010000,"400 Structures"
"0464-6001","REINFORCED CONCRETE PIPE (18"-72") (TY 1)","2024/2014","LF",101.2,95.13,95.13,44,340,500,50600,"400 Structures"
"0464-6002","REINFORCED CONCRETE PIPE (18"-72") (TY 2)","2024/2014","LF",105.8,102.63,99.45,44.88,350.2,2070,219006,"400 Structures"
"0464-6003","REINFORCED CONCRETE PIPE (18"-72") (TY 3)","2024/2014","LF",110.4,110.4,103.78,45.76,360.4,3640,401856,"400 Structures"
"0464-6004","REINFORCED CONCRETE PIPE (18"-72") (TY 4)","2024/2014","LF",115,118.45,108.1,46.64,370.6,5210,599150,"400 Structures"
"0464-6005","REINFORCED CONCRETE PIPE (18"-72") (TY 5)","2024/2014","LF",119.6,126.78,112.42,44,380.8,6780,810888,"400 Structures"
"0464-6006","REINFORCED CONCRETE PIPE (18"-72") (TY 6)","2024/2014","LF",124.2,116.75,116.75,44.88,391,8350,1037070,"400 Structures"
"0464-6007","REINFORCED CONCRETE PIPE (18"-72") (TY 7)","2024/2014","LF",128.8,124.94,121.07,45.76,340,9920,1277696,"400 Structures"
"0464-6008","REINFORCED CONCRETE PIPE (18"-72") (TY 8)","2024/2014","LF",101.2,101.2,95.13,46.64,350.2,11490,1162788,"400 Structures"
"0464-6009","REINFORCED CONCRETE PIPE (18"-72") (TY 9)","2024/2014","LF",105.8,108.97,99.45,44,360.4,13060,1381748,"400 Structures"
"0464-6010","REINFORCED CONCRETE PIPE (18"-72") (TY 10)","2024/2014","LF",110.4,117.02,103.78,44.88,370.6,3830,422832,"400 Structures"
"0464-6011","REINFORCED CONCRETE PIPE (18"-72") (TY 11)","2024/2014","LF",115,108.1,108.1,45.76,380.8,5400,621000,"400 Structures"
"0464-6012","REINFORCED CONCRETE PIPE (18"-72") (TY 12)","2024/2014","LF",119.6,116.01,112.42,46.64,391,6970,833612,"400 Structures"
"0464-6013","REINFORCED CONCRETE PIPE (18"-72") (TY 13)","2024/2014","LF",124.2,124.2,116.75,44,340,8540,1060668,"400 Structures"
"0464-6014","REINFORCED CONCRETE PIPE (18"-72") (TY 14)","2024/2014","LF",128.8,132.66,121.07,44.88,350.2,10110,1302168,"400 Structures"
"0464-6015","REINFORCED CONCRETE PIPE (18"-72") (TY 15)","2024/2014","LF",101.2,107.27,95.13,45.76,360.4,11680,1182016,"400 Structures"
"0464-6016","REINFORCED CONCRETE PIPE (18"-72") (TY 16)","2024/2014","LF",105.8,99.45,99.45,46.64,370.6,13250,1401850,"400 Structures"
"0464-6017","REINFORCED CONCRETE PIPE (18"-72") (TY 17)","2024/2014","LF",110.4,107.09,103.78,44,380.8,14820,1636128,"400 Structures"
"0464-6018","REINFORCED CONCRETE PIPE (18"-72") (TY 18)","2024/2014","LF",115,115,108.1,44.88,391,16390,1884850,"400 Structures"
"0464-6019","REINFORCED CONCRETE PIPE (18"-72") (TY 19)","2024/2014","LF",119.6,123.19,112.42,45.76,340,7160,856336,"400 Structures"
"0464-6020","REINFORCED CONCRETE PIPE (18"-72") (TY 20)","2024/2014","LF",124.2,131.65,116.75,46.64,350.2,8730,1084266,"400 Structures"
"0464-6021","REINFORCED CONCRETE PIPE (18"-72") (TY 21)","2024/2014","LF",128.8,121.07,121.07,44,360.4,10300,1326640,"400 Structures"
"0464-6022","REINFORCED CONCRETE PIPE (18"-72") (TY 22)","2024/2014","LF",101.2,98.16,95.13,44.88,370.6,11870,1201244,"400 Structures"
"0464-6023","REINFORCED CONCRETE PIPE (18"-72") (TY 23)","2024/2014","LF",105.8,105.8,99.45,45.76,380.8,13440,1421952,"400 Structures"
"0464-6024","REINFORCED CONCRETE PIPE (18"-72") (TY 24)","2024/2014","LF",110.4,113.71,103.78,46.64,391,15010,1657104,"400 Structures"
"0464-6025","REINFORCED CONCRETE PIPE (18"-72") (TY 25)","2024/2014","LF",115,121.9,108.1,44,340,16580,1906700,"400 Structures"
"0464-6026","REINFORCED CONCRETE PIPE (18"-72") (TY 26)","2024/2014","LF",119.6,112.42,112.42,44.88,350.2,18150,2170740,"400 Structures"
"0464-6027","REINFORCED CONCRETE PIPE (18"-72") (TY 27)","2024/2014","LF",124.2,120.47,116.75,45.76,360.4,19720,2449224,"400 Structures"
"0464-6028","REINFORCED CONCRETE PIPE (18"-72") (TY 28)","2024/2014","LF",128.8,128.8,121.07,46.64,370.6,10490,1351112,"400 Structures"
"0464-6029","REINFORCED CONCRETE PIPE (18"-72") (TY 29)","2024/2014","LF",101.2,104.24,95.13,44,380.8,12060,1220472,"400 Structures"
"0464-6030","REINFORCED CONCRETE PIPE (18"-72") (TY 30)","2024/2014","LF",105.8,112.15,99.45,44.88,391,13630,1442054,"400 Structures"
"0464-6031","REINFORCED CONCRETE PIPE (18"-72") (TY 31)","2024/2014","LF",110.4,103.78,103.78,45.76,340,15200,1678080,"400 Structures"
"0464-6032","REINFORCED CONCRETE PIPE (18"-72") (TY 32)","2024/2014","LF",115,111.55,108.1,46.64,350.2,16770,1928550,"400 Structures"
"0464-6033","REINFORCED CONCRETE PIPE (18"-72") (TY 33)","2024/2014","LF",119.6,119.6,112.42,44,360.4,18340,2193464,"400 Structures"
"0464-6034","REINFORCED CONCRETE PIPE (18"-72") (TY 34)","2024/2014","LF",124.2,127.93,116.75,44.88,370.6,19910,2472822,"400 Structures"
"0464-6035","REINFORCED CONCRETE PIPE (18"-72") (TY 35)","2024/2014","LF",128.8,136.53,121.07,45.76,380.8,21480,2766624,"400 Structures"
"0464-6036","REINFORCED CONCRETE PIPE (18"-72") (TY 36)","2024/2014","LF",101.2,95.13,95.13,46.64,391,23050,2332660,"400 Structures"
"0464-6037","REINFORCED CONCRETE PIPE (18"-72") (TY 37)","2024/2014","LF",105.8,102.63,99.45,44,340,13820,1462156,"400 Structures"
"0464-6038","REINFORCED CONCRETE PIPE (18"-72") (TY 38)","2024/2014","LF",110.4,110.4,103.78,44.88,350.2,15390,1699056,"400 Structures"
"0464-6039","REINFORCED CONCRETE PIPE (18"-72") (TY 39)","2024/2014","LF",115,118.45,108.1,45.76,360.4,16960,1950400,"400 Structures"
"0464-6040","REINFORCED CONCRETE PIPE (18"-72") (TY 40)","2024/2014","LF",119.6,126.78,112.42,46.64,370.6,18530,2216188,"400 Structures"
"0464-6041","REINFORCED CONCRETE PIPE (18"-72") (TY 41)","2024/2014","LF",124.2,116.75,116.75,44,380.8,20100,2496420,"400 Structures"
"0464-6042","REINFORCED CONCRETE PIPE (18"-72") (TY 42)","2024/2014","LF",128.8,124.94,121.07,44.88,391,21670,2791096,"400 Structures"
"0464-6043","REINFORCED CONCRETE PIPE (18"-72") (TY 43)","2024/2014","LF",101.2,101.2,95.13,45.76,340,23240,2351888,"400 Structures"
"0464-6044","REINFORCED CONCRETE PIPE (18"-72") (TY 44)","2024/2014","LF",105.8,108.97,99.45,46.64,350.2,24810,2624898,"400 Structures"
"0464-6045","REINFORCED CONCRETE PIPE (18"-72") (TY 45)","2024/2014","LF",110.4,117.02,103.78,44,360.4,26380,2912352,"400 Structures"
"0464-6046","REINFORCED CONCRETE PIPE (18"-72") (TY 46)","2024/2014","LF",115,108.1,108.1,44.88,370.6,17150,1972250,"400 Structures"
"0464-6047","REINFORCED CONCRETE PIPE (18"-72") (TY 47)","2024/2014","LF",119.6,116.01,112.42,45.76,380.8,18720,2238912,"400 Structures"
"0464-6048","REINFORCED CONCRETE PIPE (18"-72") (TY 48)","2024/2014","LF",124.2,124.2,116.75,46.64,391,20290,2520018,"400 Structures"
"0464-6049","REINFORCED CONCRETE PIPE (18"-72") (TY 49)","2024/2014","LF",128.8,132.66,121.07,44,340,21860,2815568,"400 Structures"
"0464-6050","REINFORCED CONCRETE PIPE (18"-72") (TY 50)","2024/2014","LF",101.2,107.27,95.13,44.88,350.2,23430,2371116,"400 Structures"
"0464-6051","REINFORCED CONCRETE PIPE (18"-72") (TY 51)","2024/2014","LF",105.8,99.45,99.45,45.76,360.4,25000,2645000,"400 Structures"
"0464-6052","REINFORCED CONCRETE PIPE (18"-72") (TY 52)","2024/2014","LF",110.4,107.09,103.78,46.64,370.6,26570,2933328,"400 Structures"
"0464-6053","REINFORCED CONCRETE PIPE (18"-72") (TY 53)","2024/2014","LF",115,115,108.1,44,380.8,28140,3236100,"400 Structures"
"0464-6054","REINFORCED CONCRETE PIPE (18"-72") (TY 54)","2024/2014","LF",119.6,123.19,112.42,44.88,391,29710,3553316,"400 Structures"
"0464-6055","REINFORCED CONCRETE PIPE (18"-72") (TY 55)","2024/2014","LF",124.2,131.65,116.75,45.76,340,20480,2543616,"400 Structures"
"0464-6056","REINFORCED CONCRETE PIPE (18"-72") (TY 56)","2024/2014","LF",128.8,121.07,121.07,46.64,350.2,22050,2840040,"400 Structures"
"0464-6057","REINFORCED CONCRETE PIPE (18"-72") (TY 57)","2024/2014","LF",101.2,98.16,95.13,44,360.4,23620,2390344,"400 Structures"
"0464-6058","REINFORCED CONCRETE PIPE (18"-72") (TY 58)","2024/2014","LF",105.8,105.8,99.45,44.88,370.6,25190,2665102,"400 Structures"
"0464-6059","REINFORCED CONCRETE PIPE (18"-72") (TY 59)","2024/2014","LF",110.4,113.71,103.78,45.76,380.8,26760,2954304,"400 Structures"
"0464-6060","REINFORCED CONCRETE PIPE (18"-72") (TY 60)","2024/2014","LF",115,121.9,108.1,46.64,391,28330,3257950,"400 Structures"
"0464-6061","REINFORCED CONCRETE PIPE (18"-72") (TY 61)","2024/2014","LF",119.6,112.42,112.42,44,340,29900,3576040,"400 Structures"
"0464-6062","REINFORCED CONCRETE PIPE (18"-72") (TY 62)","2024/2014","LF",124.2,120.47,116.75,44.88,350.2,31470,3908574,"400 Structures"
"0464-6063","REINFORCED CONCRETE PIPE (18"-72") (TY 63)","2024/2014","LF",128.8,128.8,121.07,45.76,360.4,33040,4255552,"400 Structures"
"0464-6064","REINFORCED CONCRETE PIPE (18"-72") (TY 64)","2024/2014","LF",101.2,104.24,95.13,46.64,370.6,23810,2409572,"400 Structures"
"0464-6065","REINFORCED CONCRETE PIPE (18"-72") (TY 65)","2024/2014","LF",105.8,112.15,99.45,44,380.8,25380,2685204,"400 Structures"
"0464-6066","REINFORCED CONCRETE PIPE (18"-72") (TY 66)","2024/2014","LF",110.4,103.78,103.78,44.88,391,26950,2975280,"400 Structures"
"0464-6067","REINFORCED CONCRETE PIPE (18"-72") (TY 67)","2024/2014","LF",115,111.55,108.1,45.76,340,28520,3279800,"400 Structures"
"0464-6068","REINFORCED CONCRETE PIPE (18"-72") (TY 68)","2024/2014","LF",119.6,119.6,112.42,46.64,350.2,30090,3598764,"400 Structures"
"0464-6069","REINFORCED CONCRETE PIPE (18"-72") (TY 69)","2024/2014","LF",124.2,127.93,116.75,44,360.4,31660,3932172,"400 Structures"
"0464-6070","REINFORCED CONCRETE PIPE (18"-72") (TY 70)","2024/2014","LF",128.8,136.53,121.07,44.88,370.6,33230,4280024,"400 Structures"
"0464-6071","REINFORCED CONCRETE PIPE (18"-72") (TY 71)","2024/2014","LF",101.2,95.13,95.13,45.76,380.8,34800,3521760,"400 Structures"
"0464-6072","REINFORCED CONCRETE PIPE (18"-72") (TY 72)","2024/2014","LF",105.8,102.63,99.45,46.64,391,36370,3847946,"400 Structures"
"0464-6073","REINFORCED CONCRETE PIPE (18"-72") (TY 73)","2024/2014","LF",110.4,110.4,103.78,44,340,27140,2996256,"400 Structures"
"0464-6074","REINFORCED CONCRETE PIPE (18"-72") (TY 74)","2024/2014","LF",115,118.45,108.1,44.88,350.2,28710,3301650,"400 Structures"
"0464-6075","REINFORCED CONCRETE PIPE (18"-72") (TY 75)","2024/2014","LF",119.6,126.78,112.42,45.76,360.4,30280,3621488,"400 Structures"
"0464-6076","REINFORCED CONCRETE PIPE (18"-72") (TY 76)","2024/2014","LF",124.2,116.75,116.75,46.64,370.6,31850,3955770,"400 Structures"
"0464-6077","REINFORCED CONCRETE PIPE (18"-72") (TY 77)","2024/2014","LF",128.8,124.94,121.07,44,380.8,33420,4304496,"400 Structures"
"0464-6078","REINFORCED CONCRETE PIPE (18"-72") (TY 78)","2024/2014","LF",101.2,101.2,95.13,44.88,391,34990,3540988,"400 Structures"
"0464-6079","REINFORCED CONCRETE PIPE (18"-72") (TY 79)","2024/2014","LF",105.8,108.97,99.45,45.76,340,36560,3868048,"400 Structures"
"0464-6080","REINFORCED CONCRETE PIPE (18"-72") (TY 80)","2024/2014","LF",110.4,117.02,103.78,46.64,350.2,38130,4209552,"400 Structures"
"0464-6081","REINFORCED CONCRETE PIPE (18"-72") (TY 81)","2024/2014","LF",115,108.1,108.1,44,360.4,39700,4565500,"400 Structures"
"0464-6082","REINFORCED CONCRETE PIPE (18"-72") (TY 82)","2024/2014","LF",119.6,116.01,112.42,44.88,370.6,30470,3644212,"400 Structures"
"0464-6083","REINFORCED CONCRETE PIPE (18"-72") (TY 83)","2024/2014","LF",124.2,124.2,116.75,45.76,380.8,32040,3979368,"400 Structures"
"0464-6084","REINFORCED CONCRETE PIPE (18"-72") (TY 84)","2024/2014","LF",128.8,132.66,121.07,46.64,391,33610,4328968,"400 Structures"
"0464-6085","REINFORCED CONCRETE PIPE (18"-72") (TY 85)","2024/2014","LF",101.2,107.27,95.13,44,340,35180,3560216,"400 Structures"
"0464-6086","REINFORCED CONCRETE PIPE (18"-72") (TY 86)","2024/2014","LF",105.8,99.45,99.45,44.88,350.2,36750,3888150,"400 Structures"
"0464-6087","REINFORCED CONCRETE PIPE (18"-72") (TY 87)","2024/2014","LF",110.4,107.09,103.78,45.76,360.4,38320,4230528,"400 Structures"
"0464-6088","REINFORCED CONCRETE PIPE (18"-72") (TY 88)","2024/2014","LF",115,115,108.1,46.64,370.6,39890,4587350,"400 Structures"
"0464-6089","REINFORCED CONCRETE PIPE (18"-72") (TY 89)","2024/2014","LF",119.6,123.19,112.42,44,380.8,41460,4958616,"400 Structures"
"0464-6090","REINFORCED CONCRETE PIPE (18"-72") (TY 90)","2024/2014","LF",124.2,131.65,116.75,44.88,391,43030,5344326,"400 Structures"
"0464-6091","REINFORCED CONCRETE PIPE (18"-72") (TY 91)","2024/2014","LF",128.8,121.07,121.07,45.76,340,33800,4353440,"400 Structures"
"0464-6092","REINFORCED CONCRETE PIPE (18"-72") (TY 92)","2024/2014","LF",101.2,98.16,95.13,46.64,350.2,35370,3579444,"400 Structures"
"0464-6093","REINFORCED CONCRETE PIPE (18"-72") (TY 93)","2024/2014","LF",105.8,105.8,99.45,44,360.4,36940,3908252,"400 Structures"
"0464-6094","REINFORCED CONCRETE PIPE (18"-72") (TY 94)","2024/2014","LF",110.4,113.71,103.78,44.88,370.6,38510,4251504,"400 Structures"
"0464-6095","REINFORCED CONCRETE PIPE (18"-72") (TY 95)","2024/2014","LF",115,121.9,108.1,45.76,380.8,40080,4609200,"400 Structures"
"0464-6096","REINFORCED CONCRETE PIPE (18"-72") (TY 96)","2024/2014","LF",119.6,112.42,112.42,46.64,391,41650,4981340,"400 Structures"
"0464-6097","REINFORCED CONCRETE PIPE (18"-72") (TY 97)","2024/2014","LF",124.2,120.47,116.75,44,340,43220,5367924,"400 Structures"
"0464-6098","REINFORCED CONCRETE PIPE (18"-72") (TY 98)","2024/2014","LF",128.8,128.8,121.07,44.88,350.2,44790,5768952,"400 Structures"
"0464-6099","REINFORCED CONCRETE PIPE (18"-72") (TY 99)","2024/2014","LF",101.2,104.24,95.13,45.76,360.4,46360,4691632,"400 Structures"
"0464-6100","REINFORCED CONCRETE PIPE (18"-72") (TY 100)","2024/2014","LF",105.8,112.15,99.45,46.64,370.6,37130,3928354,"400 Structures"
"0464-6101","REINFORCED CONCRETE PIPE (18"-72") (TY 101)","2024/2014","LF",110.4,103.78,103.78,44,380.8,38700,4272480,"400 Structures"
"0464-6102","REINFORCED CONCRETE PIPE (18"-72") (TY 102)","2024/2014","LF",115,111.55,108.1,44.88,391,40270,4631050,"400 Structures"
"0464-6103","REINFORCED CONCRETE PIPE (18"-72") (TY 103)","2024/2014","LF",119.6,119.6,112.42,45.76,340,41840,5004064,"400 Structures"
"0464-6104","REINFORCED CONCRETE PIPE (18"-72") (TY 104)","2024/2014","LF",124.2,127.93,116.75,46.64,350.2,43410,5391522,"400 Structures"
"0464-6105","REINFORCED CONCRETE PIPE (18"-72") (TY 105)","2024/2014","LF",128.8,136.53,121.07,44,360.4,44980,5793424,"400 Structures"
"0464-6106","REINFORCED CONCRETE PIPE (18"-72") (TY 106)","2024/2014","LF",101.2,95.13,95.13,44.88,370.6,46550,4710860,"400 Structures"
"0464-6107","REINFORCED CONCRETE PIPE (18"-72") (TY 107)","2024/2014","LF",105.8,102.63,99.45,45.76,380.8,48120,5091096,"400 Structures"
"0464-6108","REINFORCED CONCRETE PIPE (18"-72") (TY 108)","2024/2014","LF",110.4,110.4,103.78,46.64,391,49690,5485776,"400 Structures"
"0464-6109","REINFORCED CONCRETE PIPE (18"-72") (TY 109)","2024/2014","LF",115,118.45,108.1,44,340,40460,4652900,"400 Structures"
"0464-6110","REINFORCED CONCRETE PIPE (18"-72") (TY 110)","2024/2014","LF",119.6,126.78,112.42,44.88,350.2,42030,5026788,"400 Structures"
"0464-6111","REINFORCED CONCRETE PIPE (18"-72") (TY 111)","2024/2014","LF",124.2,116.75,116.75,45.76,360.4,43600,5415120,"400 Structures"
"0464-6112","REINFORCED CONCRETE PIPE (18"-72") (TY 112)","2024/2014","LF",128.8,124.94,121.07,46.64,370.6,45170,5817896,"400 Structures"
"0464-6113","REINFORCED CONCRETE PIPE (18"-72") (TY 113)","2024/2014","LF",101.2,101.2,95.13,44,380.8,46740,4730088,"400 Structures"
"0464-6114","REINFORCED CONCRETE PIPE (18"-72") (TY 114)","2024/2014","LF",105.8,108.97,99.45,44.88,391,48310,5111198,"400 Structures"
"0464-6115","REINFORCED CONCRETE PIPE (18"-72") (TY 115)","2024/2014","LF",110.4,117.02,103.78,45.76,340,49880,5506752,"400 Structures"
"0464-6116","REINFORCED CONCRETE PIPE (18"-72") (TY 116)","2024/2014","LF",115,108.1,108.1,46.64,350.2,51450,5916750,"400 Structures"
"0464-6117","REINFORCED CONCRETE PIPE (18"-72") (TY 117)","2024/2014","LF",119.6,116.01,112.42,44,360.4,53020,6341192,"400 Structures"
"0464-6118","REINFORCED CONCRETE PIPE (18"-72") (TY 118)","2024/2014","LF",124.2,124.2,116.75,44.88,370.6,43790,5438718,"400 Structures"
"0464-6119","REINFORCED CONCRETE PIPE (18"-72") (TY 119)","2024/2014","LF",128.8,132.66,121.07,45.76,380.8,45360,5842368,"400 Structures"
"0464-6120","REINFORCED CONCRETE PIPE (18"-72") (TY 120)","2024/2014","LF",101.2,107.27,95.13,46.64,391,46930,4749316,"400 Structures"
"0464-6121","REINFORCED CONCRETE PIPE (18"-72") (TY 121)","2024/2014","LF",105.8,99.45,99.45,44,340,48500,5131300,"400 Structures"
"0464-6122","REINFORCED CONCRETE PIPE (18"-72") (TY 122)","2024/2014","LF",110.4,107.09,103.78,44.88,350.2,50070,5527728,"400 Structures"
"0464-6123","REINFORCED CONCRETE PIPE (18"-72") (TY 123)","2024/2014","LF",115,115,108.1,45.76,360.4,51640,5938600,"400 Structures"
"0464-6124","REINFORCED CONCRETE PIPE (18"-72") (TY 124)","2024/2014","LF",119.6,123.19,112.42,46.64,370.6,53210,6363916,"400 Structures"
"0464-6125","REINFORCED CONCRETE PIPE (18"-72") (TY 125)","2024/2014","LF",124.2,131.65,116.75,44,380.8,54780,6803676,"400 Structures"
"0464-6126","REINFORCED CONCRETE PIPE (18"-72") (TY 126)","2024/2014","LF",128.8,121.07,121.07,44.88,391,56350,7257880,"400 Structures"
"0464-6127","REINFORCED CONCRETE PIPE (18"-72") (TY 127)","2024/2014","LF",101.2,98.16,95.13,45.76,340,47120,4768544,"400 Structures"
"0464-6128","REINFORCED CONCRETE PIPE (18"-72") (TY 128)","2024/2014","LF",105.8,105.8,99.45,46.64,350.2,48690,5151402,"400 Structures"
"0464-6129","REINFORCED CONCRETE PIPE (18"-72") (TY 129)","2024/2014","LF",110.4,113.71,103.78,44,360.4,50260,5548704,"400 Structures"
"0464-6130","REINFORCED CONCRETE PIPE (18"-72") (TY 130)","2024/2014","LF",115,121.9,108.1,44.88,370.6,51830,5960450,"400 Structures"
"0464-6131","REINFORCED CONCRETE PIPE (18"-72") (TY 131)","2024/2014","LF",119.6,112.42,112.42,45.76,380.8,53400,6386640,"400 Structures"
"0464-6132","REINFORCED CONCRETE PIPE (18"-72") (TY 132)","2024/2014","LF",124.2,120.47,116.75,46.64,391,54970,6827274,"400 Structures"
"0464-6133","REINFORCED CONCRETE PIPE (18"-72") (TY 133)","2024/2014","LF",128.8,128.8,121.07,44,340,56540,7282352,"400 Structures"
"0464-6134","REINFORCED CONCRETE PIPE (18"-72") (TY 134)","2024/2014","LF",101.2,104.24,95.13,44.88,350.2,58110,5880732,"400 Structures"
"0464-6135","REINFORCED CONCRETE PIPE (18"-72") (TY 135)","2024/2014","LF",105.8,112.15,99.45,45.76,360.4,59680,6314144,"400 Structures"
"0464-6136","REINFORCED CONCRETE PIPE (18"-72") (TY 136)","2024/2014","LF",110.4,103.78,103.78,46.64,370.6,50450,5569680,"400 Structures"
"0464-6137","REINFORCED CONCRETE PIPE (18"-72") (TY 137)","2024/2014","LF",115,111.55,108.1,44,380.8,52020,5982300,"400 Structures"
"0464-6138","REINFORCED CONCRETE PIPE (18"-72") (TY 138)","2024/2014","LF",119.6,119.6,112.42,44.88,391,53590,6409364,"400 Structures"
"0464-6139","REINFORCED CONCRETE PIPE (18"-72") (TY 139)","2024/2014","LF",124.2,127.93,116.75,45.76,340,55160,6850872,"400 Structures"
"0464-6140","REINFORCED CONCRETE PIPE (18"-72") (TY 140)","2024/2014","LF",128.8,136.53,121.07,46.64,350.2,56730,7306824,"400 Structures"
"0464-6141","REINFORCED CONCRETE PIPE (18"-72") (TY 141)","2024/2014","LF",101.2,95.13,95.13,44,360.4,58300,5899960,"400 Structures"
"0464-6142","REINFORCED CONCRETE PIPE (18"-72") (TY 142)","2024/2014","LF",105.8,102.63,99.45,44.88,370.6,59870,6334246,"400 Structures"
"0464-6143","REINFORCED CONCRETE PIPE (18"-72") (TY 143)","2024/2014","LF",110.4,110.4,103.78,45.76,380.8,61440,6782976,"400 Structures"
"0464-6144","REINFORCED CONCRETE PIPE (18"-72") (TY 144)","2024/2014","LF",115,118.45,108.1,46.64,391,63010,7246150,"400 Structures"
"0464-6145","REINFORCED CONCRETE PIPE (18"-72") (TY 145)","2024/2014","LF",119.6,126.78,112.42,44,340,53780,6432088,"400 Structures"
"0464-6146","REINFORCED CONCRETE PIPE (18"-72") (TY 146)","2024/2014","LF",124.2,116.75,116.75,44.88,350.2,55350,6874470,"400 Structures"
"0464-6147","REINFORCED CONCRETE PIPE (18"-72") (TY 147)","2024/2014","LF",128.8,124.94,121.07,45.76,360.4,56920,7331296,"400 Structures"
"0464-6148","REINFORCED CONCRETE PIPE (18"-72") (TY 148)","2024/2014","LF",101.2,101.2,95.13,46.64,370.6,58490,5919188,"400 Structures"
"0464-6149","REINFORCED CONCRETE PIPE (18"-72") (TY 149)","2024/2014","LF",105.8,108.97,99.45,44,380.8,60060,6354348,"400 Structures"
"0464-6150","REINFORCED CONCRETE PIPE (18"-72") (TY 150)","2024/2014","LF",110.4,117.02,103.78,44.88,391,61630,6803952,"400 Structures"
"0464-6151","REINFORCED CONCRETE PIPE (18"-72") (TY 151)","2024/2014","LF",115,108.1,108.1,45.76,340,63200,7268000,"400 Structures"
"0464-6152","REINFORCED CONCRETE PIPE (18"-72") (TY 152)","2024/2014","LF",119.6,116.01,112.42,46.64,350.2,64770,7746492,"400 Structures"
"0464-6153","REINFORCED CONCRETE PIPE (18"-72") (TY 153)","2024/2014","LF",124.2,124.2,116.75,44,360.4,66340,8239428,"400 Structures"
"0464-6154","REINFORCED CONCRETE PIPE (18"-72") (TY 154)","2024/2014","LF",128.8,132.66,121.07,44.88,370.6,57110,7355768,"400 Structures"
"0464-6155","REINFORCED CONCRETE PIPE (18"-72") (TY 155)","2024/2014","LF",101.2,107.27,95.13,45.76,380.8,58680,5938416,"400 Structures"
"0464-6156","REINFORCED CONCRETE PIPE (18"-72") (TY 156)","2024/2014","LF",105.8,99.45,99.45,46.64,391,60250,6374450,"400 Structures"
"0464-6157","REINFORCED CONCRETE PIPE (18"-72") (TY 157)","2024/2014","LF",110.4,107.09,103.78,44,340,61820,6824928,"400 Structures"
"0464-6158","REINFORCED CONCRETE PIPE (18"-72") (TY 158)","2024/2014","LF",115,115,108.1,44.88,350.2,63390,7289850,"400 Structures"
"0464-6159","REINFORCED CONCRETE PIPE (18"-72") (TY 159)","2024/2014","LF",119.6,123.19,112.42,45.76,360.4,64960,7769216,"400 Structures"
"0464-6160","REINFORCED CONCRETE PIPE (18"-72") (TY 160)","2024/2014","LF",124.2,131.65,116.75,46.64,370.6,66530,8263026,"400 Structures"
"0464-6161","REINFORCED CONCRETE PIPE (18"-72") (TY 161)","2024/2014","LF",128.8,121.07,121.07,44,380.8,68100,8771280,"400 Structures"
"0464-6162","REINFORCED CONCRETE PIPE (18"-72") (TY 162)","2024/2014","LF",101.2,98.16,95.13,44.88,391,69670,7050604,"400 Structures"
"0464-6163","REINFORCED CONCRETE PIPE (18"-72") (TY 163)","2024/2014","LF",105.8,105.8,99.45,45.76,340,60440,6394552,"400 Structures"
"0464-6164","REINFORCED CONCRETE PIPE (18"-72") (TY 164)","2024/2014","LF",110.4,113.71,103.78,46.64,350.2,62010,6845904,"400 Structures"
"0464-6165","REINFORCED CONCRETE PIPE (18"-72") (TY 165)","2024/2014","LF",115,121.9,108.1,44,360.4,63580,7311700,"400 Structures"
"0464-6166","REINFORCED CONCRETE PIPE (18"-72") (TY 166)","2024/2014","LF",119.6,112.42,112.42,44.88,370.6,65150,7791940,"400 Structures"
"0464-6167","REINFORCED CONCRETE PIPE (18"-72") (TY 167)","2024/2014","LF",124.2,120.47,116.75,45.76,380.8,66720,8286624,"400 Structures"
"0464-6168","REINFORCED CONCRETE PIPE (18"-72") (TY 168)","2024/2014","LF",128.8,128.8,121.07,46.64,391,68290,8795752,"400 Structures"
"0464-6169","REINFORCED CONCRETE PIPE (18"-72") (TY 169)","2024/2014","LF",101.2,104.24,95.13,44,340,69860,7069832,"400 Structures"
"0464-6170","REINFORCED CONCRETE PIPE (18"-72") (TY 170)","2024/2014","LF",105.8,112.15,99.45,44.88,350.2,71430,7557294,"400 Structures"
"0464-6171","REINFORCED CONCRETE PIPE (18"-72") (TY 171)","2024/2014","LF",110.4,103.78,103.78,45.76,360.4,73000,8059200,"400 Structures"
"0464-6172","REINFORCED CONCRETE PIPE (18"-72") (TY 172)","2024/2014","LF",115,111.55,108.1,46.64,370.6,63770,7333550,"400 Structures"
"0464-6173","REINFORCED CONCRETE PIPE (18"-72") (TY 173)","2024/2014","LF",119.6,119.6,112.42,44,380.8,65340,7814664,"400 Structures"
"0464-6174","REINFORCED CONCRETE PIPE (18"-72") (TY 174)","2024/2014","LF",124.2,127.93,116.75,44.88,391,66910,8310222,"400 Structures"
"0464-6175","REINFORCED CONCRETE PIPE (18"-72") (TY 175)","2024/2014","LF",128.8,136.53,121.07,45.76,340,68480,8820224,"400 Structures"
"0464-6176","REINFORCED CONCRETE PIPE (18"-72") (TY 176)","2024/2014","LF",101.2,95.13,95.13,46.64,350.2,70050,7089060,"400 Structures"
"0464-6177","REINFORCED CONCRETE PIPE (18"-72") (TY 177)","2024/2014","LF",105.8,102.63,99.45,44,360.4,71620,7577396,"400 Structures"
"0464-6178","REINFORCED CONCRETE PIPE (18"-72") (TY 178)","2024/2014","LF",110.4,110.4,103.78,44.88,370.6,73190,8080176,"400 Structures"
"0464-6179","REINFORCED CONCRETE PIPE (18"-72") (TY 179)","2024/2014","LF",115,118.45,108.1,45.76,380.8,74760,8597400,"400 Structures"
"0464-6180","REINFORCED CONCRETE PIPE (18"-72") (TY 180)","2024/2014","LF",119.6,126.78,112.42,46.64,391,76330,9129068,"400 Structures"
"0465-6001","INLETS / JUNCTION BOXES / MANHOLES (TY 1)","2024/2014","EA",4928,4632.32,4632.32,2800,14500,500,2464000,"400 Structures"
"0465-6002","INLETS / JUNCTION BOXES / MANHOLES (TY 2)","2024/2014","EA",5152,4997.44,4842.88,2856,14935,2070,10664640,"400 Structures"
"0465-6003","INLETS / JUNCTION BOXES / MANHOLES (TY 3)","2024/2014","EA",5376,5376,5053.44,2912,15370,3640,19568640,"400 Structures"
"0465-6004","INLETS / JUNCTION BOXES / MANHOLES (TY 4)","2024/2014","EA",5600,5768,5264,2968,15805,5210,29176000,"400 Structures"
"0465-6005","INLETS / JUNCTION BOXES / MANHOLES (TY 5)","2024/2014","EA",5824,6173.44,5474.56,2800,16240,6780,39486720,"400 Structures"
"0465-6006","INLETS / JUNCTION BOXES / MANHOLES (TY 6)","2024/2014","EA",6048,5685.12,5685.12,2856,16675,8350,50500800,"400 Structures"
"0465-6007","INLETS / JUNCTION BOXES / MANHOLES (TY 7)","2024/2014","EA",6272,6083.84,5895.68,2912,14500,9920,62218240,"400 Structures"
"0465-6008","INLETS / JUNCTION BOXES / MANHOLES (TY 8)","2024/2014","EA",4928,4928,4632.32,2968,14935,11490,56622720,"400 Structures"
"0465-6009","INLETS / JUNCTION BOXES / MANHOLES (TY 9)","2024/2014","EA",5152,5306.56,4842.88,2800,15370,13060,67285120,"400 Structures"
"0465-6010","INLETS / JUNCTION BOXES / MANHOLES (TY 10)","2024/2014","EA",5376,5698.56,5053.44,2856,15805,3830,20590080,"400 Structures"
"0465-6011","INLETS / JUNCTION BOXES / MANHOLES (TY 11)","2024/2014","EA",5600,5264,5264,2912,16240,5400,30240000,"400 Structures"
"0465-6012","INLETS / JUNCTION BOXES / MANHOLES (TY 12)","2024/2014","EA",5824,5649.28,5474.56,2968,16675,6970,40593280,"400 Structures"
"0465-6013","INLETS / JUNCTION BOXES / MANHOLES (TY 13)","2024/2014","EA",6048,6048,5685.12,2800,14500,8540,51649920,"400 Structures"
"0465-6014","INLETS / JUNCTION BOXES / MANHOLES (TY 14)","2024/2014","EA",6272,6460.16,5895.68,2856,14935,10110,63409920,"400 Structures"
"0465-6015","INLETS / JUNCTION BOXES / MANHOLES (TY 15)","2024/2014","EA",4928,5223.68,4632.32,2912,15370,11680,57559040,"400 Structures"
"0465-6016","INLETS / JUNCTION BOXES / MANHOLES (TY 16)","2024/2014","EA",5152,4842.88,4842.88,2968,15805,13250,68264000,"400 Structures"
"0465-6017","INLETS / JUNCTION BOXES / MANHOLES (TY 17)","2024/2014","EA",5376,5214.72,5053.44,2800,16240,14820,79672320,"400 Structures"
"0465-6018","INLETS / JUNCTION BOXES / MANHOLES (TY 18)","2024/2014","EA",5600,5600,5264,2856,16675,16390,91784000,"400 Structures"
"0465-6019","INLETS / JUNCTION BOXES / MANHOLES (TY 19)","2024/2014","EA",5824,5998.72,5474.56,2912,14500,7160,41699840,"400 Structures"
"0465-6020","INLETS / JUNCTION BOXES / MANHOLES (TY 20)","2024/2014","EA",6048,6410.88,5685.12,2968,14935,8730,52799040,"400 Structures"
"0465-6021","INLETS / JUNCTION BOXES / MANHOLES (TY 21)","2024/2014","EA",6272,5895.68,5895.68,2800,15370,10300,64601600,"400 Structures"
"0465-6022","INLETS / JUNCTION BOXES / MANHOLES (TY 22)","2024/2014","EA",4928,4780.16,4632.32,2856,15805,11870,58495360,"400 Structures"
"0465-6023","INLETS / JUNCTION BOXES / MANHOLES (TY 23)","2024/2014","EA",5152,5152,4842.88,2912,16240,13440,69242880,"400 Structures"
"0465-6024","INLETS / JUNCTION BOXES / MANHOLES (TY 24)","2024/2014","EA",5376,5537.28,5053.44,2968,16675,15010,80693760,"400 Structures"
"0465-6025","INLETS / JUNCTION BOXES / MANHOLES (TY 25)","2024/2014","EA",5600,5936,5264,2800,14500,16580,92848000,"400 Structures"
"0465-6026","INLETS / JUNCTION BOXES / MANHOLES (TY 26)","2024/2014","EA",5824,5474.56,5474.56,2856,14935,18150,105705600,"400 Structures"
"0465-6027","INLETS / JUNCTION BOXES / MANHOLES (TY 27)","2024/2014","EA",6048,5866.56,5685.12,2912,15370,19720,119266560,"400 Structures"
"0465-6028","INLETS / JUNCTION BOXES / MANHOLES (TY 28)","2024/2014","EA",6272,6272,5895.68,2968,15805,10490,65793280,"400 Structures"
"0465-6029","INLETS / JUNCTION BOXES / MANHOLES (TY 29)","2024/2014","EA",4928,5075.84,4632.32,2800,16240,12060,59431680,"400 Structures"
"0465-6030","INLETS / JUNCTION BOXES / MANHOLES (TY 30)","2024/2014","EA",5152,5461.12,4842.88,2856,16675,13630,70221760,"400 Structures"
"0465-6031","INLETS / JUNCTION BOXES / MANHOLES (TY 31)","2024/2014","EA",5376,5053.44,5053.44,2912,14500,15200,81715200,"400 Structures"
"0465-6032","INLETS / JUNCTION BOXES / MANHOLES (TY 32)","2024/2014","EA",5600,5432,5264,2968,14935,16770,93912000,"400 Structures"
"0465-6033","INLETS / JUNCTION BOXES / MANHOLES (TY 33)","2024/2014","EA",5824,5824,5474.56,2800,15370,18340,106812160,"400 Structures"
"0465-6034","INLETS / JUNCTION BOXES / MANHOLES (TY 34)","2024/2014","EA",6048,6229.44,5685.12,2856,15805,19910,120415680,"400 Structures"
"0465-6035","INLETS / JUNCTION BOXES / MANHOLES (TY 35)","2024/2014","EA",6272,6648.32,5895.68,2912,16240,21480,134722560,"400 Structures"
"0465-6036","INLETS / JUNCTION BOXES / MANHOLES (TY 36)","2024/2014","EA",4928,4632.32,4632.32,2968,16675,23050,113590400,"400 Structures"
"0465-6037","INLETS / JUNCTION BOXES / MANHOLES (TY 37)","2024/2014","EA",5152,4997.44,4842.88,2800,14500,13820,71200640,"400 Structures"
"0465-6038","INLETS / JUNCTION BOXES / MANHOLES (TY 38)","2024/2014","EA",5376,5376,5053.44,2856,14935,15390,82736640,"400 Structures"
"0465-6039","INLETS / JUNCTION BOXES / MANHOLES (TY 39)","2024/2014","EA",5600,5768,5264,2912,15370,16960,94976000,"400 Structures"
"0465-6040","INLETS / JUNCTION BOXES / MANHOLES (TY 40)","2024/2014","EA",5824,6173.44,5474.56,2968,15805,18530,107918720,"400 Structures"
"0465-6041","INLETS / JUNCTION BOXES / MANHOLES (TY 41)","2024/2014","EA",6048,5685.12,5685.12,2800,16240,20100,121564800,"400 Structures"
"0465-6042","INLETS / JUNCTION BOXES / MANHOLES (TY 42)","2024/2014","EA",6272,6083.84,5895.68,2856,16675,21670,135914240,"400 Structures"
"0465-6043","INLETS / JUNCTION BOXES / MANHOLES (TY 43)","2024/2014","EA",4928,4928,4632.32,2912,14500,23240,114526720,"400 Structures"
"0465-6044","INLETS / JUNCTION BOXES / MANHOLES (TY 44)","2024/2014","EA",5152,5306.56,4842.88,2968,14935,24810,127821120,"400 Structures"
"0465-6045","INLETS / JUNCTION BOXES / MANHOLES (TY 45)","2024/2014","EA",5376,5698.56,5053.44,2800,15370,26380,141818880,"400 Structures"
"0465-6046","INLETS / JUNCTION BOXES / MANHOLES (TY 46)","2024/2014","EA",5600,5264,5264,2856,15805,17150,96040000,"400 Structures"
"0465-6047","INLETS / JUNCTION BOXES / MANHOLES (TY 47)","2024/2014","EA",5824,5649.28,5474.56,2912,16240,18720,109025280,"400 Structures"
"0465-6048","INLETS / JUNCTION BOXES / MANHOLES (TY 48)","2024/2014","EA",6048,6048,5685.12,2968,16675,20290,122713920,"400 Structures"
"0465-6049","INLETS / JUNCTION BOXES / MANHOLES (TY 49)","2024/2014","EA",6272,6460.16,5895.68,2800,14500,21860,137105920,"400 Structures"
"0465-6050","INLETS / JUNCTION BOXES / MANHOLES (TY 50)","2024/2014","EA",4928,5223.68,4632.32,2856,14935,23430,115463040,"400 Structures"
"0465-6051","INLETS / JUNCTION BOXES / MANHOLES (TY 51)","2024/2014","EA",5152,4842.88,4842.88,2912,15370,25000,128800000,"400 Structures"
"0465-6052","INLETS / JUNCTION BOXES / MANHOLES (TY 52)","2024/2014","EA",5376,5214.72,5053.44,2968,15805,26570,142840320,"400 Structures"
"0465-6053","INLETS / JUNCTION BOXES / MANHOLES (TY 53)","2024/2014","EA",5600,5600,5264,2800,16240,28140,157584000,"400 Structures"
"0465-6054","INLETS / JUNCTION BOXES / MANHOLES (TY 54)","2024/2014","EA",5824,5998.72,5474.56,2856,16675,29710,173031040,"400 Structures"
"0465-6055","INLETS / JUNCTION BOXES / MANHOLES (TY 55)","2024/2014","EA",6048,6410.88,5685.12,2912,14500,20480,123863040,"400 Structures"
"0465-6056","INLETS / JUNCTION BOXES / MANHOLES (TY 56)","2024/2014","EA",6272,5895.68,5895.68,2968,14935,22050,138297600,"400 Structures"
"0465-6057","INLETS / JUNCTION BOXES / MANHOLES (TY 57)","2024/2014","EA",4928,4780.16,4632.32,2800,15370,23620,116399360,"400 Structures"
"0465-6058","INLETS / JUNCTION BOXES / MANHOLES (TY 58)","2024/2014","EA",5152,5152,4842.88,2856,15805,25190,129778880,"400 Structures"
"0465-6059","INLETS / JUNCTION BOXES / MANHOLES (TY 59)","2024/2014","EA",5376,5537.28,5053.44,2912,16240,26760,143861760,"400 Structures"
"0465-6060","INLETS / JUNCTION BOXES / MANHOLES (TY 60)","2024/2014","EA",5600,5936,5264,2968,16675,28330,158648000,"400 Structures"
"0465-6061","INLETS / JUNCTION BOXES / MANHOLES (TY 61)","2024/2014","EA",5824,5474.56,5474.56,2800,14500,29900,174137600,"400 Structures"
"0465-6062","INLETS / JUNCTION BOXES / MANHOLES (TY 62)","2024/2014","EA",6048,5866.56,5685.12,2856,14935,31470,190330560,"400 Structures"
"0465-6063","INLETS / JUNCTION BOXES / MANHOLES (TY 63)","2024/2014","EA",6272,6272,5895.68,2912,15370,33040,207226880,"400 Structures"
"0465-6064","INLETS / JUNCTION BOXES / MANHOLES (TY 64)","2024/2014","EA",4928,5075.84,4632.32,2968,15805,23810,117335680,"400 Structures"
"0465-6065","INLETS / JUNCTION BOXES / MANHOLES (TY 65)","2024/2014","EA",5152,5461.12,4842.88,2800,16240,25380,130757760,"400 Structures"
"0465-6066","INLETS / JUNCTION BOXES / MANHOLES (TY 66)","2024/2014","EA",5376,5053.44,5053.44,2856,16675,26950,144883200,"400 Structures"
"0465-6067","INLETS / JUNCTION BOXES / MANHOLES (TY 67)","2024/2014","EA",5600,5432,5264,2912,14500,28520,159712000,"400 Structures"
"0465-6068","INLETS / JUNCTION BOXES / MANHOLES (TY 68)","2024/2014","EA",5824,5824,5474.56,2968,14935,30090,175244160,"400 Structures"
"0465-6069","INLETS / JUNCTION BOXES / MANHOLES (TY 69)","2024/2014","EA",6048,6229.44,5685.12,2800,15370,31660,191479680,"400 Structures"
"0465-6070","INLETS / JUNCTION BOXES / MANHOLES (TY 70)","2024/2014","EA",6272,6648.32,5895.68,2856,15805,33230,208418560,"400 Structures"
"0465-6071","INLETS / JUNCTION BOXES / MANHOLES (TY 71)","2024/2014","EA",4928,4632.32,4632.32,2912,16240,34800,171494400,"400 Structures"
"0465-6072","INLETS / JUNCTION BOXES / MANHOLES (TY 72)","2024/2014","EA",5152,4997.44,4842.88,2968,16675,36370,187378240,"400 Structures"
"0465-6073","INLETS / JUNCTION BOXES / MANHOLES (TY 73)","2024/2014","EA",5376,5376,5053.44,2800,14500,27140,145904640,"400 Structures"
"0465-6074","INLETS / JUNCTION BOXES / MANHOLES (TY 74)","2024/2014","EA",5600,5768,5264,2856,14935,28710,160776000,"400 Structures"
"0465-6075","INLETS / JUNCTION BOXES / MANHOLES (TY 75)","2024/2014","EA",5824,6173.44,5474.56,2912,15370,30280,176350720,"400 Structures"
"0465-6076","INLETS / JUNCTION BOXES / MANHOLES (TY 76)","2024/2014","EA",6048,5685.12,5685.12,2968,15805,31850,192628800,"400 Structures"
"0465-6077","INLETS / JUNCTION BOXES / MANHOLES (TY 77)","2024/2014","EA",6272,6083.84,5895.68,2800,16240,33420,209610240,"400 Structures"
"0465-6078","INLETS / JUNCTION BOXES / MANHOLES (TY 78)","2024/2014","EA",4928,4928,4632.32,2856,16675,34990,172430720,"400 Structures"
"0465-6079","INLETS / JUNCTION BOXES / MANHOLES (TY 79)","2024/2014","EA",5152,5306.56,4842.88,2912,14500,36560,188357120,"400 Structures"
"0465-6080","INLETS / JUNCTION BOXES / MANHOLES (TY 80)","2024/2014","EA",5376,5698.56,5053.44,2968,14935,38130,204986880,"400 Structures"
"0465-6081","INLETS / JUNCTION BOXES / MANHOLES (TY 81)","2024/2014","EA",5600,5264,5264,2800,15370,39700,222320000,"400 Structures"
"0465-6082","INLETS / JUNCTION BOXES / MANHOLES (TY 82)","2024/2014","EA",5824,5649.28,5474.56,2856,15805,30470,177457280,"400 Structures"
"0465-6083","INLETS / JUNCTION BOXES / MANHOLES (TY 83)","2024/2014","EA",6048,6048,5685.12,2912,16240,32040,193777920,"400 Structures"
"0465-6084","INLETS / JUNCTION BOXES / MANHOLES (TY 84)","2024/2014","EA",6272,6460.16,5895.68,2968,16675,33610,210801920,"400 Structures"
"0465-6085","INLETS / JUNCTION BOXES / MANHOLES (TY 85)","2024/2014","EA",4928,5223.68,4632.32,2800,14500,35180,173367040,"400 Structures"
"0465-6086","INLETS / JUNCTION BOXES / MANHOLES (TY 86)","2024/2014","EA",5152,4842.88,4842.88,2856,14935,36750,189336000,"400 Structures"
"0465-6087","INLETS / JUNCTION BOXES / MANHOLES (TY 87)","2024/2014","EA",5376,5214.72,5053.44,2912,15370,38320,206008320,"400 Structures"
"0465-6088","INLETS / JUNCTION BOXES / MANHOLES (TY 88)","2024/2014","EA",5600,5600,5264,2968,15805,39890,223384000,"400 Structures"
"0465-6089","INLETS / JUNCTION BOXES / MANHOLES (TY 89)","2024/2014","EA",5824,5998.72,5474.56,2800,16240,41460,241463040,"400 Structures"
"0465-6090","INLETS / JUNCTION BOXES / MANHOLES (TY 90)","2024/2014","EA",6048,6410.88,5685.12,2856,16675,43030,260245440,"400 Structures"
"0465-6091","INLETS / JUNCTION BOXES / MANHOLES (TY 91)","2024/2014","EA",6272,5895.68,5895.68,2912,14500,33800,211993600,"400 Structures"
"0465-6092","INLETS / JUNCTION BOXES / MANHOLES (TY 92)","2024/2014","EA",4928,4780.16,4632.32,2968,14935,35370,174303360,"400 Structures"
"0465-6093","INLETS / JUNCTION BOXES / MANHOLES (TY 93)","2024/2014","EA",5152,5152,4842.88,2800,15370,36940,190314880,"400 Structures"
"0465-6094","INLETS / JUNCTION BOXES / MANHOLES (TY 94)","2024/2014","EA",5376,5537.28,5053.44,2856,15805,38510,207029760,"400 Structures"
"0465-6095","INLETS / JUNCTION BOXES / MANHOLES (TY 95)","2024/2014","EA",5600,5936,5264,2912,16240,40080,224448000,"400 Structures"
"0465-6096","INLETS / JUNCTION BOXES / MANHOLES (TY 96)","2024/2014","EA",5824,5474.56,5474.56,2968,16675,41650,242569600,"400 Structures"
"0465-6097","INLETS / JUNCTION BOXES / MANHOLES (TY 97)","2024/2014","EA",6048,5866.56,5685.12,2800,14500,43220,261394560,"400 Structures"
"0465-6098","INLETS / JUNCTION BOXES / MANHOLES (TY 98)","2024/2014","EA",6272,6272,5895.68,2856,14935,44790,280922880,"400 Structures"
"0465-6099","INLETS / JUNCTION BOXES / MANHOLES (TY 99)","2024/2014","EA",4928,5075.84,4632.32,2912,15370,46360,228462080,"400 Structures"
"0465-6100","INLETS / JUNCTION BOXES / MANHOLES (TY 100)","2024/2014","EA",5152,5461.12,4842.88,2968,15805,37130,191293760,"400 Structures"
"0465-6101","INLETS / JUNCTION BOXES / MANHOLES (TY 101)","2024/2014","EA",5376,5053.44,5053.44,2800,16240,38700,208051200,"400 Structures"
"0465-6102","INLETS / JUNCTION BOXES / MANHOLES (TY 102)","2024/2014","EA",5600,5432,5264,2856,16675,40270,225512000,"400 Structures"
"0465-6103","INLETS / JUNCTION BOXES / MANHOLES (TY 103)","2024/2014","EA",5824,5824,5474.56,2912,14500,41840,243676160,"400 Structures"
"0465-6104","INLETS / JUNCTION BOXES / MANHOLES (TY 104)","2024/2014","EA",6048,6229.44,5685.12,2968,14935,43410,262543680,"400 Structures"
"0465-6105","INLETS / JUNCTION BOXES / MANHOLES (TY 105)","2024/2014","EA",6272,6648.32,5895.68,2800,15370,44980,282114560,"400 Structures"
"0465-6106","INLETS / JUNCTION BOXES / MANHOLES (TY 106)","2024/2014","EA",4928,4632.32,4632.32,2856,15805,46550,229398400,"400 Structures"
"0465-6107","INLETS / JUNCTION BOXES / MANHOLES (TY 107)","2024/2014","EA",5152,4997.44,4842.88,2912,16240,48120,247914240,"400 Structures"
"0465-6108","INLETS / JUNCTION BOXES / MANHOLES (TY 108)","2024/2014","EA",5376,5376,5053.44,2968,16675,49690,267133440,"400 Structures"
"0465-6109","INLETS / JUNCTION BOXES / MANHOLES (TY 109)","2024/2014","EA",5600,5768,5264,2800,14500,40460,226576000,"400 Structures"
"0465-6110","INLETS / JUNCTION BOXES / MANHOLES (TY 110)","2024/2014","EA",5824,6173.44,5474.56,2856,14935,42030,244782720,"400 Structures"
"0465-6111","INLETS / JUNCTION BOXES / MANHOLES (TY 111)","2024/2014","EA",6048,5685.12,5685.12,2912,15370,43600,263692800,"400 Structures"
"0465-6112","INLETS / JUNCTION BOXES / MANHOLES (TY 112)","2024/2014","EA",6272,6083.84,5895.68,2968,15805,45170,283306240,"400 Structures"
"0465-6113","INLETS / JUNCTION BOXES / MANHOLES (TY 113)","2024/2014","EA",4928,4928,4632.32,2800,16240,46740,230334720,"400 Structures"
"0465-6114","INLETS / JUNCTION BOXES / MANHOLES (TY 114)","2024/2014","EA",5152,5306.56,4842.88,2856,16675,48310,248893120,"400 Structures"
"0465-6115","INLETS / JUNCTION BOXES / MANHOLES (TY 115)","2024/2014","EA",5376,5698.56,5053.44,2912,14500,49880,268154880,"400 Structures"
"0465-6116","INLETS / JUNCTION BOXES / MANHOLES (TY 116)","2024/2014","EA",5600,5264,5264,2968,14935,51450,288120000,"400 Structures"
"0465-6117","INLETS / JUNCTION BOXES / MANHOLES (TY 117)","2024/2014","EA",5824,5649.28,5474.56,2800,15370,53020,308788480,"400 Structures"
"0465-6118","INLETS / JUNCTION BOXES / MANHOLES (TY 118)","2024/2014","EA",6048,6048,5685.12,2856,15805,43790,264841920,"400 Structures"
"0465-6119","INLETS / JUNCTION BOXES / MANHOLES (TY 119)","2024/2014","EA",6272,6460.16,5895.68,2912,16240,45360,284497920,"400 Structures"
"0465-6120","INLETS / JUNCTION BOXES / MANHOLES (TY 120)","2024/2014","EA",4928,5223.68,4632.32,2968,16675,46930,231271040,"400 Structures"
"0465-6121","INLETS / JUNCTION BOXES / MANHOLES (TY 121)","2024/2014","EA",5152,4842.88,4842.88,2800,14500,48500,249872000,"400 Structures"
"0465-6122","INLETS / JUNCTION BOXES / MANHOLES (TY 122)","2024/2014","EA",5376,5214.72,5053.44,2856,14935,50070,269176320,"400 Structures"
"0465-6123","INLETS / JUNCTION BOXES / MANHOLES (TY 123)","2024/2014","EA",5600,5600,5264,2912,15370,51640,289184000,"400 Structures"
"0465-6124","INLETS / JUNCTION BOXES / MANHOLES (TY 124)","2024/2014","EA",5824,5998.72,5474.56,2968,15805,53210,309895040,"400 Structures"
"0465-6125","INLETS / JUNCTION BOXES / MANHOLES (TY 125)","2024/2014","EA",6048,6410.88,5685.12,2800,16240,54780,331309440,"400 Structures"
"0465-6126","INLETS / JUNCTION BOXES / MANHOLES (TY 126)","2024/2014","EA",6272,5895.68,5895.68,2856,16675,56350,353427200,"400 Structures"
"0465-6127","INLETS / JUNCTION BOXES / MANHOLES (TY 127)","2024/2014","EA",4928,4780.16,4632.32,2912,14500,47120,232207360,"400 Structures"
"0465-6128","INLETS / JUNCTION BOXES / MANHOLES (TY 128)","2024/2014","EA",5152,5152,4842.88,2968,14935,48690,250850880,"400 Structures"
"0465-6129","INLETS / JUNCTION BOXES / MANHOLES (TY 129)","2024/2014","EA",5376,5537.28,5053.44,2800,15370,50260,270197760,"400 Structures"
"0465-6130","INLETS / JUNCTION BOXES / MANHOLES (TY 130)","2024/2014","EA",5600,5936,5264,2856,15805,51830,290248000,"400 Structures"
"0465-6131","INLETS / JUNCTION BOXES / MANHOLES (TY 131)","2024/2014","EA",5824,5474.56,5474.56,2912,16240,53400,311001600,"400 Structures"
"0465-6132","INLETS / JUNCTION BOXES / MANHOLES (TY 132)","2024/2014","EA",6048,5866.56,5685.12,2968,16675,54970,332458560,"400 Structures"
"0465-6133","INLETS / JUNCTION BOXES / MANHOLES (TY 133)","2024/2014","EA",6272,6272,5895.68,2800,14500,56540,354618880,"400 Structures"
"0465-6134","INLETS / JUNCTION BOXES / MANHOLES (TY 134)","2024/2014","EA",4928,5075.84,4632.32,2856,14935,58110,286366080,"400 Structures"
"0465-6135","INLETS / JUNCTION BOXES / MANHOLES (TY 135)","2024/2014","EA",5152,5461.12,4842.88,2912,15370,59680,307471360,"400 Structures"
"0465-6136","INLETS / JUNCTION BOXES / MANHOLES (TY 136)","2024/2014","EA",5376,5053.44,5053.44,2968,15805,50450,271219200,"400 Structures"
"0465-6137","INLETS / JUNCTION BOXES / MANHOLES (TY 137)","2024/2014","EA",5600,5432,5264,2800,16240,52020,291312000,"400 Structures"
"0465-6138","INLETS / JUNCTION BOXES / MANHOLES (TY 138)","2024/2014","EA",5824,5824,5474.56,2856,16675,53590,312108160,"400 Structures"
"0465-6139","INLETS / JUNCTION BOXES / MANHOLES (TY 139)","2024/2014","EA",6048,6229.44,5685.12,2912,14500,55160,333607680,"400 Structures"
"0465-6140","INLETS / JUNCTION BOXES / MANHOLES (TY 140)","2024/2014","EA",6272,6648.32,5895.68,2968,14935,56730,355810560,"400 Structures"
"0465-6141","INLETS / JUNCTION BOXES / MANHOLES (TY 141)","2024/2014","EA",4928,4632.32,4632.32,2800,15370,58300,287302400,"400 Structures"
"0465-6142","INLETS / JUNCTION BOXES / MANHOLES (TY 142)","2024/2014","EA",5152,4997.44,4842.88,2856,15805,59870,308450240,"400 Structures"
"0465-6143","INLETS / JUNCTION BOXES / MANHOLES (TY 143)","2024/2014","EA",5376,5376,5053.44,2912,16240,61440,330301440,"400 Structures"
"0465-6144","INLETS / JUNCTION BOXES / MANHOLES (TY 144)","2024/2014","EA",5600,5768,5264,2968,16675,63010,352856000,"400 Structures"
"0465-6145","INLETS / JUNCTION BOXES / MANHOLES (TY 145)","2024/2014","EA",5824,6173.44,5474.56,2800,14500,53780,313214720,"400 Structures"
"0465-6146","INLETS / JUNCTION BOXES / MANHOLES (TY 146)","2024/2014","EA",6048,5685.12,5685.12,2856,14935,55350,334756800,"400 Structures"
"0465-6147","INLETS / JUNCTION BOXES / MANHOLES (TY 147)","2024/2014","EA",6272,6083.84,5895.68,2912,15370,56920,357002240,"400 Structures"
"0465-6148","INLETS / JUNCTION BOXES / MANHOLES (TY 148)","2024/2014","EA",4928,4928,4632.32,2968,15805,58490,288238720,"400 Structures"
"0465-6149","INLETS / JUNCTION BOXES / MANHOLES (TY 149)","2024/2014","EA",5152,5306.56,4842.88,2800,16240,60060,309429120,"400 Structures"
"0465-6150","INLETS / JUNCTION BOXES / MANHOLES (TY 150)","2024/2014","EA",5376,5698.56,5053.44,2856,16675,61630,331322880,"400 Structures"
"0465-6151","INLETS / JUNCTION BOXES / MANHOLES (TY 151)","2024/2014","EA",5600,5264,5264,2912,14500,63200,353920000,"400 Structures"
"0465-6152","INLETS / JUNCTION BOXES / MANHOLES (TY 152)","2024/2014","EA",5824,5649.28,5474.56,2968,14935,64770,377220480,"400 Structures"
"0465-6153","INLETS / JUNCTION BOXES / MANHOLES (TY 153)","2024/2014","EA",6048,6048,5685.12,2800,15370,66340,401224320,"400 Structures"
"0465-6154","INLETS / JUNCTION BOXES / MANHOLES (TY 154)","2024/2014","EA",6272,6460.16,5895.68,2856,15805,57110,358193920,"400 Structures"
"0465-6155","INLETS / JUNCTION BOXES / MANHOLES (TY 155)","2024/2014","EA",4928,5223.68,4632.32,2912,16240,58680,289175040,"400 Structures"
"0465-6156","INLETS / JUNCTION BOXES / MANHOLES (TY 156)","2024/2014","EA",5152,4842.88,4842.88,2968,16675,60250,310408000,"400 Structures"
"0465-6157","INLETS / JUNCTION BOXES / MANHOLES (TY 157)","2024/2014","EA",5376,5214.72,5053.44,2800,14500,61820,332344320,"400 Structures"
"0465-6158","INLETS / JUNCTION BOXES / MANHOLES (TY 158)","2024/2014","EA",5600,5600,5264,2856,14935,63390,354984000,"400 Structures"
"0465-6159","INLETS / JUNCTION BOXES / MANHOLES (TY 159)","2024/2014","EA",5824,5998.72,5474.56,2912,15370,64960,378327040,"400 Structures"
"0465-6160","INLETS / JUNCTION BOXES / MANHOLES (TY 160)","2024/2014","EA",6048,6410.88,5685.12,2968,15805,66530,402373440,"400 Structures"
"0465-6161","INLETS / JUNCTION BOXES / MANHOLES (TY 161)","2024/2014","EA",6272,5895.68,5895.68,2800,16240,68100,427123200,"400 Structures"
"0465-6162","INLETS / JUNCTION BOXES / MANHOLES (TY 162)","2024/2014","EA",4928,4780.16,4632.32,2856,16675,69670,343333760,"400 Structures"
"0465-6163","INLETS / JUNCTION BOXES / MANHOLES (TY 163)","2024/2014","EA",5152,5152,4842.88,2912,14500,60440,311386880,"400 Structures"
"0465-6164","INLETS / JUNCTION BOXES / MANHOLES (TY 164)","2024/2014","EA",5376,5537.28,5053.44,2968,14935,62010,333365760,"400 Structures"
"0465-6165","INLETS / JUNCTION BOXES / MANHOLES (TY 165)","2024/2014","EA",5600,5936,5264,2800,15370,63580,356048000,"400 Structures"
"0465-6166","INLETS / JUNCTION BOXES / MANHOLES (TY 166)","2024/2014","EA",5824,5474.56,5474.56,2856,15805,65150,379433600,"400 Structures"
"0465-6167","INLETS / JUNCTION BOXES / MANHOLES (TY 167)","2024/2014","EA",6048,5866.56,5685.12,2912,16240,66720,403522560,"400 Structures"
"0465-6168","INLETS / JUNCTION BOXES / MANHOLES (TY 168)","2024/2014","EA",6272,6272,5895.68,2968,16675,68290,428314880,"400 Structures"
"0465-6169","INLETS / JUNCTION BOXES / MANHOLES (TY 169)","2024/2014","EA",4928,5075.84,4632.32,2800,14500,69860,344270080,"400 Structures"
"0465-6170","INLETS / JUNCTION BOXES / MANHOLES (TY 170)","2024/2014","EA",5152,5461.12,4842.88,2856,14935,71430,368007360,"400 Structures"
"0465-6171","INLETS / JUNCTION BOXES / MANHOLES (TY 171)","2024/2014","EA",5376,5053.44,5053.44,2912,15370,73000,392448000,"400 Structures"
"0465-6172","INLETS / JUNCTION BOXES / MANHOLES (TY 172)","2024/2014","EA",5600,5432,5264,2968,15805,63770,357112000,"400 Structures"
"0465-6173","INLETS / JUNCTION BOXES / MANHOLES (TY 173)","2024/2014","EA",5824,5824,5474.56,2800,16240,65340,380540160,"400 Structures"
"0465-6174","INLETS / JUNCTION BOXES / MANHOLES (TY 174)","2024/2014","EA",6048,6229.44,5685.12,2856,16675,66910,404671680,"400 Structures"
"0465-6175","INLETS / JUNCTION BOXES / MANHOLES (TY 175)","2024/2014","EA",6272,6648.32,5895.68,2912,14500,68480,429506560,"400 Structures"
"0465-6176","INLETS / JUNCTION BOXES / MANHOLES (TY 176)","2024/2014","EA",4928,4632.32,4632.32,2968,14935,70050,345206400,"400 Structures"
"0465-6177","INLETS / JUNCTION BOXES / MANHOLES (TY 177)","2024/2014","EA",5152,4997.44,4842.88,2800,15370,71620,368986240,"400 Structures"
"0465-6178","INLETS / JUNCTION BOXES / MANHOLES (TY 178)","2024/2014","EA",5376,5376,5053.44,2856,15805,73190,393469440,"400 Structures"
"0465-6179","INLETS / JUNCTION BOXES / MANHOLES (TY 179)","2024/2014","EA",5600,5768,5264,2912,16240,74760,418656000,"400 Structures"
"0465-6180","INLETS / JUNCTION BOXES / MANHOLES (TY 180)","2024/2014","EA",5824,6173.44,5474.56,2968,16675,76330,444545920,"400 Structures"
"0500-6001","MOBILIZATION (TY 1)","2024/2014","LS",171600,161304,161304,15000,1850000,500,85800000,"500 Incidental"
"0500-6002","MOBILIZATION (TY 2)","2024/2014","LS",179400,174018,168636,15300,1905500,2070,371358000,"500 Incidental"
"0500-6003","MOBILIZATION (TY 3)","2024/2014","LS",187200,187200,175968,15600,1961000,3640,681408000,"500 Incidental"
"0500-6004","MOBILIZATION (TY 4)","2024/2014","LS",195000,200850,183300,15900,2016500,5210,1015950000,"500 Incidental"
"0500-6005","MOBILIZATION (TY 5)","2024/2014","LS",202800,214968,190632,15000,2072000,6780,1374984000,"500 Incidental"
"0500-6006","MOBILIZATION (TY 6)","2024/2014","LS",210600,197964,197964,15300,2127500,8350,1758510000,"500 Incidental"
"0500-6007","MOBILIZATION (TY 7)","2024/2014","LS",218400,211848,205296,15600,1850000,9920,2166528000,"500 Incidental"
"0500-6008","MOBILIZATION (TY 8)","2024/2014","LS",171600,171600,161304,15900,1905500,11490,1971684000,"500 Incidental"
"0500-6009","MOBILIZATION (TY 9)","2024/2014","LS",179400,184782,168636,15000,1961000,13060,2342964000,"500 Incidental"
"0500-6010","MOBILIZATION (TY 10)","2024/2014","LS",187200,198432,175968,15300,2016500,3830,716976000,"500 Incidental"
"0500-6011","MOBILIZATION (TY 11)","2024/2014","LS",195000,183300,183300,15600,2072000,5400,1053000000,"500 Incidental"
"0500-6012","MOBILIZATION (TY 12)","2024/2014","LS",202800,196716,190632,15900,2127500,6970,1413516000,"500 Incidental"
"0500-6013","MOBILIZATION (TY 13)","2024/2014","LS",210600,210600,197964,15000,1850000,8540,1798524000,"500 Incidental"
"0500-6014","MOBILIZATION (TY 14)","2024/2014","LS",218400,224952,205296,15300,1905500,10110,2208024000,"500 Incidental"
"0500-6015","MOBILIZATION (TY 15)","2024/2014","LS",171600,181896,161304,15600,1961000,11680,2004288000,"500 Incidental"
"0500-6016","MOBILIZATION (TY 16)","2024/2014","LS",179400,168636,168636,15900,2016500,13250,2377050000,"500 Incidental"
"0500-6017","MOBILIZATION (TY 17)","2024/2014","LS",187200,181584,175968,15000,2072000,14820,2774304000,"500 Incidental"
"0500-6018","MOBILIZATION (TY 18)","2024/2014","LS",195000,195000,183300,15300,2127500,16390,3196050000,"500 Incidental"
"0500-6019","MOBILIZATION (TY 19)","2024/2014","LS",202800,208884,190632,15600,1850000,7160,1452048000,"500 Incidental"
"0500-6020","MOBILIZATION (TY 20)","2024/2014","LS",210600,223236,197964,15900,1905500,8730,1838538000,"500 Incidental"
"0502-6001","BARRICADES, SIGNS AND TRAFFIC HANDLING (TY 1)","2024/2014","MO",4356,4094.64,4094.64,2200,12500,500,2178000,"500 Incidental"
"0502-6002","BARRICADES, SIGNS AND TRAFFIC HANDLING (TY 2)","2024/2014","MO",4554,4417.38,4280.76,2244,12875,2070,9426780,"500 Incidental"
"0502-6003","BARRICADES, SIGNS AND TRAFFIC HANDLING (TY 3)","2024/2014","MO",4752,4752,4466.88,2288,13250,3640,17297280,"500 Incidental"
"0502-6004","BARRICADES, SIGNS AND TRAFFIC HANDLING (TY 4)","2024/2014","MO",4950,5098.5,4653,2332,13625,5210,25789500,"500 Incidental"
"0502-6005","BARRICADES, SIGNS AND TRAFFIC HANDLING (TY 5)","2024/2014","MO",5148,5456.88,4839.12,2200,14000,6780,34903440,"500 Incidental"
"0502-6006","BARRICADES, SIGNS AND TRAFFIC HANDLING (TY 6)","2024/2014","MO",5346,5025.24,5025.24,2244,14375,8350,44639100,"500 Incidental"
"0502-6007","BARRICADES, SIGNS AND TRAFFIC HANDLING (TY 7)","2024/2014","MO",5544,5377.68,5211.36,2288,12500,9920,54996480,"500 Incidental"
"0502-6008","BARRICADES, SIGNS AND TRAFFIC HANDLING (TY 8)","2024/2014","MO",4356,4356,4094.64,2332,12875,11490,50050440,"500 Incidental"
"0502-6009","BARRICADES, SIGNS AND TRAFFIC HANDLING (TY 9)","2024/2014","MO",4554,4690.62,4280.76,2200,13250,13060,59475240,"500 Incidental"
"0502-6010","BARRICADES, SIGNS AND TRAFFIC HANDLING (TY 10)","2024/2014","MO",4752,5037.12,4466.88,2244,13625,3830,18200160,"500 Incidental"
"0502-6011","BARRICADES, SIGNS AND TRAFFIC HANDLING (TY 11)","2024/2014","MO",4950,4653,4653,2288,14000,5400,26730000,"500 Incidental"
"0502-6012","BARRICADES, SIGNS AND TRAFFIC HANDLING (TY 12)","2024/2014","MO",5148,4993.56,4839.12,2332,14375,6970,35881560,"500 Incidental"
"0502-6013","BARRICADES, SIGNS AND TRAFFIC HANDLING (TY 13)","2024/2014","MO",5346,5346,5025.24,2200,12500,8540,45654840,"500 Incidental"
"0502-6014","BARRICADES, SIGNS AND TRAFFIC HANDLING (TY 14)","2024/2014","MO",5544,5710.32,5211.36,2244,12875,10110,56049840,"500 Incidental"
"0502-6015","BARRICADES, SIGNS AND TRAFFIC HANDLING (TY 15)","2024/2014","MO",4356,4617.36,4094.64,2288,13250,11680,50878080,"500 Incidental"
"0502-6016","BARRICADES, SIGNS AND TRAFFIC HANDLING (TY 16)","2024/2014","MO",4554,4280.76,4280.76,2332,13625,13250,60340500,"500 Incidental"
"0502-6017","BARRICADES, SIGNS AND TRAFFIC HANDLING (TY 17)","2024/2014","MO",4752,4609.44,4466.88,2200,14000,14820,70424640,"500 Incidental"
"0502-6018","BARRICADES, SIGNS AND TRAFFIC HANDLING (TY 18)","2024/2014","MO",4950,4950,4653,2244,14375,16390,81130500,"500 Incidental"
"0502-6019","BARRICADES, SIGNS AND TRAFFIC HANDLING (TY 19)","2024/2014","MO",5148,5302.44,4839.12,2288,12500,7160,36859680,"500 Incidental"
"0502-6020","BARRICADES, SIGNS AND TRAFFIC HANDLING (TY 20)","2024/2014","MO",5346,5666.76,5025.24,2332,12875,8730,46670580,"500 Incidental"
"0502-6021","BARRICADES, SIGNS AND TRAFFIC HANDLING (TY 21)","2024/2014","MO",5544,5211.36,5211.36,2200,13250,10300,57103200,"500 Incidental"
"0502-6022","BARRICADES, SIGNS AND TRAFFIC HANDLING (TY 22)","2024/2014","MO",4356,4225.32,4094.64,2244,13625,11870,51705720,"500 Incidental"
"0502-6023","BARRICADES, SIGNS AND TRAFFIC HANDLING (TY 23)","2024/2014","MO",4554,4554,4280.76,2288,14000,13440,61205760,"500 Incidental"
"0502-6024","BARRICADES, SIGNS AND TRAFFIC HANDLING (TY 24)","2024/2014","MO",4752,4894.56,4466.88,2332,14375,15010,71327520,"500 Incidental"
"0502-6025","BARRICADES, SIGNS AND TRAFFIC HANDLING (TY 25)","2024/2014","MO",4950,5247,4653,2200,12500,16580,82071000,"500 Incidental"
"0502-6026","BARRICADES, SIGNS AND TRAFFIC HANDLING (TY 26)","2024/2014","MO",5148,4839.12,4839.12,2244,12875,18150,93436200,"500 Incidental"
"0502-6027","BARRICADES, SIGNS AND TRAFFIC HANDLING (TY 27)","2024/2014","MO",5346,5185.62,5025.24,2288,13250,19720,105423120,"500 Incidental"
"0502-6028","BARRICADES, SIGNS AND TRAFFIC HANDLING (TY 28)","2024/2014","MO",5544,5544,5211.36,2332,13625,10490,58156560,"500 Incidental"
"0502-6029","BARRICADES, SIGNS AND TRAFFIC HANDLING (TY 29)","2024/2014","MO",4356,4486.68,4094.64,2200,14000,12060,52533360,"500 Incidental"
"0502-6030","BARRICADES, SIGNS AND TRAFFIC HANDLING (TY 30)","2024/2014","MO",4554,4827.24,4280.76,2244,14375,13630,62071020,"500 Incidental"
"0502-6031","BARRICADES, SIGNS AND TRAFFIC HANDLING (TY 31)","2024/2014","MO",4752,4466.88,4466.88,2288,12500,15200,72230400,"500 Incidental"
"0502-6032","BARRICADES, SIGNS AND TRAFFIC HANDLING (TY 32)","2024/2014","MO",4950,4801.5,4653,2332,12875,16770,83011500,"500 Incidental"
"0502-6033","BARRICADES, SIGNS AND TRAFFIC HANDLING (TY 33)","2024/2014","MO",5148,5148,4839.12,2200,13250,18340,94414320,"500 Incidental"
"0502-6034","BARRICADES, SIGNS AND TRAFFIC HANDLING (TY 34)","2024/2014","MO",5346,5506.38,5025.24,2244,13625,19910,106438860,"500 Incidental"
"0502-6035","BARRICADES, SIGNS AND TRAFFIC HANDLING (TY 35)","2024/2014","MO",5544,5876.64,5211.36,2288,14000,21480,119085120,"500 Incidental"
"0506-6001","TEMPORARY EROSION & SEDIMENT CONTROL (TY 1)","2024/2014","LF",12.76,11.99,11.99,0.5,85,500,6380,"500 Incidental"
"0506-6002","TEMPORARY EROSION & SEDIMENT CONTROL (TY 2)","2024/2014","EA",13.34,12.94,12.54,0.51,87.55,2070,27613.8,"500 Incidental"
"0506-6003","TEMPORARY EROSION & SEDIMENT CONTROL (TY 3)","2024/2014","LF",13.92,13.92,13.08,0.52,90.1,3640,50668.8,"500 Incidental"
"0506-6004","TEMPORARY EROSION & SEDIMENT CONTROL (TY 4)","2024/2014","EA",14.5,14.94,13.63,0.53,92.65,5210,75545,"500 Incidental"
"0506-6005","TEMPORARY EROSION & SEDIMENT CONTROL (TY 5)","2024/2014","LF",15.08,15.98,14.18,0.5,95.2,6780,102242.4,"500 Incidental"
"0506-6006","TEMPORARY EROSION & SEDIMENT CONTROL (TY 6)","2024/2014","EA",15.66,14.72,14.72,0.51,97.75,8350,130761,"500 Incidental"
"0506-6007","TEMPORARY EROSION & SEDIMENT CONTROL (TY 7)","2024/2014","LF",16.24,15.75,15.27,0.52,85,9920,161100.8,"500 Incidental"
"0506-6008","TEMPORARY EROSION & SEDIMENT CONTROL (TY 8)","2024/2014","EA",12.76,12.76,11.99,0.53,87.55,11490,146612.4,"500 Incidental"
"0506-6009","TEMPORARY EROSION & SEDIMENT CONTROL (TY 9)","2024/2014","LF",13.34,13.74,12.54,0.5,90.1,13060,174220.4,"500 Incidental"
"0506-6010","TEMPORARY EROSION & SEDIMENT CONTROL (TY 10)","2024/2014","EA",13.92,14.76,13.08,0.51,92.65,3830,53313.6,"500 Incidental"
"0506-6011","TEMPORARY EROSION & SEDIMENT CONTROL (TY 11)","2024/2014","LF",14.5,13.63,13.63,0.52,95.2,5400,78300,"500 Incidental"
"0506-6012","TEMPORARY EROSION & SEDIMENT CONTROL (TY 12)","2024/2014","EA",15.08,14.63,14.18,0.53,97.75,6970,105107.6,"500 Incidental"
"0506-6013","TEMPORARY EROSION & SEDIMENT CONTROL (TY 13)","2024/2014","LF",15.66,15.66,14.72,0.5,85,8540,133736.4,"500 Incidental"
"0506-6014","TEMPORARY EROSION & SEDIMENT CONTROL (TY 14)","2024/2014","EA",16.24,16.73,15.27,0.51,87.55,10110,164186.4,"500 Incidental"
"0506-6015","TEMPORARY EROSION & SEDIMENT CONTROL (TY 15)","2024/2014","LF",12.76,13.53,11.99,0.52,90.1,11680,149036.8,"500 Incidental"
"0506-6016","TEMPORARY EROSION & SEDIMENT CONTROL (TY 16)","2024/2014","EA",13.34,12.54,12.54,0.53,92.65,13250,176755,"500 Incidental"
"0506-6017","TEMPORARY EROSION & SEDIMENT CONTROL (TY 17)","2024/2014","LF",13.92,13.5,13.08,0.5,95.2,14820,206294.4,"500 Incidental"
"0506-6018","TEMPORARY EROSION & SEDIMENT CONTROL (TY 18)","2024/2014","EA",14.5,14.5,13.63,0.51,97.75,16390,237655,"500 Incidental"
"0506-6019","TEMPORARY EROSION & SEDIMENT CONTROL (TY 19)","2024/2014","LF",15.08,15.53,14.18,0.52,85,7160,107972.8,"500 Incidental"
"0506-6020","TEMPORARY EROSION & SEDIMENT CONTROL (TY 20)","2024/2014","EA",15.66,16.6,14.72,0.53,87.55,8730,136711.8,"500 Incidental"
"0506-6021","TEMPORARY EROSION & SEDIMENT CONTROL (TY 21)","2024/2014","LF",16.24,15.27,15.27,0.5,90.1,10300,167272,"500 Incidental"
"0506-6022","TEMPORARY EROSION & SEDIMENT CONTROL (TY 22)","2024/2014","EA",12.76,12.38,11.99,0.51,92.65,11870,151461.2,"500 Incidental"
"0506-6023","TEMPORARY EROSION & SEDIMENT CONTROL (TY 23)","2024/2014","LF",13.34,13.34,12.54,0.52,95.2,13440,179289.6,"500 Incidental"
"0506-6024","TEMPORARY EROSION & SEDIMENT CONTROL (TY 24)","2024/2014","EA",13.92,14.34,13.08,0.53,97.75,15010,208939.2,"500 Incidental"
"0506-6025","TEMPORARY EROSION & SEDIMENT CONTROL (TY 25)","2024/2014","LF",14.5,15.37,13.63,0.5,85,16580,240410,"500 Incidental"
"0506-6026","TEMPORARY EROSION & SEDIMENT CONTROL (TY 26)","2024/2014","EA",15.08,14.18,14.18,0.51,87.55,18150,273702,"500 Incidental"
"0506-6027","TEMPORARY EROSION & SEDIMENT CONTROL (TY 27)","2024/2014","LF",15.66,15.19,14.72,0.52,90.1,19720,308815.2,"500 Incidental"
"0506-6028","TEMPORARY EROSION & SEDIMENT CONTROL (TY 28)","2024/2014","EA",16.24,16.24,15.27,0.53,92.65,10490,170357.6,"500 Incidental"
"0506-6029","TEMPORARY EROSION & SEDIMENT CONTROL (TY 29)","2024/2014","LF",12.76,13.14,11.99,0.5,95.2,12060,153885.6,"500 Incidental"
"0506-6030","TEMPORARY EROSION & SEDIMENT CONTROL (TY 30)","2024/2014","EA",13.34,14.14,12.54,0.51,97.75,13630,181824.2,"500 Incidental"
"0506-6031","TEMPORARY EROSION & SEDIMENT CONTROL (TY 31)","2024/2014","LF",13.92,13.08,13.08,0.52,85,15200,211584,"500 Incidental"
"0506-6032","TEMPORARY EROSION & SEDIMENT CONTROL (TY 32)","2024/2014","EA",14.5,14.06,13.63,0.53,87.55,16770,243165,"500 Incidental"
"0506-6033","TEMPORARY EROSION & SEDIMENT CONTROL (TY 33)","2024/2014","LF",15.08,15.08,14.18,0.5,90.1,18340,276567.2,"500 Incidental"
"0506-6034","TEMPORARY EROSION & SEDIMENT CONTROL (TY 34)","2024/2014","EA",15.66,16.13,14.72,0.51,92.65,19910,311790.6,"500 Incidental"
"0506-6035","TEMPORARY EROSION & SEDIMENT CONTROL (TY 35)","2024/2014","LF",16.24,17.21,15.27,0.52,95.2,21480,348835.2,"500 Incidental"
"0506-6036","TEMPORARY EROSION & SEDIMENT CONTROL (TY 36)","2024/2014","EA",12.76,11.99,11.99,0.53,97.75,23050,294118,"500 Incidental"
"0506-6037","TEMPORARY EROSION & SEDIMENT CONTROL (TY 37)","2024/2014","LF",13.34,12.94,12.54,0.5,85,13820,184358.8,"500 Incidental"
"0506-6038","TEMPORARY EROSION & SEDIMENT CONTROL (TY 38)","2024/2014","EA",13.92,13.92,13.08,0.51,87.55,15390,214228.8,"500 Incidental"
"0506-6039","TEMPORARY EROSION & SEDIMENT CONTROL (TY 39)","2024/2014","LF",14.5,14.94,13.63,0.52,90.1,16960,245920,"500 Incidental"
"0506-6040","TEMPORARY EROSION & SEDIMENT CONTROL (TY 40)","2024/2014","EA",15.08,15.98,14.18,0.53,92.65,18530,279432.4,"500 Incidental"
"0506-6041","TEMPORARY EROSION & SEDIMENT CONTROL (TY 41)","2024/2014","LF",15.66,14.72,14.72,0.5,95.2,20100,314766,"500 Incidental"
"0506-6042","TEMPORARY EROSION & SEDIMENT CONTROL (TY 42)","2024/2014","EA",16.24,15.75,15.27,0.51,97.75,21670,351920.8,"500 Incidental"
"0506-6043","TEMPORARY EROSION & SEDIMENT CONTROL (TY 43)","2024/2014","LF",12.76,12.76,11.99,0.52,85,23240,296542.4,"500 Incidental"
"0506-6044","TEMPORARY EROSION & SEDIMENT CONTROL (TY 44)","2024/2014","EA",13.34,13.74,12.54,0.53,87.55,24810,330965.4,"500 Incidental"
"0506-6045","TEMPORARY EROSION & SEDIMENT CONTROL (TY 45)","2024/2014","LF",13.92,14.76,13.08,0.5,90.1,26380,367209.6,"500 Incidental"
"0506-6046","TEMPORARY EROSION & SEDIMENT CONTROL (TY 46)","2024/2014","EA",14.5,13.63,13.63,0.51,92.65,17150,248675,"500 Incidental"
"0506-6047","TEMPORARY EROSION & SEDIMENT CONTROL (TY 47)","2024/2014","LF",15.08,14.63,14.18,0.52,95.2,18720,282297.6,"500 Incidental"
"0506-6048","TEMPORARY EROSION & SEDIMENT CONTROL (TY 48)","2024/2014","EA",15.66,15.66,14.72,0.53,97.75,20290,317741.4,"500 Incidental"
"0506-6049","TEMPORARY EROSION & SEDIMENT CONTROL (TY 49)","2024/2014","LF",16.24,16.73,15.27,0.5,85,21860,355006.4,"500 Incidental"
"0506-6050","TEMPORARY EROSION & SEDIMENT CONTROL (TY 50)","2024/2014","EA",12.76,13.53,11.99,0.51,87.55,23430,298966.8,"500 Incidental"
"0506-6051","TEMPORARY EROSION & SEDIMENT CONTROL (TY 51)","2024/2014","LF",13.34,12.54,12.54,0.52,90.1,25000,333500,"500 Incidental"
"0506-6052","TEMPORARY EROSION & SEDIMENT CONTROL (TY 52)","2024/2014","EA",13.92,13.5,13.08,0.53,92.65,26570,369854.4,"500 Incidental"
"0506-6053","TEMPORARY EROSION & SEDIMENT CONTROL (TY 53)","2024/2014","LF",14.5,14.5,13.63,0.5,95.2,28140,408030,"500 Incidental"
"0506-6054","TEMPORARY EROSION & SEDIMENT CONTROL (TY 54)","2024/2014","EA",15.08,15.53,14.18,0.51,97.75,29710,448026.8,"500 Incidental"
"0506-6055","TEMPORARY EROSION & SEDIMENT CONTROL (TY 55)","2024/2014","LF",15.66,16.6,14.72,0.52,85,20480,320716.8,"500 Incidental"
"0506-6056","TEMPORARY EROSION & SEDIMENT CONTROL (TY 56)","2024/2014","EA",16.24,15.27,15.27,0.53,87.55,22050,358092,"500 Incidental"
"0506-6057","TEMPORARY EROSION & SEDIMENT CONTROL (TY 57)","2024/2014","LF",12.76,12.38,11.99,0.5,90.1,23620,301391.2,"500 Incidental"
"0506-6058","TEMPORARY EROSION & SEDIMENT CONTROL (TY 58)","2024/2014","EA",13.34,13.34,12.54,0.51,92.65,25190,336034.6,"500 Incidental"
"0506-6059","TEMPORARY EROSION & SEDIMENT CONTROL (TY 59)","2024/2014","LF",13.92,14.34,13.08,0.52,95.2,26760,372499.2,"500 Incidental"
"0506-6060","TEMPORARY EROSION & SEDIMENT CONTROL (TY 60)","2024/2014","EA",14.5,15.37,13.63,0.53,97.75,28330,410785,"500 Incidental"
"0506-6061","TEMPORARY EROSION & SEDIMENT CONTROL (TY 61)","2024/2014","LF",15.08,14.18,14.18,0.5,85,29900,450892,"500 Incidental"
"0506-6062","TEMPORARY EROSION & SEDIMENT CONTROL (TY 62)","2024/2014","EA",15.66,15.19,14.72,0.51,87.55,31470,492820.2,"500 Incidental"
"0506-6063","TEMPORARY EROSION & SEDIMENT CONTROL (TY 63)","2024/2014","LF",16.24,16.24,15.27,0.52,90.1,33040,536569.6,"500 Incidental"
"0506-6064","TEMPORARY EROSION & SEDIMENT CONTROL (TY 64)","2024/2014","EA",12.76,13.14,11.99,0.53,92.65,23810,303815.6,"500 Incidental"
"0506-6065","TEMPORARY EROSION & SEDIMENT CONTROL (TY 65)","2024/2014","LF",13.34,14.14,12.54,0.5,95.2,25380,338569.2,"500 Incidental"
"0506-6066","TEMPORARY EROSION & SEDIMENT CONTROL (TY 66)","2024/2014","EA",13.92,13.08,13.08,0.51,97.75,26950,375144,"500 Incidental"
"0506-6067","TEMPORARY EROSION & SEDIMENT CONTROL (TY 67)","2024/2014","LF",14.5,14.06,13.63,0.52,85,28520,413540,"500 Incidental"
"0506-6068","TEMPORARY EROSION & SEDIMENT CONTROL (TY 68)","2024/2014","EA",15.08,15.08,14.18,0.53,87.55,30090,453757.2,"500 Incidental"
"0506-6069","TEMPORARY EROSION & SEDIMENT CONTROL (TY 69)","2024/2014","LF",15.66,16.13,14.72,0.5,90.1,31660,495795.6,"500 Incidental"
"0506-6070","TEMPORARY EROSION & SEDIMENT CONTROL (TY 70)","2024/2014","EA",16.24,17.21,15.27,0.51,92.65,33230,539655.2,"500 Incidental"
"0506-6071","TEMPORARY EROSION & SEDIMENT CONTROL (TY 71)","2024/2014","LF",12.76,11.99,11.99,0.52,95.2,34800,444048,"500 Incidental"
"0506-6072","TEMPORARY EROSION & SEDIMENT CONTROL (TY 72)","2024/2014","EA",13.34,12.94,12.54,0.53,97.75,36370,485175.8,"500 Incidental"
"0506-6073","TEMPORARY EROSION & SEDIMENT CONTROL (TY 73)","2024/2014","LF",13.92,13.92,13.08,0.5,85,27140,377788.8,"500 Incidental"
"0506-6074","TEMPORARY EROSION & SEDIMENT CONTROL (TY 74)","2024/2014","EA",14.5,14.94,13.63,0.51,87.55,28710,416295,"500 Incidental"
"0506-6075","TEMPORARY EROSION & SEDIMENT CONTROL (TY 75)","2024/2014","LF",15.08,15.98,14.18,0.52,90.1,30280,456622.4,"500 Incidental"
"0506-6076","TEMPORARY EROSION & SEDIMENT CONTROL (TY 76)","2024/2014","EA",15.66,14.72,14.72,0.53,92.65,31850,498771,"500 Incidental"
"0506-6077","TEMPORARY EROSION & SEDIMENT CONTROL (TY 77)","2024/2014","LF",16.24,15.75,15.27,0.5,95.2,33420,542740.8,"500 Incidental"
"0506-6078","TEMPORARY EROSION & SEDIMENT CONTROL (TY 78)","2024/2014","EA",12.76,12.76,11.99,0.51,97.75,34990,446472.4,"500 Incidental"
"0506-6079","TEMPORARY EROSION & SEDIMENT CONTROL (TY 79)","2024/2014","LF",13.34,13.74,12.54,0.52,85,36560,487710.4,"500 Incidental"
"0506-6080","TEMPORARY EROSION & SEDIMENT CONTROL (TY 80)","2024/2014","EA",13.92,14.76,13.08,0.53,87.55,38130,530769.6,"500 Incidental"
"0506-6081","TEMPORARY EROSION & SEDIMENT CONTROL (TY 81)","2024/2014","LF",14.5,13.63,13.63,0.5,90.1,39700,575650,"500 Incidental"
"0506-6082","TEMPORARY EROSION & SEDIMENT CONTROL (TY 82)","2024/2014","EA",15.08,14.63,14.18,0.51,92.65,30470,459487.6,"500 Incidental"
"0506-6083","TEMPORARY EROSION & SEDIMENT CONTROL (TY 83)","2024/2014","LF",15.66,15.66,14.72,0.52,95.2,32040,501746.4,"500 Incidental"
"0506-6084","TEMPORARY EROSION & SEDIMENT CONTROL (TY 84)","2024/2014","EA",16.24,16.73,15.27,0.53,97.75,33610,545826.4,"500 Incidental"
"0506-6085","TEMPORARY EROSION & SEDIMENT CONTROL (TY 85)","2024/2014","LF",12.76,13.53,11.99,0.5,85,35180,448896.8,"500 Incidental"
"0506-6086","TEMPORARY EROSION & SEDIMENT CONTROL (TY 86)","2024/2014","EA",13.34,12.54,12.54,0.51,87.55,36750,490245,"500 Incidental"
"0506-6087","TEMPORARY EROSION & SEDIMENT CONTROL (TY 87)","2024/2014","LF",13.92,13.5,13.08,0.52,90.1,38320,533414.4,"500 Incidental"
"0506-6088","TEMPORARY EROSION & SEDIMENT CONTROL (TY 88)","2024/2014","EA",14.5,14.5,13.63,0.53,92.65,39890,578405,"500 Incidental"
"0506-6089","TEMPORARY EROSION & SEDIMENT CONTROL (TY 89)","2024/2014","LF",15.08,15.53,14.18,0.5,95.2,41460,625216.8,"500 Incidental"
"0506-6090","TEMPORARY EROSION & SEDIMENT CONTROL (TY 90)","2024/2014","EA",15.66,16.6,14.72,0.51,97.75,43030,673849.8,"500 Incidental"
"0506-6091","TEMPORARY EROSION & SEDIMENT CONTROL (TY 91)","2024/2014","LF",16.24,15.27,15.27,0.52,85,33800,548912,"500 Incidental"
"0506-6092","TEMPORARY EROSION & SEDIMENT CONTROL (TY 92)","2024/2014","EA",12.76,12.38,11.99,0.53,87.55,35370,451321.2,"500 Incidental"
"0506-6093","TEMPORARY EROSION & SEDIMENT CONTROL (TY 93)","2024/2014","LF",13.34,13.34,12.54,0.5,90.1,36940,492779.6,"500 Incidental"
"0506-6094","TEMPORARY EROSION & SEDIMENT CONTROL (TY 94)","2024/2014","EA",13.92,14.34,13.08,0.51,92.65,38510,536059.2,"500 Incidental"
"0506-6095","TEMPORARY EROSION & SEDIMENT CONTROL (TY 95)","2024/2014","LF",14.5,15.37,13.63,0.52,95.2,40080,581160,"500 Incidental"
"0506-6096","TEMPORARY EROSION & SEDIMENT CONTROL (TY 96)","2024/2014","EA",15.08,14.18,14.18,0.53,97.75,41650,628082,"500 Incidental"
"0506-6097","TEMPORARY EROSION & SEDIMENT CONTROL (TY 97)","2024/2014","LF",15.66,15.19,14.72,0.5,85,43220,676825.2,"500 Incidental"
"0506-6098","TEMPORARY EROSION & SEDIMENT CONTROL (TY 98)","2024/2014","EA",16.24,16.24,15.27,0.51,87.55,44790,727389.6,"500 Incidental"
"0506-6099","TEMPORARY EROSION & SEDIMENT CONTROL (TY 99)","2024/2014","LF",12.76,13.14,11.99,0.52,90.1,46360,591553.6,"500 Incidental"
"0506-6100","TEMPORARY EROSION & SEDIMENT CONTROL (TY 100)","2024/2014","EA",13.34,14.14,12.54,0.53,92.65,37130,495314.2,"500 Incidental"
"0506-6101","TEMPORARY EROSION & SEDIMENT CONTROL (TY 101)","2024/2014","LF",13.92,13.08,13.08,0.5,95.2,38700,538704,"500 Incidental"
"0506-6102","TEMPORARY EROSION & SEDIMENT CONTROL (TY 102)","2024/2014","EA",14.5,14.06,13.63,0.51,97.75,40270,583915,"500 Incidental"
"0506-6103","TEMPORARY EROSION & SEDIMENT CONTROL (TY 103)","2024/2014","LF",15.08,15.08,14.18,0.52,85,41840,630947.2,"500 Incidental"
"0506-6104","TEMPORARY EROSION & SEDIMENT CONTROL (TY 104)","2024/2014","EA",15.66,16.13,14.72,0.53,87.55,43410,679800.6,"500 Incidental"
"0506-6105","TEMPORARY EROSION & SEDIMENT CONTROL (TY 105)","2024/2014","LF",16.24,17.21,15.27,0.5,90.1,44980,730475.2,"500 Incidental"
"0506-6106","TEMPORARY EROSION & SEDIMENT CONTROL (TY 106)","2024/2014","EA",12.76,11.99,11.99,0.51,92.65,46550,593978,"500 Incidental"
"0506-6107","TEMPORARY EROSION & SEDIMENT CONTROL (TY 107)","2024/2014","LF",13.34,12.94,12.54,0.52,95.2,48120,641920.8,"500 Incidental"
"0506-6108","TEMPORARY EROSION & SEDIMENT CONTROL (TY 108)","2024/2014","EA",13.92,13.92,13.08,0.53,97.75,49690,691684.8,"500 Incidental"
"0506-6109","TEMPORARY EROSION & SEDIMENT CONTROL (TY 109)","2024/2014","LF",14.5,14.94,13.63,0.5,85,40460,586670,"500 Incidental"
"0506-6110","TEMPORARY EROSION & SEDIMENT CONTROL (TY 110)","2024/2014","EA",15.08,15.98,14.18,0.51,87.55,42030,633812.4,"500 Incidental"
"0506-6111","TEMPORARY EROSION & SEDIMENT CONTROL (TY 111)","2024/2014","LF",15.66,14.72,14.72,0.52,90.1,43600,682776,"500 Incidental"
"0506-6112","TEMPORARY EROSION & SEDIMENT CONTROL (TY 112)","2024/2014","EA",16.24,15.75,15.27,0.53,92.65,45170,733560.8,"500 Incidental"
"0506-6113","TEMPORARY EROSION & SEDIMENT CONTROL (TY 113)","2024/2014","LF",12.76,12.76,11.99,0.5,95.2,46740,596402.4,"500 Incidental"
"0506-6114","TEMPORARY EROSION & SEDIMENT CONTROL (TY 114)","2024/2014","EA",13.34,13.74,12.54,0.51,97.75,48310,644455.4,"500 Incidental"
"0506-6115","TEMPORARY EROSION & SEDIMENT CONTROL (TY 115)","2024/2014","LF",13.92,14.76,13.08,0.52,85,49880,694329.6,"500 Incidental"
"0506-6116","TEMPORARY EROSION & SEDIMENT CONTROL (TY 116)","2024/2014","EA",14.5,13.63,13.63,0.53,87.55,51450,746025,"500 Incidental"
"0506-6117","TEMPORARY EROSION & SEDIMENT CONTROL (TY 117)","2024/2014","LF",15.08,14.63,14.18,0.5,90.1,53020,799541.6,"500 Incidental"
"0506-6118","TEMPORARY EROSION & SEDIMENT CONTROL (TY 118)","2024/2014","EA",15.66,15.66,14.72,0.51,92.65,43790,685751.4,"500 Incidental"
"0506-6119","TEMPORARY EROSION & SEDIMENT CONTROL (TY 119)","2024/2014","LF",16.24,16.73,15.27,0.52,95.2,45360,736646.4,"500 Incidental"
"0506-6120","TEMPORARY EROSION & SEDIMENT CONTROL (TY 120)","2024/2014","EA",12.76,13.53,11.99,0.53,97.75,46930,598826.8,"500 Incidental"
"0529-6001","CONC CURB & GUTTER (TY 1)","2024/2014","LF",21.56,20.27,20.27,12,55,500,10780,"500 Incidental"
"0529-6002","CONC CURB & GUTTER (TY 2)","2024/2014","LF",22.54,21.86,21.19,12.24,56.65,2070,46657.8,"500 Incidental"
"0529-6003","CONC CURB & GUTTER (TY 3)","2024/2014","LF",23.52,23.52,22.11,12.48,58.3,3640,85612.8,"500 Incidental"
"0529-6004","CONC CURB & GUTTER (TY 4)","2024/2014","LF",24.5,25.24,23.03,12.72,59.95,5210,127645,"500 Incidental"
"0529-6005","CONC CURB & GUTTER (TY 5)","2024/2014","LF",25.48,27.01,23.95,12,61.6,6780,172754.4,"500 Incidental"
"0529-6006","CONC CURB & GUTTER (TY 6)","2024/2014","LF",26.46,24.87,24.87,12.24,63.25,8350,220941,"500 Incidental"
"0529-6007","CONC CURB & GUTTER (TY 7)","2024/2014","LF",27.44,26.62,25.79,12.48,55,9920,272204.8,"500 Incidental"
"0529-6008","CONC CURB & GUTTER (TY 8)","2024/2014","LF",21.56,21.56,20.27,12.72,56.65,11490,247724.4,"500 Incidental"
"0529-6009","CONC CURB & GUTTER (TY 9)","2024/2014","LF",22.54,23.22,21.19,12,58.3,13060,294372.4,"500 Incidental"
"0529-6010","CONC CURB & GUTTER (TY 10)","2024/2014","LF",23.52,24.93,22.11,12.24,59.95,3830,90081.6,"500 Incidental"
"0529-6011","CONC CURB & GUTTER (TY 11)","2024/2014","LF",24.5,23.03,23.03,12.48,61.6,5400,132300,"500 Incidental"
"0529-6012","CONC CURB & GUTTER (TY 12)","2024/2014","LF",25.48,24.72,23.95,12.72,63.25,6970,177595.6,"500 Incidental"
"0529-6013","CONC CURB & GUTTER (TY 13)","2024/2014","LF",26.46,26.46,24.87,12,55,8540,225968.4,"500 Incidental"
"0529-6014","CONC CURB & GUTTER (TY 14)","2024/2014","LF",27.44,28.26,25.79,12.24,56.65,10110,277418.4,"500 Incidental"
"0529-6015","CONC CURB & GUTTER (TY 15)","2024/2014","LF",21.56,22.85,20.27,12.48,58.3,11680,251820.8,"500 Incidental"
"0529-6016","CONC CURB & GUTTER (TY 16)","2024/2014","LF",22.54,21.19,21.19,12.72,59.95,13250,298655,"500 Incidental"
"0529-6017","CONC CURB & GUTTER (TY 17)","2024/2014","LF",23.52,22.81,22.11,12,61.6,14820,348566.4,"500 Incidental"
"0529-6018","CONC CURB & GUTTER (TY 18)","2024/2014","LF",24.5,24.5,23.03,12.24,63.25,16390,401555,"500 Incidental"
"0529-6019","CONC CURB & GUTTER (TY 19)","2024/2014","LF",25.48,26.24,23.95,12.48,55,7160,182436.8,"500 Incidental"
"0529-6020","CONC CURB & GUTTER (TY 20)","2024/2014","LF",26.46,28.05,24.87,12.72,56.65,8730,230995.8,"500 Incidental"
"0529-6021","CONC CURB & GUTTER (TY 21)","2024/2014","LF",27.44,25.79,25.79,12,58.3,10300,282632,"500 Incidental"
"0529-6022","CONC CURB & GUTTER (TY 22)","2024/2014","LF",21.56,20.91,20.27,12.24,59.95,11870,255917.2,"500 Incidental"
"0529-6023","CONC CURB & GUTTER (TY 23)","2024/2014","LF",22.54,22.54,21.19,12.48,61.6,13440,302937.6,"500 Incidental"
"0529-6024","CONC CURB & GUTTER (TY 24)","2024/2014","LF",23.52,24.23,22.11,12.72,63.25,15010,353035.2,"500 Incidental"
"0529-6025","CONC CURB & GUTTER (TY 25)","2024/2014","LF",24.5,25.97,23.03,12,55,16580,406210,"500 Incidental"
"0529-6026","CONC CURB & GUTTER (TY 26)","2024/2014","LF",25.48,23.95,23.95,12.24,56.65,18150,462462,"500 Incidental"
"0529-6027","CONC CURB & GUTTER (TY 27)","2024/2014","LF",26.46,25.67,24.87,12.48,58.3,19720,521791.2,"500 Incidental"
"0529-6028","CONC CURB & GUTTER (TY 28)","2024/2014","LF",27.44,27.44,25.79,12.72,59.95,10490,287845.6,"500 Incidental"
"0529-6029","CONC CURB & GUTTER (TY 29)","2024/2014","LF",21.56,22.21,20.27,12,61.6,12060,260013.6,"500 Incidental"
"0529-6030","CONC CURB & GUTTER (TY 30)","2024/2014","LF",22.54,23.89,21.19,12.24,63.25,13630,307220.2,"500 Incidental"
"0529-6031","CONC CURB & GUTTER (TY 31)","2024/2014","LF",23.52,22.11,22.11,12.48,55,15200,357504,"500 Incidental"
"0529-6032","CONC CURB & GUTTER (TY 32)","2024/2014","LF",24.5,23.76,23.03,12.72,56.65,16770,410865,"500 Incidental"
"0529-6033","CONC CURB & GUTTER (TY 33)","2024/2014","LF",25.48,25.48,23.95,12,58.3,18340,467303.2,"500 Incidental"
"0529-6034","CONC CURB & GUTTER (TY 34)","2024/2014","LF",26.46,27.25,24.87,12.24,59.95,19910,526818.6,"500 Incidental"
"0529-6035","CONC CURB & GUTTER (TY 35)","2024/2014","LF",27.44,29.09,25.79,12.48,61.6,21480,589411.2,"500 Incidental"
"0529-6036","CONC CURB & GUTTER (TY 36)","2024/2014","LF",21.56,20.27,20.27,12.72,63.25,23050,496958,"500 Incidental"
"0529-6037","CONC CURB & GUTTER (TY 37)","2024/2014","LF",22.54,21.86,21.19,12,55,13820,311502.8,"500 Incidental"
"0529-6038","CONC CURB & GUTTER (TY 38)","2024/2014","LF",23.52,23.52,22.11,12.24,56.65,15390,361972.8,"500 Incidental"
"0529-6039","CONC CURB & GUTTER (TY 39)","2024/2014","LF",24.5,25.24,23.03,12.48,58.3,16960,415520,"500 Incidental"
"0529-6040","CONC CURB & GUTTER (TY 40)","2024/2014","LF",25.48,27.01,23.95,12.72,59.95,18530,472144.4,"500 Incidental"
"0529-6041","CONC CURB & GUTTER (TY 41)","2024/2014","LF",26.46,24.87,24.87,12,61.6,20100,531846,"500 Incidental"
"0529-6042","CONC CURB & GUTTER (TY 42)","2024/2014","LF",27.44,26.62,25.79,12.24,63.25,21670,594624.8,"500 Incidental"
"0529-6043","CONC CURB & GUTTER (TY 43)","2024/2014","LF",21.56,21.56,20.27,12.48,55,23240,501054.4,"500 Incidental"
"0529-6044","CONC CURB & GUTTER (TY 44)","2024/2014","LF",22.54,23.22,21.19,12.72,56.65,24810,559217.4,"500 Incidental"
"0529-6045","CONC CURB & GUTTER (TY 45)","2024/2014","LF",23.52,24.93,22.11,12,58.3,26380,620457.6,"500 Incidental"
"0529-6046","CONC CURB & GUTTER (TY 46)","2024/2014","LF",24.5,23.03,23.03,12.24,59.95,17150,420175,"500 Incidental"
"0529-6047","CONC CURB & GUTTER (TY 47)","2024/2014","LF",25.48,24.72,23.95,12.48,61.6,18720,476985.6,"500 Incidental"
"0529-6048","CONC CURB & GUTTER (TY 48)","2024/2014","LF",26.46,26.46,24.87,12.72,63.25,20290,536873.4,"500 Incidental"
"0529-6049","CONC CURB & GUTTER (TY 49)","2024/2014","LF",27.44,28.26,25.79,12,55,21860,599838.4,"500 Incidental"
"0529-6050","CONC CURB & GUTTER (TY 50)","2024/2014","LF",21.56,22.85,20.27,12.24,56.65,23430,505150.8,"500 Incidental"
"0529-6051","CONC CURB & GUTTER (TY 51)","2024/2014","LF",22.54,21.19,21.19,12.48,58.3,25000,563500,"500 Incidental"
"0529-6052","CONC CURB & GUTTER (TY 52)","2024/2014","LF",23.52,22.81,22.11,12.72,59.95,26570,624926.4,"500 Incidental"
"0529-6053","CONC CURB & GUTTER (TY 53)","2024/2014","LF",24.5,24.5,23.03,12,61.6,28140,689430,"500 Incidental"
"0529-6054","CONC CURB & GUTTER (TY 54)","2024/2014","LF",25.48,26.24,23.95,12.24,63.25,29710,757010.8,"500 Incidental"
"0529-6055","CONC CURB & GUTTER (TY 55)","2024/2014","LF",26.46,28.05,24.87,12.48,55,20480,541900.8,"500 Incidental"
"0529-6056","CONC CURB & GUTTER (TY 56)","2024/2014","LF",27.44,25.79,25.79,12.72,56.65,22050,605052,"500 Incidental"
"0529-6057","CONC CURB & GUTTER (TY 57)","2024/2014","LF",21.56,20.91,20.27,12,58.3,23620,509247.2,"500 Incidental"
"0529-6058","CONC CURB & GUTTER (TY 58)","2024/2014","LF",22.54,22.54,21.19,12.24,59.95,25190,567782.6,"500 Incidental"
"0529-6059","CONC CURB & GUTTER (TY 59)","2024/2014","LF",23.52,24.23,22.11,12.48,61.6,26760,629395.2,"500 Incidental"
"0529-6060","CONC CURB & GUTTER (TY 60)","2024/2014","LF",24.5,25.97,23.03,12.72,63.25,28330,694085,"500 Incidental"
"0529-6061","CONC CURB & GUTTER (TY 61)","2024/2014","LF",25.48,23.95,23.95,12,55,29900,761852,"500 Incidental"
"0529-6062","CONC CURB & GUTTER (TY 62)","2024/2014","LF",26.46,25.67,24.87,12.24,56.65,31470,832696.2,"500 Incidental"
"0529-6063","CONC CURB & GUTTER (TY 63)","2024/2014","LF",27.44,27.44,25.79,12.48,58.3,33040,906617.6,"500 Incidental"
"0529-6064","CONC CURB & GUTTER (TY 64)","2024/2014","LF",21.56,22.21,20.27,12.72,59.95,23810,513343.6,"500 Incidental"
"0529-6065","CONC CURB & GUTTER (TY 65)","2024/2014","LF",22.54,23.89,21.19,12,61.6,25380,572065.2,"500 Incidental"
"0529-6066","CONC CURB & GUTTER (TY 66)","2024/2014","LF",23.52,22.11,22.11,12.24,63.25,26950,633864,"500 Incidental"
"0529-6067","CONC CURB & GUTTER (TY 67)","2024/2014","LF",24.5,23.76,23.03,12.48,55,28520,698740,"500 Incidental"
"0529-6068","CONC CURB & GUTTER (TY 68)","2024/2014","LF",25.48,25.48,23.95,12.72,56.65,30090,766693.2,"500 Incidental"
"0529-6069","CONC CURB & GUTTER (TY 69)","2024/2014","LF",26.46,27.25,24.87,12,58.3,31660,837723.6,"500 Incidental"
"0529-6070","CONC CURB & GUTTER (TY 70)","2024/2014","LF",27.44,29.09,25.79,12.24,59.95,33230,911831.2,"500 Incidental"
"0529-6071","CONC CURB & GUTTER (TY 71)","2024/2014","LF",21.56,20.27,20.27,12.48,61.6,34800,750288,"500 Incidental"
"0529-6072","CONC CURB & GUTTER (TY 72)","2024/2014","LF",22.54,21.86,21.19,12.72,63.25,36370,819779.8,"500 Incidental"
"0529-6073","CONC CURB & GUTTER (TY 73)","2024/2014","LF",23.52,23.52,22.11,12,55,27140,638332.8,"500 Incidental"
"0529-6074","CONC CURB & GUTTER (TY 74)","2024/2014","LF",24.5,25.24,23.03,12.24,56.65,28710,703395,"500 Incidental"
"0529-6075","CONC CURB & GUTTER (TY 75)","2024/2014","LF",25.48,27.01,23.95,12.48,58.3,30280,771534.4,"500 Incidental"
"0530-6001","DRIVEWAYS / INTERSECTIONS (TY 1)","2024/2014","SY",59.84,56.25,56.25,38,125,500,29920,"500 Incidental"
"0530-6002","DRIVEWAYS / INTERSECTIONS (TY 2)","2024/2014","SY",62.56,60.68,58.81,38.76,128.75,2070,129499.2,"500 Incidental"
"0530-6003","DRIVEWAYS / INTERSECTIONS (TY 3)","2024/2014","SY",65.28,65.28,61.36,39.52,132.5,3640,237619.2,"500 Incidental"
"0530-6004","DRIVEWAYS / INTERSECTIONS (TY 4)","2024/2014","SY",68,70.04,63.92,40.28,136.25,5210,354280,"500 Incidental"
"0530-6005","DRIVEWAYS / INTERSECTIONS (TY 5)","2024/2014","SY",70.72,74.96,66.48,38,140,6780,479481.6,"500 Incidental"
"0530-6006","DRIVEWAYS / INTERSECTIONS (TY 6)","2024/2014","SY",73.44,69.03,69.03,38.76,143.75,8350,613224,"500 Incidental"
"0530-6007","DRIVEWAYS / INTERSECTIONS (TY 7)","2024/2014","SY",76.16,73.88,71.59,39.52,125,9920,755507.2,"500 Incidental"
"0530-6008","DRIVEWAYS / INTERSECTIONS (TY 8)","2024/2014","SY",59.84,59.84,56.25,40.28,128.75,11490,687561.6,"500 Incidental"
"0530-6009","DRIVEWAYS / INTERSECTIONS (TY 9)","2024/2014","SY",62.56,64.44,58.81,38,132.5,13060,817033.6,"500 Incidental"
"0530-6010","DRIVEWAYS / INTERSECTIONS (TY 10)","2024/2014","SY",65.28,69.2,61.36,38.76,136.25,3830,250022.4,"500 Incidental"
"0530-6011","DRIVEWAYS / INTERSECTIONS (TY 11)","2024/2014","SY",68,63.92,63.92,39.52,140,5400,367200,"500 Incidental"
"0530-6012","DRIVEWAYS / INTERSECTIONS (TY 12)","2024/2014","SY",70.72,68.6,66.48,40.28,143.75,6970,492918.4,"500 Incidental"
"0530-6013","DRIVEWAYS / INTERSECTIONS (TY 13)","2024/2014","SY",73.44,73.44,69.03,38,125,8540,627177.6,"500 Incidental"
"0530-6014","DRIVEWAYS / INTERSECTIONS (TY 14)","2024/2014","SY",76.16,78.44,71.59,38.76,128.75,10110,769977.6,"500 Incidental"
"0530-6015","DRIVEWAYS / INTERSECTIONS (TY 15)","2024/2014","SY",59.84,63.43,56.25,39.52,132.5,11680,698931.2,"500 Incidental"
"0530-6016","DRIVEWAYS / INTERSECTIONS (TY 16)","2024/2014","SY",62.56,58.81,58.81,40.28,136.25,13250,828920,"500 Incidental"
"0530-6017","DRIVEWAYS / INTERSECTIONS (TY 17)","2024/2014","SY",65.28,63.32,61.36,38,140,14820,967449.6,"500 Incidental"
"0530-6018","DRIVEWAYS / INTERSECTIONS (TY 18)","2024/2014","SY",68,68,63.92,38.76,143.75,16390,1114520,"500 Incidental"
"0530-6019","DRIVEWAYS / INTERSECTIONS (TY 19)","2024/2014","SY",70.72,72.84,66.48,39.52,125,7160,506355.2,"500 Incidental"
"0530-6020","DRIVEWAYS / INTERSECTIONS (TY 20)","2024/2014","SY",73.44,77.85,69.03,40.28,128.75,8730,641131.2,"500 Incidental"
"0530-6021","DRIVEWAYS / INTERSECTIONS (TY 21)","2024/2014","SY",76.16,71.59,71.59,38,132.5,10300,784448,"500 Incidental"
"0530-6022","DRIVEWAYS / INTERSECTIONS (TY 22)","2024/2014","SY",59.84,58.04,56.25,38.76,136.25,11870,710300.8,"500 Incidental"
"0530-6023","DRIVEWAYS / INTERSECTIONS (TY 23)","2024/2014","SY",62.56,62.56,58.81,39.52,140,13440,840806.4,"500 Incidental"
"0530-6024","DRIVEWAYS / INTERSECTIONS (TY 24)","2024/2014","SY",65.28,67.24,61.36,40.28,143.75,15010,979852.8,"500 Incidental"
"0530-6025","DRIVEWAYS / INTERSECTIONS (TY 25)","2024/2014","SY",68,72.08,63.92,38,125,16580,1127440,"500 Incidental"
"0530-6026","DRIVEWAYS / INTERSECTIONS (TY 26)","2024/2014","SY",70.72,66.48,66.48,38.76,128.75,18150,1283568,"500 Incidental"
"0530-6027","DRIVEWAYS / INTERSECTIONS (TY 27)","2024/2014","SY",73.44,71.24,69.03,39.52,132.5,19720,1448236.8,"500 Incidental"
"0530-6028","DRIVEWAYS / INTERSECTIONS (TY 28)","2024/2014","SY",76.16,76.16,71.59,40.28,136.25,10490,798918.4,"500 Incidental"
"0530-6029","DRIVEWAYS / INTERSECTIONS (TY 29)","2024/2014","SY",59.84,61.64,56.25,38,140,12060,721670.4,"500 Incidental"
"0530-6030","DRIVEWAYS / INTERSECTIONS (TY 30)","2024/2014","SY",62.56,66.31,58.81,38.76,143.75,13630,852692.8,"500 Incidental"
"0530-6031","DRIVEWAYS / INTERSECTIONS (TY 31)","2024/2014","SY",65.28,61.36,61.36,39.52,125,15200,992256,"500 Incidental"
"0530-6032","DRIVEWAYS / INTERSECTIONS (TY 32)","2024/2014","SY",68,65.96,63.92,40.28,128.75,16770,1140360,"500 Incidental"
"0530-6033","DRIVEWAYS / INTERSECTIONS (TY 33)","2024/2014","SY",70.72,70.72,66.48,38,132.5,18340,1297004.8,"500 Incidental"
"0530-6034","DRIVEWAYS / INTERSECTIONS (TY 34)","2024/2014","SY",73.44,75.64,69.03,38.76,136.25,19910,1462190.4,"500 Incidental"
"0530-6035","DRIVEWAYS / INTERSECTIONS (TY 35)","2024/2014","SY",76.16,80.73,71.59,39.52,140,21480,1635916.8,"500 Incidental"
"0530-6036","DRIVEWAYS / INTERSECTIONS (TY 36)","2024/2014","SY",59.84,56.25,56.25,40.28,143.75,23050,1379312,"500 Incidental"
"0530-6037","DRIVEWAYS / INTERSECTIONS (TY 37)","2024/2014","SY",62.56,60.68,58.81,38,125,13820,864579.2,"500 Incidental"
"0530-6038","DRIVEWAYS / INTERSECTIONS (TY 38)","2024/2014","SY",65.28,65.28,61.36,38.76,128.75,15390,1004659.2,"500 Incidental"
"0530-6039","DRIVEWAYS / INTERSECTIONS (TY 39)","2024/2014","SY",68,70.04,63.92,39.52,132.5,16960,1153280,"500 Incidental"
"0530-6040","DRIVEWAYS / INTERSECTIONS (TY 40)","2024/2014","SY",70.72,74.96,66.48,40.28,136.25,18530,1310441.6,"500 Incidental"
"0530-6041","DRIVEWAYS / INTERSECTIONS (TY 41)","2024/2014","SY",73.44,69.03,69.03,38,140,20100,1476144,"500 Incidental"
"0530-6042","DRIVEWAYS / INTERSECTIONS (TY 42)","2024/2014","SY",76.16,73.88,71.59,38.76,143.75,21670,1650387.2,"500 Incidental"
"0530-6043","DRIVEWAYS / INTERSECTIONS (TY 43)","2024/2014","SY",59.84,59.84,56.25,39.52,125,23240,1390681.6,"500 Incidental"
"0530-6044","DRIVEWAYS / INTERSECTIONS (TY 44)","2024/2014","SY",62.56,64.44,58.81,40.28,128.75,24810,1552113.6,"500 Incidental"
"0530-6045","DRIVEWAYS / INTERSECTIONS (TY 45)","2024/2014","SY",65.28,69.2,61.36,38,132.5,26380,1722086.4,"500 Incidental"
"0530-6046","DRIVEWAYS / INTERSECTIONS (TY 46)","2024/2014","SY",68,63.92,63.92,38.76,136.25,17150,1166200,"500 Incidental"
"0530-6047","DRIVEWAYS / INTERSECTIONS (TY 47)","2024/2014","SY",70.72,68.6,66.48,39.52,140,18720,1323878.4,"500 Incidental"
"0530-6048","DRIVEWAYS / INTERSECTIONS (TY 48)","2024/2014","SY",73.44,73.44,69.03,40.28,143.75,20290,1490097.6,"500 Incidental"
"0530-6049","DRIVEWAYS / INTERSECTIONS (TY 49)","2024/2014","SY",76.16,78.44,71.59,38,125,21860,1664857.6,"500 Incidental"
"0530-6050","DRIVEWAYS / INTERSECTIONS (TY 50)","2024/2014","SY",59.84,63.43,56.25,38.76,128.75,23430,1402051.2,"500 Incidental"
"0530-6051","DRIVEWAYS / INTERSECTIONS (TY 51)","2024/2014","SY",62.56,58.81,58.81,39.52,132.5,25000,1564000,"500 Incidental"
"0530-6052","DRIVEWAYS / INTERSECTIONS (TY 52)","2024/2014","SY",65.28,63.32,61.36,40.28,136.25,26570,1734489.6,"500 Incidental"
"0530-6053","DRIVEWAYS / INTERSECTIONS (TY 53)","2024/2014","SY",68,68,63.92,38,140,28140,1913520,"500 Incidental"
"0530-6054","DRIVEWAYS / INTERSECTIONS (TY 54)","2024/2014","SY",70.72,72.84,66.48,38.76,143.75,29710,2101091.2,"500 Incidental"
"0530-6055","DRIVEWAYS / INTERSECTIONS (TY 55)","2024/2014","SY",73.44,77.85,69.03,39.52,125,20480,1504051.2,"500 Incidental"
"0530-6056","DRIVEWAYS / INTERSECTIONS (TY 56)","2024/2014","SY",76.16,71.59,71.59,40.28,128.75,22050,1679328,"500 Incidental"
"0530-6057","DRIVEWAYS / INTERSECTIONS (TY 57)","2024/2014","SY",59.84,58.04,56.25,38,132.5,23620,1413420.8,"500 Incidental"
"0530-6058","DRIVEWAYS / INTERSECTIONS (TY 58)","2024/2014","SY",62.56,62.56,58.81,38.76,136.25,25190,1575886.4,"500 Incidental"
"0530-6059","DRIVEWAYS / INTERSECTIONS (TY 59)","2024/2014","SY",65.28,67.24,61.36,39.52,140,26760,1746892.8,"500 Incidental"
"0530-6060","DRIVEWAYS / INTERSECTIONS (TY 60)","2024/2014","SY",68,72.08,63.92,40.28,143.75,28330,1926440,"500 Incidental"
"0531-6001","CONC SIDEWALKS (TY 1)","2024/2014","SY",54.56,51.29,51.29,32,115,500,27280,"500 Incidental"
"0531-6002","CONC SIDEWALKS (TY 2)","2024/2014","SY",57.04,55.33,53.62,32.64,118.45,2070,118072.8,"500 Incidental"
"0531-6003","CONC SIDEWALKS (TY 3)","2024/2014","SY",59.52,59.52,55.95,33.28,121.9,3640,216652.8,"500 Incidental"
"0531-6004","CONC SIDEWALKS (TY 4)","2024/2014","SY",62,63.86,58.28,33.92,125.35,5210,323020,"500 Incidental"
"0531-6005","CONC SIDEWALKS (TY 5)","2024/2014","SY",64.48,68.35,60.61,32,128.8,6780,437174.4,"500 Incidental"
"0531-6006","CONC SIDEWALKS (TY 6)","2024/2014","SY",66.96,62.94,62.94,32.64,132.25,8350,559116,"500 Incidental"
"0531-6007","CONC SIDEWALKS (TY 7)","2024/2014","SY",69.44,67.36,65.27,33.28,115,9920,688844.8,"500 Incidental"
"0531-6008","CONC SIDEWALKS (TY 8)","2024/2014","SY",54.56,54.56,51.29,33.92,118.45,11490,626894.4,"500 Incidental"
"0531-6009","CONC SIDEWALKS (TY 9)","2024/2014","SY",57.04,58.75,53.62,32,121.9,13060,744942.4,"500 Incidental"
"0531-6010","CONC SIDEWALKS (TY 10)","2024/2014","SY",59.52,63.09,55.95,32.64,125.35,3830,227961.6,"500 Incidental"
"0531-6011","CONC SIDEWALKS (TY 11)","2024/2014","SY",62,58.28,58.28,33.28,128.8,5400,334800,"500 Incidental"
"0531-6012","CONC SIDEWALKS (TY 12)","2024/2014","SY",64.48,62.55,60.61,33.92,132.25,6970,449425.6,"500 Incidental"
"0531-6013","CONC SIDEWALKS (TY 13)","2024/2014","SY",66.96,66.96,62.94,32,115,8540,571838.4,"500 Incidental"
"0531-6014","CONC SIDEWALKS (TY 14)","2024/2014","SY",69.44,71.52,65.27,32.64,118.45,10110,702038.4,"500 Incidental"
"0531-6015","CONC SIDEWALKS (TY 15)","2024/2014","SY",54.56,57.83,51.29,33.28,121.9,11680,637260.8,"500 Incidental"
"0531-6016","CONC SIDEWALKS (TY 16)","2024/2014","SY",57.04,53.62,53.62,33.92,125.35,13250,755780,"500 Incidental"
"0531-6017","CONC SIDEWALKS (TY 17)","2024/2014","SY",59.52,57.73,55.95,32,128.8,14820,882086.4,"500 Incidental"
"0531-6018","CONC SIDEWALKS (TY 18)","2024/2014","SY",62,62,58.28,32.64,132.25,16390,1016180,"500 Incidental"
"0531-6019","CONC SIDEWALKS (TY 19)","2024/2014","SY",64.48,66.41,60.61,33.28,115,7160,461676.8,"500 Incidental"
"0531-6020","CONC SIDEWALKS (TY 20)","2024/2014","SY",66.96,70.98,62.94,33.92,118.45,8730,584560.8,"500 Incidental"
"0531-6021","CONC SIDEWALKS (TY 21)","2024/2014","SY",69.44,65.27,65.27,32,121.9,10300,715232,"500 Incidental"
"0531-6022","CONC SIDEWALKS (TY 22)","2024/2014","SY",54.56,52.92,51.29,32.64,125.35,11870,647627.2,"500 Incidental"
"0531-6023","CONC SIDEWALKS (TY 23)","2024/2014","SY",57.04,57.04,53.62,33.28,128.8,13440,766617.6,"500 Incidental"
"0531-6024","CONC SIDEWALKS (TY 24)","2024/2014","SY",59.52,61.31,55.95,33.92,132.25,15010,893395.2,"500 Incidental"
"0531-6025","CONC SIDEWALKS (TY 25)","2024/2014","SY",62,65.72,58.28,32,115,16580,1027960,"500 Incidental"
"0531-6026","CONC SIDEWALKS (TY 26)","2024/2014","SY",64.48,60.61,60.61,32.64,118.45,18150,1170312,"500 Incidental"
"0531-6027","CONC SIDEWALKS (TY 27)","2024/2014","SY",66.96,64.95,62.94,33.28,121.9,19720,1320451.2,"500 Incidental"
"0531-6028","CONC SIDEWALKS (TY 28)","2024/2014","SY",69.44,69.44,65.27,33.92,125.35,10490,728425.6,"500 Incidental"
"0531-6029","CONC SIDEWALKS (TY 29)","2024/2014","SY",54.56,56.2,51.29,32,128.8,12060,657993.6,"500 Incidental"
"0531-6030","CONC SIDEWALKS (TY 30)","2024/2014","SY",57.04,60.46,53.62,32.64,132.25,13630,777455.2,"500 Incidental"
"0531-6031","CONC SIDEWALKS (TY 31)","2024/2014","SY",59.52,55.95,55.95,33.28,115,15200,904704,"500 Incidental"
"0531-6032","CONC SIDEWALKS (TY 32)","2024/2014","SY",62,60.14,58.28,33.92,118.45,16770,1039740,"500 Incidental"
"0531-6033","CONC SIDEWALKS (TY 33)","2024/2014","SY",64.48,64.48,60.61,32,121.9,18340,1182563.2,"500 Incidental"
"0531-6034","CONC SIDEWALKS (TY 34)","2024/2014","SY",66.96,68.97,62.94,32.64,125.35,19910,1333173.6,"500 Incidental"
"0531-6035","CONC SIDEWALKS (TY 35)","2024/2014","SY",69.44,73.61,65.27,33.28,128.8,21480,1491571.2,"500 Incidental"
"0531-6036","CONC SIDEWALKS (TY 36)","2024/2014","SY",54.56,51.29,51.29,33.92,132.25,23050,1257608,"500 Incidental"
"0531-6037","CONC SIDEWALKS (TY 37)","2024/2014","SY",57.04,55.33,53.62,32,115,13820,788292.8,"500 Incidental"
"0531-6038","CONC SIDEWALKS (TY 38)","2024/2014","SY",59.52,59.52,55.95,32.64,118.45,15390,916012.8,"500 Incidental"
"0531-6039","CONC SIDEWALKS (TY 39)","2024/2014","SY",62,63.86,58.28,33.28,121.9,16960,1051520,"500 Incidental"
"0531-6040","CONC SIDEWALKS (TY 40)","2024/2014","SY",64.48,68.35,60.61,33.92,125.35,18530,1194814.4,"500 Incidental"
"0531-6041","CONC SIDEWALKS (TY 41)","2024/2014","SY",66.96,62.94,62.94,32,128.8,20100,1345896,"500 Incidental"
"0531-6042","CONC SIDEWALKS (TY 42)","2024/2014","SY",69.44,67.36,65.27,32.64,132.25,21670,1504764.8,"500 Incidental"
"0531-6043","CONC SIDEWALKS (TY 43)","2024/2014","SY",54.56,54.56,51.29,33.28,115,23240,1267974.4,"500 Incidental"
"0531-6044","CONC SIDEWALKS (TY 44)","2024/2014","SY",57.04,58.75,53.62,33.92,118.45,24810,1415162.4,"500 Incidental"
"0531-6045","CONC SIDEWALKS (TY 45)","2024/2014","SY",59.52,63.09,55.95,32,121.9,26380,1570137.6,"500 Incidental"
"0531-6046","CONC SIDEWALKS (TY 46)","2024/2014","SY",62,58.28,58.28,32.64,125.35,17150,1063300,"500 Incidental"
"0531-6047","CONC SIDEWALKS (TY 47)","2024/2014","SY",64.48,62.55,60.61,33.28,128.8,18720,1207065.6,"500 Incidental"
"0531-6048","CONC SIDEWALKS (TY 48)","2024/2014","SY",66.96,66.96,62.94,33.92,132.25,20290,1358618.4,"500 Incidental"
"0531-6049","CONC SIDEWALKS (TY 49)","2024/2014","SY",69.44,71.52,65.27,32,115,21860,1517958.4,"500 Incidental"
"0531-6050","CONC SIDEWALKS (TY 50)","2024/2014","SY",54.56,57.83,51.29,32.64,118.45,23430,1278340.8,"500 Incidental"
"0531-6051","CONC SIDEWALKS (TY 51)","2024/2014","SY",57.04,53.62,53.62,33.28,121.9,25000,1426000,"500 Incidental"
"0531-6052","CONC SIDEWALKS (TY 52)","2024/2014","SY",59.52,57.73,55.95,33.92,125.35,26570,1581446.4,"500 Incidental"
"0531-6053","CONC SIDEWALKS (TY 53)","2024/2014","SY",62,62,58.28,32,128.8,28140,1744680,"500 Incidental"
"0531-6054","CONC SIDEWALKS (TY 54)","2024/2014","SY",64.48,66.41,60.61,32.64,132.25,29710,1915700.8,"500 Incidental"
"0531-6055","CONC SIDEWALKS (TY 55)","2024/2014","SY",66.96,70.98,62.94,33.28,115,20480,1371340.8,"500 Incidental"
"0540-6001","METAL W-BEAM GUARD FENCE (TY 1)","2024/2014","LF",25.08,23.58,23.58,18,58,500,12540,"500 Incidental"
"0540-6002","METAL W-BEAM GUARD FENCE (TY 2)","2024/2014","LF",26.22,25.43,24.65,18.36,59.74,2070,54275.4,"500 Incidental"
"0540-6003","METAL W-BEAM GUARD FENCE (TY 3)","2024/2014","LF",27.36,27.36,25.72,18.72,61.48,3640,99590.4,"500 Incidental"
"0540-6004","METAL W-BEAM GUARD FENCE (TY 4)","2024/2014","LF",28.5,29.36,26.79,19.08,63.22,5210,148485,"500 Incidental"
"0540-6005","METAL W-BEAM GUARD FENCE (TY 5)","2024/2014","LF",29.64,31.42,27.86,18,64.96,6780,200959.2,"500 Incidental"
"0540-6006","METAL W-BEAM GUARD FENCE (TY 6)","2024/2014","LF",30.78,28.93,28.93,18.36,66.7,8350,257013,"500 Incidental"
"0540-6007","METAL W-BEAM GUARD FENCE (TY 7)","2024/2014","LF",31.92,30.96,30,18.72,58,9920,316646.4,"500 Incidental"
"0540-6008","METAL W-BEAM GUARD FENCE (TY 8)","2024/2014","LF",25.08,25.08,23.58,19.08,59.74,11490,288169.2,"500 Incidental"
"0540-6009","METAL W-BEAM GUARD FENCE (TY 9)","2024/2014","LF",26.22,27.01,24.65,18,61.48,13060,342433.2,"500 Incidental"
"0540-6010","METAL W-BEAM GUARD FENCE (TY 10)","2024/2014","LF",27.36,29,25.72,18.36,63.22,3830,104788.8,"500 Incidental"
"0540-6011","METAL W-BEAM GUARD FENCE (TY 11)","2024/2014","LF",28.5,26.79,26.79,18.72,64.96,5400,153900,"500 Incidental"
"0540-6012","METAL W-BEAM GUARD FENCE (TY 12)","2024/2014","LF",29.64,28.75,27.86,19.08,66.7,6970,206590.8,"500 Incidental"
"0540-6013","METAL W-BEAM GUARD FENCE (TY 13)","2024/2014","LF",30.78,30.78,28.93,18,58,8540,262861.2,"500 Incidental"
"0540-6014","METAL W-BEAM GUARD FENCE (TY 14)","2024/2014","LF",31.92,32.88,30,18.36,59.74,10110,322711.2,"500 Incidental"
"0540-6015","METAL W-BEAM GUARD FENCE (TY 15)","2024/2014","LF",25.08,26.58,23.58,18.72,61.48,11680,292934.4,"500 Incidental"
"0540-6016","METAL W-BEAM GUARD FENCE (TY 16)","2024/2014","LF",26.22,24.65,24.65,19.08,63.22,13250,347415,"500 Incidental"
"0540-6017","METAL W-BEAM GUARD FENCE (TY 17)","2024/2014","LF",27.36,26.54,25.72,18,64.96,14820,405475.2,"500 Incidental"
"0540-6018","METAL W-BEAM GUARD FENCE (TY 18)","2024/2014","LF",28.5,28.5,26.79,18.36,66.7,16390,467115,"500 Incidental"
"0540-6019","METAL W-BEAM GUARD FENCE (TY 19)","2024/2014","LF",29.64,30.53,27.86,18.72,58,7160,212222.4,"500 Incidental"
"0540-6020","METAL W-BEAM GUARD FENCE (TY 20)","2024/2014","LF",30.78,32.63,28.93,19.08,59.74,8730,268709.4,"500 Incidental"
"0540-6021","METAL W-BEAM GUARD FENCE (TY 21)","2024/2014","LF",31.92,30,30,18,61.48,10300,328776,"500 Incidental"
"0540-6022","METAL W-BEAM GUARD FENCE (TY 22)","2024/2014","LF",25.08,24.33,23.58,18.36,63.22,11870,297699.6,"500 Incidental"
"0540-6023","METAL W-BEAM GUARD FENCE (TY 23)","2024/2014","LF",26.22,26.22,24.65,18.72,64.96,13440,352396.8,"500 Incidental"
"0540-6024","METAL W-BEAM GUARD FENCE (TY 24)","2024/2014","LF",27.36,28.18,25.72,19.08,66.7,15010,410673.6,"500 Incidental"
"0540-6025","METAL W-BEAM GUARD FENCE (TY 25)","2024/2014","LF",28.5,30.21,26.79,18,58,16580,472530,"500 Incidental"
"0540-6026","METAL W-BEAM GUARD FENCE (TY 26)","2024/2014","LF",29.64,27.86,27.86,18.36,59.74,18150,537966,"500 Incidental"
"0540-6027","METAL W-BEAM GUARD FENCE (TY 27)","2024/2014","LF",30.78,29.86,28.93,18.72,61.48,19720,606981.6,"500 Incidental"
"0540-6028","METAL W-BEAM GUARD FENCE (TY 28)","2024/2014","LF",31.92,31.92,30,19.08,63.22,10490,334840.8,"500 Incidental"
"0540-6029","METAL W-BEAM GUARD FENCE (TY 29)","2024/2014","LF",25.08,25.83,23.58,18,64.96,12060,302464.8,"500 Incidental"
"0540-6030","METAL W-BEAM GUARD FENCE (TY 30)","2024/2014","LF",26.22,27.79,24.65,18.36,66.7,13630,357378.6,"500 Incidental"
"0540-6031","METAL W-BEAM GUARD FENCE (TY 31)","2024/2014","LF",27.36,25.72,25.72,18.72,58,15200,415872,"500 Incidental"
"0540-6032","METAL W-BEAM GUARD FENCE (TY 32)","2024/2014","LF",28.5,27.64,26.79,19.08,59.74,16770,477945,"500 Incidental"
"0540-6033","METAL W-BEAM GUARD FENCE (TY 33)","2024/2014","LF",29.64,29.64,27.86,18,61.48,18340,543597.6,"500 Incidental"
"0540-6034","METAL W-BEAM GUARD FENCE (TY 34)","2024/2014","LF",30.78,31.7,28.93,18.36,63.22,19910,612829.8,"500 Incidental"
"0540-6035","METAL W-BEAM GUARD FENCE (TY 35)","2024/2014","LF",31.92,33.84,30,18.72,64.96,21480,685641.6,"500 Incidental"
"0540-6036","METAL W-BEAM GUARD FENCE (TY 36)","2024/2014","LF",25.08,23.58,23.58,19.08,66.7,23050,578094,"500 Incidental"
"0540-6037","METAL W-BEAM GUARD FENCE (TY 37)","2024/2014","LF",26.22,25.43,24.65,18,58,13820,362360.4,"500 Incidental"
"0540-6038","METAL W-BEAM GUARD FENCE (TY 38)","2024/2014","LF",27.36,27.36,25.72,18.36,59.74,15390,421070.4,"500 Incidental"
"0540-6039","METAL W-BEAM GUARD FENCE (TY 39)","2024/2014","LF",28.5,29.36,26.79,18.72,61.48,16960,483360,"500 Incidental"
"0540-6040","METAL W-BEAM GUARD FENCE (TY 40)","2024/2014","LF",29.64,31.42,27.86,19.08,63.22,18530,549229.2,"500 Incidental"
"0540-6041","METAL W-BEAM GUARD FENCE (TY 41)","2024/2014","LF",30.78,28.93,28.93,18,64.96,20100,618678,"500 Incidental"
"0540-6042","METAL W-BEAM GUARD FENCE (TY 42)","2024/2014","LF",31.92,30.96,30,18.36,66.7,21670,691706.4,"500 Incidental"
"0540-6043","METAL W-BEAM GUARD FENCE (TY 43)","2024/2014","LF",25.08,25.08,23.58,18.72,58,23240,582859.2,"500 Incidental"
"0540-6044","METAL W-BEAM GUARD FENCE (TY 44)","2024/2014","LF",26.22,27.01,24.65,19.08,59.74,24810,650518.2,"500 Incidental"
"0540-6045","METAL W-BEAM GUARD FENCE (TY 45)","2024/2014","LF",27.36,29,25.72,18,61.48,26380,721756.8,"500 Incidental"
"0540-6046","METAL W-BEAM GUARD FENCE (TY 46)","2024/2014","LF",28.5,26.79,26.79,18.36,63.22,17150,488775,"500 Incidental"
"0540-6047","METAL W-BEAM GUARD FENCE (TY 47)","2024/2014","LF",29.64,28.75,27.86,18.72,64.96,18720,554860.8,"500 Incidental"
"0540-6048","METAL W-BEAM GUARD FENCE (TY 48)","2024/2014","LF",30.78,30.78,28.93,19.08,66.7,20290,624526.2,"500 Incidental"
"0540-6049","METAL W-BEAM GUARD FENCE (TY 49)","2024/2014","LF",31.92,32.88,30,18,58,21860,697771.2,"500 Incidental"
"0540-6050","METAL W-BEAM GUARD FENCE (TY 50)","2024/2014","LF",25.08,26.58,23.58,18.36,59.74,23430,587624.4,"500 Incidental"
"0540-6051","METAL W-BEAM GUARD FENCE (TY 51)","2024/2014","LF",26.22,24.65,24.65,18.72,61.48,25000,655500,"500 Incidental"
"0540-6052","METAL W-BEAM GUARD FENCE (TY 52)","2024/2014","LF",27.36,26.54,25.72,19.08,63.22,26570,726955.2,"500 Incidental"
"0540-6053","METAL W-BEAM GUARD FENCE (TY 53)","2024/2014","LF",28.5,28.5,26.79,18,64.96,28140,801990,"500 Incidental"
"0540-6054","METAL W-BEAM GUARD FENCE (TY 54)","2024/2014","LF",29.64,30.53,27.86,18.36,66.7,29710,880604.4,"500 Incidental"
"0540-6055","METAL W-BEAM GUARD FENCE (TY 55)","2024/2014","LF",30.78,32.63,28.93,18.72,58,20480,630374.4,"500 Incidental"
"0540-6056","METAL W-BEAM GUARD FENCE (TY 56)","2024/2014","LF",31.92,30,30,19.08,59.74,22050,703836,"500 Incidental"
"0540-6057","METAL W-BEAM GUARD FENCE (TY 57)","2024/2014","LF",25.08,24.33,23.58,18,61.48,23620,592389.6,"500 Incidental"
"0540-6058","METAL W-BEAM GUARD FENCE (TY 58)","2024/2014","LF",26.22,26.22,24.65,18.36,63.22,25190,660481.8,"500 Incidental"
"0540-6059","METAL W-BEAM GUARD FENCE (TY 59)","2024/2014","LF",27.36,28.18,25.72,18.72,64.96,26760,732153.6,"500 Incidental"
"0540-6060","METAL W-BEAM GUARD FENCE (TY 60)","2024/2014","LF",28.5,30.21,26.79,19.08,66.7,28330,807405,"500 Incidental"
"0540-6061","METAL W-BEAM GUARD FENCE (TY 61)","2024/2014","LF",29.64,27.86,27.86,18,58,29900,886236,"500 Incidental"
"0540-6062","METAL W-BEAM GUARD FENCE (TY 62)","2024/2014","LF",30.78,29.86,28.93,18.36,59.74,31470,968646.6,"500 Incidental"
"0540-6063","METAL W-BEAM GUARD FENCE (TY 63)","2024/2014","LF",31.92,31.92,30,18.72,61.48,33040,1054636.8,"500 Incidental"
"0540-6064","METAL W-BEAM GUARD FENCE (TY 64)","2024/2014","LF",25.08,25.83,23.58,19.08,63.22,23810,597154.8,"500 Incidental"
"0540-6065","METAL W-BEAM GUARD FENCE (TY 65)","2024/2014","LF",26.22,27.79,24.65,18,64.96,25380,665463.6,"500 Incidental"
"0540-6066","METAL W-BEAM GUARD FENCE (TY 66)","2024/2014","LF",27.36,25.72,25.72,18.36,66.7,26950,737352,"500 Incidental"
"0540-6067","METAL W-BEAM GUARD FENCE (TY 67)","2024/2014","LF",28.5,27.64,26.79,18.72,58,28520,812820,"500 Incidental"
"0540-6068","METAL W-BEAM GUARD FENCE (TY 68)","2024/2014","LF",29.64,29.64,27.86,19.08,59.74,30090,891867.6,"500 Incidental"
"0540-6069","METAL W-BEAM GUARD FENCE (TY 69)","2024/2014","LF",30.78,31.7,28.93,18,61.48,31660,974494.8,"500 Incidental"
"0540-6070","METAL W-BEAM GUARD FENCE (TY 70)","2024/2014","LF",31.92,33.84,30,18.36,63.22,33230,1060701.6,"500 Incidental"
"0540-6071","METAL W-BEAM GUARD FENCE (TY 71)","2024/2014","LF",25.08,23.58,23.58,18.72,64.96,34800,872784,"500 Incidental"
"0540-6072","METAL W-BEAM GUARD FENCE (TY 72)","2024/2014","LF",26.22,25.43,24.65,19.08,66.7,36370,953621.4,"500 Incidental"
"0540-6073","METAL W-BEAM GUARD FENCE (TY 73)","2024/2014","LF",27.36,27.36,25.72,18,58,27140,742550.4,"500 Incidental"
"0540-6074","METAL W-BEAM GUARD FENCE (TY 74)","2024/2014","LF",28.5,29.36,26.79,18.36,59.74,28710,818235,"500 Incidental"
"0540-6075","METAL W-BEAM GUARD FENCE (TY 75)","2024/2014","LF",29.64,31.42,27.86,18.72,61.48,30280,897499.2,"500 Incidental"
"0540-6076","METAL W-BEAM GUARD FENCE (TY 76)","2024/2014","LF",30.78,28.93,28.93,19.08,63.22,31850,980343,"500 Incidental"
"0540-6077","METAL W-BEAM GUARD FENCE (TY 77)","2024/2014","LF",31.92,30.96,30,18,64.96,33420,1066766.4,"500 Incidental"
"0540-6078","METAL W-BEAM GUARD FENCE (TY 78)","2024/2014","LF",25.08,25.08,23.58,18.36,66.7,34990,877549.2,"500 Incidental"
"0540-6079","METAL W-BEAM GUARD FENCE (TY 79)","2024/2014","LF",26.22,27.01,24.65,18.72,58,36560,958603.2,"500 Incidental"
"0540-6080","METAL W-BEAM GUARD FENCE (TY 80)","2024/2014","LF",27.36,29,25.72,19.08,59.74,38130,1043236.8,"500 Incidental"
"0540-6081","METAL W-BEAM GUARD FENCE (TY 81)","2024/2014","LF",28.5,26.79,26.79,18,61.48,39700,1131450,"500 Incidental"
"0540-6082","METAL W-BEAM GUARD FENCE (TY 82)","2024/2014","LF",29.64,28.75,27.86,18.36,63.22,30470,903130.8,"500 Incidental"
"0540-6083","METAL W-BEAM GUARD FENCE (TY 83)","2024/2014","LF",30.78,30.78,28.93,18.72,64.96,32040,986191.2,"500 Incidental"
"0540-6084","METAL W-BEAM GUARD FENCE (TY 84)","2024/2014","LF",31.92,32.88,30,19.08,66.7,33610,1072831.2,"500 Incidental"
"0540-6085","METAL W-BEAM GUARD FENCE (TY 85)","2024/2014","LF",25.08,26.58,23.58,18,58,35180,882314.4,"500 Incidental"
"0540-6086","METAL W-BEAM GUARD FENCE (TY 86)","2024/2014","LF",26.22,24.65,24.65,18.36,59.74,36750,963585,"500 Incidental"
"0540-6087","METAL W-BEAM GUARD FENCE (TY 87)","2024/2014","LF",27.36,26.54,25.72,18.72,61.48,38320,1048435.2,"500 Incidental"
"0540-6088","METAL W-BEAM GUARD FENCE (TY 88)","2024/2014","LF",28.5,28.5,26.79,19.08,63.22,39890,1136865,"500 Incidental"
"0540-6089","METAL W-BEAM GUARD FENCE (TY 89)","2024/2014","LF",29.64,30.53,27.86,18,64.96,41460,1228874.4,"500 Incidental"
"0540-6090","METAL W-BEAM GUARD FENCE (TY 90)","2024/2014","LF",30.78,32.63,28.93,18.36,66.7,43030,1324463.4,"500 Incidental"
"0540-6091","METAL W-BEAM GUARD FENCE (TY 91)","2024/2014","LF",31.92,30,30,18.72,58,33800,1078896,"500 Incidental"
"0540-6092","METAL W-BEAM GUARD FENCE (TY 92)","2024/2014","LF",25.08,24.33,23.58,19.08,59.74,35370,887079.6,"500 Incidental"
"0540-6093","METAL W-BEAM GUARD FENCE (TY 93)","2024/2014","LF",26.22,26.22,24.65,18,61.48,36940,968566.8,"500 Incidental"
"0540-6094","METAL W-BEAM GUARD FENCE (TY 94)","2024/2014","LF",27.36,28.18,25.72,18.36,63.22,38510,1053633.6,"500 Incidental"
"0540-6095","METAL W-BEAM GUARD FENCE (TY 95)","2024/2014","LF",28.5,30.21,26.79,18.72,64.96,40080,1142280,"500 Incidental"
"0544-6001","GUARDRAIL END TREATMENT (TY 1)","2024/2014","EA",3124,2936.56,2936.56,2400,5800,500,1562000,"500 Incidental"
"0544-6002","GUARDRAIL END TREATMENT (TY 2)","2024/2014","EA",3266,3168.02,3070.04,2448,5974,2070,6760620,"500 Incidental"
"0544-6003","GUARDRAIL END TREATMENT (TY 3)","2024/2014","EA",3408,3408,3203.52,2496,6148,3640,12405120,"500 Incidental"
"0544-6004","GUARDRAIL END TREATMENT (TY 4)","2024/2014","EA",3550,3656.5,3337,2544,6322,5210,18495500,"500 Incidental"
"0544-6005","GUARDRAIL END TREATMENT (TY 5)","2024/2014","EA",3692,3913.52,3470.48,2400,6496,6780,25031760,"500 Incidental"
"0544-6006","GUARDRAIL END TREATMENT (TY 6)","2024/2014","EA",3834,3603.96,3603.96,2448,6670,8350,32013900,"500 Incidental"
"0544-6007","GUARDRAIL END TREATMENT (TY 7)","2024/2014","EA",3976,3856.72,3737.44,2496,5800,9920,39441920,"500 Incidental"
"0544-6008","GUARDRAIL END TREATMENT (TY 8)","2024/2014","EA",3124,3124,2936.56,2544,5974,11490,35894760,"500 Incidental"
"0544-6009","GUARDRAIL END TREATMENT (TY 9)","2024/2014","EA",3266,3363.98,3070.04,2400,6148,13060,42653960,"500 Incidental"
"0544-6010","GUARDRAIL END TREATMENT (TY 10)","2024/2014","EA",3408,3612.48,3203.52,2448,6322,3830,13052640,"500 Incidental"
"0544-6011","GUARDRAIL END TREATMENT (TY 11)","2024/2014","EA",3550,3337,3337,2496,6496,5400,19170000,"500 Incidental"
"0544-6012","GUARDRAIL END TREATMENT (TY 12)","2024/2014","EA",3692,3581.24,3470.48,2544,6670,6970,25733240,"500 Incidental"
"0544-6013","GUARDRAIL END TREATMENT (TY 13)","2024/2014","EA",3834,3834,3603.96,2400,5800,8540,32742360,"500 Incidental"
"0544-6014","GUARDRAIL END TREATMENT (TY 14)","2024/2014","EA",3976,4095.28,3737.44,2448,5974,10110,40197360,"500 Incidental"
"0544-6015","GUARDRAIL END TREATMENT (TY 15)","2024/2014","EA",3124,3311.44,2936.56,2496,6148,11680,36488320,"500 Incidental"
"0544-6016","GUARDRAIL END TREATMENT (TY 16)","2024/2014","EA",3266,3070.04,3070.04,2544,6322,13250,43274500,"500 Incidental"
"0544-6017","GUARDRAIL END TREATMENT (TY 17)","2024/2014","EA",3408,3305.76,3203.52,2400,6496,14820,50506560,"500 Incidental"
"0544-6018","GUARDRAIL END TREATMENT (TY 18)","2024/2014","EA",3550,3550,3337,2448,6670,16390,58184500,"500 Incidental"
"0544-6019","GUARDRAIL END TREATMENT (TY 19)","2024/2014","EA",3692,3802.76,3470.48,2496,5800,7160,26434720,"500 Incidental"
"0544-6020","GUARDRAIL END TREATMENT (TY 20)","2024/2014","EA",3834,4064.04,3603.96,2544,5974,8730,33470820,"500 Incidental"
"0544-6021","GUARDRAIL END TREATMENT (TY 21)","2024/2014","EA",3976,3737.44,3737.44,2400,6148,10300,40952800,"500 Incidental"
"0544-6022","GUARDRAIL END TREATMENT (TY 22)","2024/2014","EA",3124,3030.28,2936.56,2448,6322,11870,37081880,"500 Incidental"
"0544-6023","GUARDRAIL END TREATMENT (TY 23)","2024/2014","EA",3266,3266,3070.04,2496,6496,13440,43895040,"500 Incidental"
"0544-6024","GUARDRAIL END TREATMENT (TY 24)","2024/2014","EA",3408,3510.24,3203.52,2544,6670,15010,51154080,"500 Incidental"
"0544-6025","GUARDRAIL END TREATMENT (TY 25)","2024/2014","EA",3550,3763,3337,2400,5800,16580,58859000,"500 Incidental"
"0544-6026","GUARDRAIL END TREATMENT (TY 26)","2024/2014","EA",3692,3470.48,3470.48,2448,5974,18150,67009800,"500 Incidental"
"0544-6027","GUARDRAIL END TREATMENT (TY 27)","2024/2014","EA",3834,3718.98,3603.96,2496,6148,19720,75606480,"500 Incidental"
"0544-6028","GUARDRAIL END TREATMENT (TY 28)","2024/2014","EA",3976,3976,3737.44,2544,6322,10490,41708240,"500 Incidental"
"0544-6029","GUARDRAIL END TREATMENT (TY 29)","2024/2014","EA",3124,3217.72,2936.56,2400,6496,12060,37675440,"500 Incidental"
"0544-6030","GUARDRAIL END TREATMENT (TY 30)","2024/2014","EA",3266,3461.96,3070.04,2448,6670,13630,44515580,"500 Incidental"
"0544-6031","GUARDRAIL END TREATMENT (TY 31)","2024/2014","EA",3408,3203.52,3203.52,2496,5800,15200,51801600,"500 Incidental"
"0544-6032","GUARDRAIL END TREATMENT (TY 32)","2024/2014","EA",3550,3443.5,3337,2544,5974,16770,59533500,"500 Incidental"
"0544-6033","GUARDRAIL END TREATMENT (TY 33)","2024/2014","EA",3692,3692,3470.48,2400,6148,18340,67711280,"500 Incidental"
"0544-6034","GUARDRAIL END TREATMENT (TY 34)","2024/2014","EA",3834,3949.02,3603.96,2448,6322,19910,76334940,"500 Incidental"
"0544-6035","GUARDRAIL END TREATMENT (TY 35)","2024/2014","EA",3976,4214.56,3737.44,2496,6496,21480,85404480,"500 Incidental"
"0544-6036","GUARDRAIL END TREATMENT (TY 36)","2024/2014","EA",3124,2936.56,2936.56,2544,6670,23050,72008200,"500 Incidental"
"0544-6037","GUARDRAIL END TREATMENT (TY 37)","2024/2014","EA",3266,3168.02,3070.04,2400,5800,13820,45136120,"500 Incidental"
"0544-6038","GUARDRAIL END TREATMENT (TY 38)","2024/2014","EA",3408,3408,3203.52,2448,5974,15390,52449120,"500 Incidental"
"0544-6039","GUARDRAIL END TREATMENT (TY 39)","2024/2014","EA",3550,3656.5,3337,2496,6148,16960,60208000,"500 Incidental"
"0544-6040","GUARDRAIL END TREATMENT (TY 40)","2024/2014","EA",3692,3913.52,3470.48,2544,6322,18530,68412760,"500 Incidental"
"0545-6001","CRASH CUSHION ATTENUATOR (TY 1)","2024/2014","EA",8624,8106.56,8106.56,4500,24500,500,4312000,"500 Incidental"
"0545-6002","CRASH CUSHION ATTENUATOR (TY 2)","2024/2014","EA",9016,8745.52,8475.04,4590,25235,2070,18663120,"500 Incidental"
"0545-6003","CRASH CUSHION ATTENUATOR (TY 3)","2024/2014","EA",9408,9408,8843.52,4680,25970,3640,34245120,"500 Incidental"
"0545-6004","CRASH CUSHION ATTENUATOR (TY 4)","2024/2014","EA",9800,10094,9212,4770,26705,5210,51058000,"500 Incidental"
"0545-6005","CRASH CUSHION ATTENUATOR (TY 5)","2024/2014","EA",10192,10803.52,9580.48,4500,27440,6780,69101760,"500 Incidental"
"0545-6006","CRASH CUSHION ATTENUATOR (TY 6)","2024/2014","EA",10584,9948.96,9948.96,4590,28175,8350,88376400,"500 Incidental"
"0545-6007","CRASH CUSHION ATTENUATOR (TY 7)","2024/2014","EA",10976,10646.72,10317.44,4680,24500,9920,108881920,"500 Incidental"
"0545-6008","CRASH CUSHION ATTENUATOR (TY 8)","2024/2014","EA",8624,8624,8106.56,4770,25235,11490,99089760,"500 Incidental"
"0545-6009","CRASH CUSHION ATTENUATOR (TY 9)","2024/2014","EA",9016,9286.48,8475.04,4500,25970,13060,117748960,"500 Incidental"
"0545-6010","CRASH CUSHION ATTENUATOR (TY 10)","2024/2014","EA",9408,9972.48,8843.52,4590,26705,3830,36032640,"500 Incidental"
"0545-6011","CRASH CUSHION ATTENUATOR (TY 11)","2024/2014","EA",9800,9212,9212,4680,27440,5400,52920000,"500 Incidental"
"0545-6012","CRASH CUSHION ATTENUATOR (TY 12)","2024/2014","EA",10192,9886.24,9580.48,4770,28175,6970,71038240,"500 Incidental"
"0545-6013","CRASH CUSHION ATTENUATOR (TY 13)","2024/2014","EA",10584,10584,9948.96,4500,24500,8540,90387360,"500 Incidental"
"0545-6014","CRASH CUSHION ATTENUATOR (TY 14)","2024/2014","EA",10976,11305.28,10317.44,4590,25235,10110,110967360,"500 Incidental"
"0545-6015","CRASH CUSHION ATTENUATOR (TY 15)","2024/2014","EA",8624,9141.44,8106.56,4680,25970,11680,100728320,"500 Incidental"
"0545-6016","CRASH CUSHION ATTENUATOR (TY 16)","2024/2014","EA",9016,8475.04,8475.04,4770,26705,13250,119462000,"500 Incidental"
"0545-6017","CRASH CUSHION ATTENUATOR (TY 17)","2024/2014","EA",9408,9125.76,8843.52,4500,27440,14820,139426560,"500 Incidental"
"0545-6018","CRASH CUSHION ATTENUATOR (TY 18)","2024/2014","EA",9800,9800,9212,4590,28175,16390,160622000,"500 Incidental"
"0545-6019","CRASH CUSHION ATTENUATOR (TY 19)","2024/2014","EA",10192,10497.76,9580.48,4680,24500,7160,72974720,"500 Incidental"
"0545-6020","CRASH CUSHION ATTENUATOR (TY 20)","2024/2014","EA",10584,11219.04,9948.96,4770,25235,8730,92398320,"500 Incidental"
"0545-6021","CRASH CUSHION ATTENUATOR (TY 21)","2024/2014","EA",10976,10317.44,10317.44,4500,25970,10300,113052800,"500 Incidental"
"0545-6022","CRASH CUSHION ATTENUATOR (TY 22)","2024/2014","EA",8624,8365.28,8106.56,4590,26705,11870,102366880,"500 Incidental"
"0545-6023","CRASH CUSHION ATTENUATOR (TY 23)","2024/2014","EA",9016,9016,8475.04,4680,27440,13440,121175040,"500 Incidental"
"0545-6024","CRASH CUSHION ATTENUATOR (TY 24)","2024/2014","EA",9408,9690.24,8843.52,4770,28175,15010,141214080,"500 Incidental"
"0545-6025","CRASH CUSHION ATTENUATOR (TY 25)","2024/2014","EA",9800,10388,9212,4500,24500,16580,162484000,"500 Incidental"
"0545-6026","CRASH CUSHION ATTENUATOR (TY 26)","2024/2014","EA",10192,9580.48,9580.48,4590,25235,18150,184984800,"500 Incidental"
"0545-6027","CRASH CUSHION ATTENUATOR (TY 27)","2024/2014","EA",10584,10266.48,9948.96,4680,25970,19720,208716480,"500 Incidental"
"0545-6028","CRASH CUSHION ATTENUATOR (TY 28)","2024/2014","EA",10976,10976,10317.44,4770,26705,10490,115138240,"500 Incidental"
"0545-6029","CRASH CUSHION ATTENUATOR (TY 29)","2024/2014","EA",8624,8882.72,8106.56,4500,27440,12060,104005440,"500 Incidental"
"0545-6030","CRASH CUSHION ATTENUATOR (TY 30)","2024/2014","EA",9016,9556.96,8475.04,4590,28175,13630,122888080,"500 Incidental"
"0545-6031","CRASH CUSHION ATTENUATOR (TY 31)","2024/2014","EA",9408,8843.52,8843.52,4680,24500,15200,143001600,"500 Incidental"
"0545-6032","CRASH CUSHION ATTENUATOR (TY 32)","2024/2014","EA",9800,9506,9212,4770,25235,16770,164346000,"500 Incidental"
"0545-6033","CRASH CUSHION ATTENUATOR (TY 33)","2024/2014","EA",10192,10192,9580.48,4500,25970,18340,186921280,"500 Incidental"
"0545-6034","CRASH CUSHION ATTENUATOR (TY 34)","2024/2014","EA",10584,10901.52,9948.96,4590,26705,19910,210727440,"500 Incidental"
"0545-6035","CRASH CUSHION ATTENUATOR (TY 35)","2024/2014","EA",10976,11634.56,10317.44,4680,27440,21480,235764480,"500 Incidental"
"0545-6036","CRASH CUSHION ATTENUATOR (TY 36)","2024/2014","EA",8624,8106.56,8106.56,4770,28175,23050,198783200,"500 Incidental"
"0545-6037","CRASH CUSHION ATTENUATOR (TY 37)","2024/2014","EA",9016,8745.52,8475.04,4500,24500,13820,124601120,"500 Incidental"
"0545-6038","CRASH CUSHION ATTENUATOR (TY 38)","2024/2014","EA",9408,9408,8843.52,4590,25235,15390,144789120,"500 Incidental"
"0545-6039","CRASH CUSHION ATTENUATOR (TY 39)","2024/2014","EA",9800,10094,9212,4680,25970,16960,166208000,"500 Incidental"
"0545-6040","CRASH CUSHION ATTENUATOR (TY 40)","2024/2014","EA",10192,10803.52,9580.48,4770,26705,18530,188857760,"500 Incidental"
"0545-6041","CRASH CUSHION ATTENUATOR (TY 41)","2024/2014","EA",10584,9948.96,9948.96,4500,27440,20100,212738400,"500 Incidental"
"0545-6042","CRASH CUSHION ATTENUATOR (TY 42)","2024/2014","EA",10976,10646.72,10317.44,4590,28175,21670,237849920,"500 Incidental"
"0545-6043","CRASH CUSHION ATTENUATOR (TY 43)","2024/2014","EA",8624,8624,8106.56,4680,24500,23240,200421760,"500 Incidental"
"0545-6044","CRASH CUSHION ATTENUATOR (TY 44)","2024/2014","EA",9016,9286.48,8475.04,4770,25235,24810,223686960,"500 Incidental"
"0545-6045","CRASH CUSHION ATTENUATOR (TY 45)","2024/2014","EA",9408,9972.48,8843.52,4500,25970,26380,248183040,"500 Incidental"
"0545-6046","CRASH CUSHION ATTENUATOR (TY 46)","2024/2014","EA",9800,9212,9212,4590,26705,17150,168070000,"500 Incidental"
"0545-6047","CRASH CUSHION ATTENUATOR (TY 47)","2024/2014","EA",10192,9886.24,9580.48,4680,27440,18720,190794240,"500 Incidental"
"0545-6048","CRASH CUSHION ATTENUATOR (TY 48)","2024/2014","EA",10584,10584,9948.96,4770,28175,20290,214749360,"500 Incidental"
"0545-6049","CRASH CUSHION ATTENUATOR (TY 49)","2024/2014","EA",10976,11305.28,10317.44,4500,24500,21860,239935360,"500 Incidental"
"0545-6050","CRASH CUSHION ATTENUATOR (TY 50)","2024/2014","EA",8624,9141.44,8106.56,4590,25235,23430,202060320,"500 Incidental"
"0545-6051","CRASH CUSHION ATTENUATOR (TY 51)","2024/2014","EA",9016,8475.04,8475.04,4680,25970,25000,225400000,"500 Incidental"
"0545-6052","CRASH CUSHION ATTENUATOR (TY 52)","2024/2014","EA",9408,9125.76,8843.52,4770,26705,26570,249970560,"500 Incidental"
"0545-6053","CRASH CUSHION ATTENUATOR (TY 53)","2024/2014","EA",9800,9800,9212,4500,27440,28140,275772000,"500 Incidental"
"0545-6054","CRASH CUSHION ATTENUATOR (TY 54)","2024/2014","EA",10192,10497.76,9580.48,4590,28175,29710,302804320,"500 Incidental"
"0545-6055","CRASH CUSHION ATTENUATOR (TY 55)","2024/2014","EA",10584,11219.04,9948.96,4680,24500,20480,216760320,"500 Incidental"
"0545-6056","CRASH CUSHION ATTENUATOR (TY 56)","2024/2014","EA",10976,10317.44,10317.44,4770,25235,22050,242020800,"500 Incidental"
"0545-6057","CRASH CUSHION ATTENUATOR (TY 57)","2024/2014","EA",8624,8365.28,8106.56,4500,25970,23620,203698880,"500 Incidental"
"0545-6058","CRASH CUSHION ATTENUATOR (TY 58)","2024/2014","EA",9016,9016,8475.04,4590,26705,25190,227113040,"500 Incidental"
"0545-6059","CRASH CUSHION ATTENUATOR (TY 59)","2024/2014","EA",9408,9690.24,8843.52,4680,27440,26760,251758080,"500 Incidental"
"0545-6060","CRASH CUSHION ATTENUATOR (TY 60)","2024/2014","EA",9800,10388,9212,4770,28175,28330,277634000,"500 Incidental"
"0545-6061","CRASH CUSHION ATTENUATOR (TY 61)","2024/2014","EA",10192,9580.48,9580.48,4500,24500,29900,304740800,"500 Incidental"
"0545-6062","CRASH CUSHION ATTENUATOR (TY 62)","2024/2014","EA",10584,10266.48,9948.96,4590,25235,31470,333078480,"500 Incidental"
"0545-6063","CRASH CUSHION ATTENUATOR (TY 63)","2024/2014","EA",10976,10976,10317.44,4680,25970,33040,362647040,"500 Incidental"
"0545-6064","CRASH CUSHION ATTENUATOR (TY 64)","2024/2014","EA",8624,8882.72,8106.56,4770,26705,23810,205337440,"500 Incidental"
"0545-6065","CRASH CUSHION ATTENUATOR (TY 65)","2024/2014","EA",9016,9556.96,8475.04,4500,27440,25380,228826080,"500 Incidental"
"0545-6066","CRASH CUSHION ATTENUATOR (TY 66)","2024/2014","EA",9408,8843.52,8843.52,4590,28175,26950,253545600,"500 Incidental"
"0545-6067","CRASH CUSHION ATTENUATOR (TY 67)","2024/2014","EA",9800,9506,9212,4680,24500,28520,279496000,"500 Incidental"
"0545-6068","CRASH CUSHION ATTENUATOR (TY 68)","2024/2014","EA",10192,10192,9580.48,4770,25235,30090,306677280,"500 Incidental"
"0545-6069","CRASH CUSHION ATTENUATOR (TY 69)","2024/2014","EA",10584,10901.52,9948.96,4500,25970,31660,335089440,"500 Incidental"
"0545-6070","CRASH CUSHION ATTENUATOR (TY 70)","2024/2014","EA",10976,11634.56,10317.44,4590,26705,33230,364732480,"500 Incidental"
"0545-6071","CRASH CUSHION ATTENUATOR (TY 71)","2024/2014","EA",8624,8106.56,8106.56,4680,27440,34800,300115200,"500 Incidental"
"0545-6072","CRASH CUSHION ATTENUATOR (TY 72)","2024/2014","EA",9016,8745.52,8475.04,4770,28175,36370,327911920,"500 Incidental"
"0545-6073","CRASH CUSHION ATTENUATOR (TY 73)","2024/2014","EA",9408,9408,8843.52,4500,24500,27140,255333120,"500 Incidental"
"0545-6074","CRASH CUSHION ATTENUATOR (TY 74)","2024/2014","EA",9800,10094,9212,4590,25235,28710,281358000,"500 Incidental"
"0545-6075","CRASH CUSHION ATTENUATOR (TY 75)","2024/2014","EA",10192,10803.52,9580.48,4680,25970,30280,308613760,"500 Incidental"
"0545-6076","CRASH CUSHION ATTENUATOR (TY 76)","2024/2014","EA",10584,9948.96,9948.96,4770,26705,31850,337100400,"500 Incidental"
"0545-6077","CRASH CUSHION ATTENUATOR (TY 77)","2024/2014","EA",10976,10646.72,10317.44,4500,27440,33420,366817920,"500 Incidental"
"0545-6078","CRASH CUSHION ATTENUATOR (TY 78)","2024/2014","EA",8624,8624,8106.56,4590,28175,34990,301753760,"500 Incidental"
"0545-6079","CRASH CUSHION ATTENUATOR (TY 79)","2024/2014","EA",9016,9286.48,8475.04,4680,24500,36560,329624960,"500 Incidental"
"0545-6080","CRASH CUSHION ATTENUATOR (TY 80)","2024/2014","EA",9408,9972.48,8843.52,4770,25235,38130,358727040,"500 Incidental"
"0618-6001","CONDUIT (PVC / RIGID METAL) (TY 1)","2024/2014","LF",19.8,18.61,18.61,8.5,68,500,9900,"600 Safety & Traffic"
"0618-6002","CONDUIT (PVC / RIGID METAL) (TY 2)","2024/2014","LF",20.7,20.08,19.46,8.67,70.04,2070,42849,"600 Safety & Traffic"
"0618-6003","CONDUIT (PVC / RIGID METAL) (TY 3)","2024/2014","LF",21.6,21.6,20.3,8.84,72.08,3640,78624,"600 Safety & Traffic"
"0618-6004","CONDUIT (PVC / RIGID METAL) (TY 4)","2024/2014","LF",22.5,23.18,21.15,9.01,74.12,5210,117225,"600 Safety & Traffic"
"0618-6005","CONDUIT (PVC / RIGID METAL) (TY 5)","2024/2014","LF",23.4,24.8,22,8.5,76.16,6780,158652,"600 Safety & Traffic"
"0618-6006","CONDUIT (PVC / RIGID METAL) (TY 6)","2024/2014","LF",24.3,22.84,22.84,8.67,78.2,8350,202905,"600 Safety & Traffic"
"0618-6007","CONDUIT (PVC / RIGID METAL) (TY 7)","2024/2014","LF",25.2,24.44,23.69,8.84,68,9920,249984,"600 Safety & Traffic"
"0618-6008","CONDUIT (PVC / RIGID METAL) (TY 8)","2024/2014","LF",19.8,19.8,18.61,9.01,70.04,11490,227502,"600 Safety & Traffic"
"0618-6009","CONDUIT (PVC / RIGID METAL) (TY 9)","2024/2014","LF",20.7,21.32,19.46,8.5,72.08,13060,270342,"600 Safety & Traffic"
"0618-6010","CONDUIT (PVC / RIGID METAL) (TY 10)","2024/2014","LF",21.6,22.9,20.3,8.67,74.12,3830,82728,"600 Safety & Traffic"
"0618-6011","CONDUIT (PVC / RIGID METAL) (TY 11)","2024/2014","LF",22.5,21.15,21.15,8.84,76.16,5400,121500,"600 Safety & Traffic"
"0618-6012","CONDUIT (PVC / RIGID METAL) (TY 12)","2024/2014","LF",23.4,22.7,22,9.01,78.2,6970,163098,"600 Safety & Traffic"
"0618-6013","CONDUIT (PVC / RIGID METAL) (TY 13)","2024/2014","LF",24.3,24.3,22.84,8.5,68,8540,207522,"600 Safety & Traffic"
"0618-6014","CONDUIT (PVC / RIGID METAL) (TY 14)","2024/2014","LF",25.2,25.96,23.69,8.67,70.04,10110,254772,"600 Safety & Traffic"
"0618-6015","CONDUIT (PVC / RIGID METAL) (TY 15)","2024/2014","LF",19.8,20.99,18.61,8.84,72.08,11680,231264,"600 Safety & Traffic"
"0618-6016","CONDUIT (PVC / RIGID METAL) (TY 16)","2024/2014","LF",20.7,19.46,19.46,9.01,74.12,13250,274275,"600 Safety & Traffic"
"0618-6017","CONDUIT (PVC / RIGID METAL) (TY 17)","2024/2014","LF",21.6,20.95,20.3,8.5,76.16,14820,320112,"600 Safety & Traffic"
"0618-6018","CONDUIT (PVC / RIGID METAL) (TY 18)","2024/2014","LF",22.5,22.5,21.15,8.67,78.2,16390,368775,"600 Safety & Traffic"
"0618-6019","CONDUIT (PVC / RIGID METAL) (TY 19)","2024/2014","LF",23.4,24.1,22,8.84,68,7160,167544,"600 Safety & Traffic"
"0618-6020","CONDUIT (PVC / RIGID METAL) (TY 20)","2024/2014","LF",24.3,25.76,22.84,9.01,70.04,8730,212139,"600 Safety & Traffic"
"0618-6021","CONDUIT (PVC / RIGID METAL) (TY 21)","2024/2014","LF",25.2,23.69,23.69,8.5,72.08,10300,259560,"600 Safety & Traffic"
"0618-6022","CONDUIT (PVC / RIGID METAL) (TY 22)","2024/2014","LF",19.8,19.21,18.61,8.67,74.12,11870,235026,"600 Safety & Traffic"
"0618-6023","CONDUIT (PVC / RIGID METAL) (TY 23)","2024/2014","LF",20.7,20.7,19.46,8.84,76.16,13440,278208,"600 Safety & Traffic"
"0618-6024","CONDUIT (PVC / RIGID METAL) (TY 24)","2024/2014","LF",21.6,22.25,20.3,9.01,78.2,15010,324216,"600 Safety & Traffic"
"0618-6025","CONDUIT (PVC / RIGID METAL) (TY 25)","2024/2014","LF",22.5,23.85,21.15,8.5,68,16580,373050,"600 Safety & Traffic"
"0618-6026","CONDUIT (PVC / RIGID METAL) (TY 26)","2024/2014","LF",23.4,22,22,8.67,70.04,18150,424710,"600 Safety & Traffic"
"0618-6027","CONDUIT (PVC / RIGID METAL) (TY 27)","2024/2014","LF",24.3,23.57,22.84,8.84,72.08,19720,479196,"600 Safety & Traffic"
"0618-6028","CONDUIT (PVC / RIGID METAL) (TY 28)","2024/2014","LF",25.2,25.2,23.69,9.01,74.12,10490,264348,"600 Safety & Traffic"
"0618-6029","CONDUIT (PVC / RIGID METAL) (TY 29)","2024/2014","LF",19.8,20.39,18.61,8.5,76.16,12060,238788,"600 Safety & Traffic"
"0618-6030","CONDUIT (PVC / RIGID METAL) (TY 30)","2024/2014","LF",20.7,21.94,19.46,8.67,78.2,13630,282141,"600 Safety & Traffic"
"0618-6031","CONDUIT (PVC / RIGID METAL) (TY 31)","2024/2014","LF",21.6,20.3,20.3,8.84,68,15200,328320,"600 Safety & Traffic"
"0618-6032","CONDUIT (PVC / RIGID METAL) (TY 32)","2024/2014","LF",22.5,21.82,21.15,9.01,70.04,16770,377325,"600 Safety & Traffic"
"0618-6033","CONDUIT (PVC / RIGID METAL) (TY 33)","2024/2014","LF",23.4,23.4,22,8.5,72.08,18340,429156,"600 Safety & Traffic"
"0618-6034","CONDUIT (PVC / RIGID METAL) (TY 34)","2024/2014","LF",24.3,25.03,22.84,8.67,74.12,19910,483813,"600 Safety & Traffic"
"0618-6035","CONDUIT (PVC / RIGID METAL) (TY 35)","2024/2014","LF",25.2,26.71,23.69,8.84,76.16,21480,541296,"600 Safety & Traffic"
"0618-6036","CONDUIT (PVC / RIGID METAL) (TY 36)","2024/2014","LF",19.8,18.61,18.61,9.01,78.2,23050,456390,"600 Safety & Traffic"
"0618-6037","CONDUIT (PVC / RIGID METAL) (TY 37)","2024/2014","LF",20.7,20.08,19.46,8.5,68,13820,286074,"600 Safety & Traffic"
"0618-6038","CONDUIT (PVC / RIGID METAL) (TY 38)","2024/2014","LF",21.6,21.6,20.3,8.67,70.04,15390,332424,"600 Safety & Traffic"
"0618-6039","CONDUIT (PVC / RIGID METAL) (TY 39)","2024/2014","LF",22.5,23.18,21.15,8.84,72.08,16960,381600,"600 Safety & Traffic"
"0618-6040","CONDUIT (PVC / RIGID METAL) (TY 40)","2024/2014","LF",23.4,24.8,22,9.01,74.12,18530,433602,"600 Safety & Traffic"
"0618-6041","CONDUIT (PVC / RIGID METAL) (TY 41)","2024/2014","LF",24.3,22.84,22.84,8.5,76.16,20100,488430,"600 Safety & Traffic"
"0618-6042","CONDUIT (PVC / RIGID METAL) (TY 42)","2024/2014","LF",25.2,24.44,23.69,8.67,78.2,21670,546084,"600 Safety & Traffic"
"0618-6043","CONDUIT (PVC / RIGID METAL) (TY 43)","2024/2014","LF",19.8,19.8,18.61,8.84,68,23240,460152,"600 Safety & Traffic"
"0618-6044","CONDUIT (PVC / RIGID METAL) (TY 44)","2024/2014","LF",20.7,21.32,19.46,9.01,70.04,24810,513567,"600 Safety & Traffic"
"0618-6045","CONDUIT (PVC / RIGID METAL) (TY 45)","2024/2014","LF",21.6,22.9,20.3,8.5,72.08,26380,569808,"600 Safety & Traffic"
"0618-6046","CONDUIT (PVC / RIGID METAL) (TY 46)","2024/2014","LF",22.5,21.15,21.15,8.67,74.12,17150,385875,"600 Safety & Traffic"
"0618-6047","CONDUIT (PVC / RIGID METAL) (TY 47)","2024/2014","LF",23.4,22.7,22,8.84,76.16,18720,438048,"600 Safety & Traffic"
"0618-6048","CONDUIT (PVC / RIGID METAL) (TY 48)","2024/2014","LF",24.3,24.3,22.84,9.01,78.2,20290,493047,"600 Safety & Traffic"
"0618-6049","CONDUIT (PVC / RIGID METAL) (TY 49)","2024/2014","LF",25.2,25.96,23.69,8.5,68,21860,550872,"600 Safety & Traffic"
"0618-6050","CONDUIT (PVC / RIGID METAL) (TY 50)","2024/2014","LF",19.8,20.99,18.61,8.67,70.04,23430,463914,"600 Safety & Traffic"
"0618-6051","CONDUIT (PVC / RIGID METAL) (TY 51)","2024/2014","LF",20.7,19.46,19.46,8.84,72.08,25000,517500,"600 Safety & Traffic"
"0618-6052","CONDUIT (PVC / RIGID METAL) (TY 52)","2024/2014","LF",21.6,20.95,20.3,9.01,74.12,26570,573912,"600 Safety & Traffic"
"0618-6053","CONDUIT (PVC / RIGID METAL) (TY 53)","2024/2014","LF",22.5,22.5,21.15,8.5,76.16,28140,633150,"600 Safety & Traffic"
"0618-6054","CONDUIT (PVC / RIGID METAL) (TY 54)","2024/2014","LF",23.4,24.1,22,8.67,78.2,29710,695214,"600 Safety & Traffic"
"0618-6055","CONDUIT (PVC / RIGID METAL) (TY 55)","2024/2014","LF",24.3,25.76,22.84,8.84,68,20480,497664,"600 Safety & Traffic"
"0618-6056","CONDUIT (PVC / RIGID METAL) (TY 56)","2024/2014","LF",25.2,23.69,23.69,9.01,70.04,22050,555660,"600 Safety & Traffic"
"0618-6057","CONDUIT (PVC / RIGID METAL) (TY 57)","2024/2014","LF",19.8,19.21,18.61,8.5,72.08,23620,467676,"600 Safety & Traffic"
"0618-6058","CONDUIT (PVC / RIGID METAL) (TY 58)","2024/2014","LF",20.7,20.7,19.46,8.67,74.12,25190,521433,"600 Safety & Traffic"
"0618-6059","CONDUIT (PVC / RIGID METAL) (TY 59)","2024/2014","LF",21.6,22.25,20.3,8.84,76.16,26760,578016,"600 Safety & Traffic"
"0618-6060","CONDUIT (PVC / RIGID METAL) (TY 60)","2024/2014","LF",22.5,23.85,21.15,9.01,78.2,28330,637425,"600 Safety & Traffic"
"0618-6061","CONDUIT (PVC / RIGID METAL) (TY 61)","2024/2014","LF",23.4,22,22,8.5,68,29900,699660,"600 Safety & Traffic"
"0618-6062","CONDUIT (PVC / RIGID METAL) (TY 62)","2024/2014","LF",24.3,23.57,22.84,8.67,70.04,31470,764721,"600 Safety & Traffic"
"0618-6063","CONDUIT (PVC / RIGID METAL) (TY 63)","2024/2014","LF",25.2,25.2,23.69,8.84,72.08,33040,832608,"600 Safety & Traffic"
"0618-6064","CONDUIT (PVC / RIGID METAL) (TY 64)","2024/2014","LF",19.8,20.39,18.61,9.01,74.12,23810,471438,"600 Safety & Traffic"
"0618-6065","CONDUIT (PVC / RIGID METAL) (TY 65)","2024/2014","LF",20.7,21.94,19.46,8.5,76.16,25380,525366,"600 Safety & Traffic"
"0618-6066","CONDUIT (PVC / RIGID METAL) (TY 66)","2024/2014","LF",21.6,20.3,20.3,8.67,78.2,26950,582120,"600 Safety & Traffic"
"0618-6067","CONDUIT (PVC / RIGID METAL) (TY 67)","2024/2014","LF",22.5,21.82,21.15,8.84,68,28520,641700,"600 Safety & Traffic"
"0618-6068","CONDUIT (PVC / RIGID METAL) (TY 68)","2024/2014","LF",23.4,23.4,22,9.01,70.04,30090,704106,"600 Safety & Traffic"
"0618-6069","CONDUIT (PVC / RIGID METAL) (TY 69)","2024/2014","LF",24.3,25.03,22.84,8.5,72.08,31660,769338,"600 Safety & Traffic"
"0618-6070","CONDUIT (PVC / RIGID METAL) (TY 70)","2024/2014","LF",25.2,26.71,23.69,8.67,74.12,33230,837396,"600 Safety & Traffic"
"0618-6071","CONDUIT (PVC / RIGID METAL) (TY 71)","2024/2014","LF",19.8,18.61,18.61,8.84,76.16,34800,689040,"600 Safety & Traffic"
"0618-6072","CONDUIT (PVC / RIGID METAL) (TY 72)","2024/2014","LF",20.7,20.08,19.46,9.01,78.2,36370,752859,"600 Safety & Traffic"
"0618-6073","CONDUIT (PVC / RIGID METAL) (TY 73)","2024/2014","LF",21.6,21.6,20.3,8.5,68,27140,586224,"600 Safety & Traffic"
"0618-6074","CONDUIT (PVC / RIGID METAL) (TY 74)","2024/2014","LF",22.5,23.18,21.15,8.67,70.04,28710,645975,"600 Safety & Traffic"
"0618-6075","CONDUIT (PVC / RIGID METAL) (TY 75)","2024/2014","LF",23.4,24.8,22,8.84,72.08,30280,708552,"600 Safety & Traffic"
"0618-6076","CONDUIT (PVC / RIGID METAL) (TY 76)","2024/2014","LF",24.3,22.84,22.84,9.01,74.12,31850,773955,"600 Safety & Traffic"
"0618-6077","CONDUIT (PVC / RIGID METAL) (TY 77)","2024/2014","LF",25.2,24.44,23.69,8.5,76.16,33420,842184,"600 Safety & Traffic"
"0618-6078","CONDUIT (PVC / RIGID METAL) (TY 78)","2024/2014","LF",19.8,19.8,18.61,8.67,78.2,34990,692802,"600 Safety & Traffic"
"0618-6079","CONDUIT (PVC / RIGID METAL) (TY 79)","2024/2014","LF",20.7,21.32,19.46,8.84,68,36560,756792,"600 Safety & Traffic"
"0618-6080","CONDUIT (PVC / RIGID METAL) (TY 80)","2024/2014","LF",21.6,22.9,20.3,9.01,70.04,38130,823608,"600 Safety & Traffic"
"0618-6081","CONDUIT (PVC / RIGID METAL) (TY 81)","2024/2014","LF",22.5,21.15,21.15,8.5,72.08,39700,893250,"600 Safety & Traffic"
"0618-6082","CONDUIT (PVC / RIGID METAL) (TY 82)","2024/2014","LF",23.4,22.7,22,8.67,74.12,30470,712998,"600 Safety & Traffic"
"0618-6083","CONDUIT (PVC / RIGID METAL) (TY 83)","2024/2014","LF",24.3,24.3,22.84,8.84,76.16,32040,778572,"600 Safety & Traffic"
"0618-6084","CONDUIT (PVC / RIGID METAL) (TY 84)","2024/2014","LF",25.2,25.96,23.69,9.01,78.2,33610,846972,"600 Safety & Traffic"
"0618-6085","CONDUIT (PVC / RIGID METAL) (TY 85)","2024/2014","LF",19.8,20.99,18.61,8.5,68,35180,696564,"600 Safety & Traffic"
"0618-6086","CONDUIT (PVC / RIGID METAL) (TY 86)","2024/2014","LF",20.7,19.46,19.46,8.67,70.04,36750,760725,"600 Safety & Traffic"
"0618-6087","CONDUIT (PVC / RIGID METAL) (TY 87)","2024/2014","LF",21.6,20.95,20.3,8.84,72.08,38320,827712,"600 Safety & Traffic"
"0618-6088","CONDUIT (PVC / RIGID METAL) (TY 88)","2024/2014","LF",22.5,22.5,21.15,9.01,74.12,39890,897525,"600 Safety & Traffic"
"0618-6089","CONDUIT (PVC / RIGID METAL) (TY 89)","2024/2014","LF",23.4,24.1,22,8.5,76.16,41460,970164,"600 Safety & Traffic"
"0618-6090","CONDUIT (PVC / RIGID METAL) (TY 90)","2024/2014","LF",24.3,25.76,22.84,8.67,78.2,43030,1045629,"600 Safety & Traffic"
"0618-6091","CONDUIT (PVC / RIGID METAL) (TY 91)","2024/2014","LF",25.2,23.69,23.69,8.84,68,33800,851760,"600 Safety & Traffic"
"0618-6092","CONDUIT (PVC / RIGID METAL) (TY 92)","2024/2014","LF",19.8,19.21,18.61,9.01,70.04,35370,700326,"600 Safety & Traffic"
"0618-6093","CONDUIT (PVC / RIGID METAL) (TY 93)","2024/2014","LF",20.7,20.7,19.46,8.5,72.08,36940,764658,"600 Safety & Traffic"
"0618-6094","CONDUIT (PVC / RIGID METAL) (TY 94)","2024/2014","LF",21.6,22.25,20.3,8.67,74.12,38510,831816,"600 Safety & Traffic"
"0618-6095","CONDUIT (PVC / RIGID METAL) (TY 95)","2024/2014","LF",22.5,23.85,21.15,8.84,76.16,40080,901800,"600 Safety & Traffic"
"0618-6096","CONDUIT (PVC / RIGID METAL) (TY 96)","2024/2014","LF",23.4,22,22,9.01,78.2,41650,974610,"600 Safety & Traffic"
"0618-6097","CONDUIT (PVC / RIGID METAL) (TY 97)","2024/2014","LF",24.3,23.57,22.84,8.5,68,43220,1050246,"600 Safety & Traffic"
"0618-6098","CONDUIT (PVC / RIGID METAL) (TY 98)","2024/2014","LF",25.2,25.2,23.69,8.67,70.04,44790,1128708,"600 Safety & Traffic"
"0618-6099","CONDUIT (PVC / RIGID METAL) (TY 99)","2024/2014","LF",19.8,20.39,18.61,8.84,72.08,46360,917928,"600 Safety & Traffic"
"0618-6100","CONDUIT (PVC / RIGID METAL) (TY 100)","2024/2014","LF",20.7,21.94,19.46,9.01,74.12,37130,768591,"600 Safety & Traffic"
"0618-6101","CONDUIT (PVC / RIGID METAL) (TY 101)","2024/2014","LF",21.6,20.3,20.3,8.5,76.16,38700,835920,"600 Safety & Traffic"
"0618-6102","CONDUIT (PVC / RIGID METAL) (TY 102)","2024/2014","LF",22.5,21.82,21.15,8.67,78.2,40270,906075,"600 Safety & Traffic"
"0618-6103","CONDUIT (PVC / RIGID METAL) (TY 103)","2024/2014","LF",23.4,23.4,22,8.84,68,41840,979056,"600 Safety & Traffic"
"0618-6104","CONDUIT (PVC / RIGID METAL) (TY 104)","2024/2014","LF",24.3,25.03,22.84,9.01,70.04,43410,1054863,"600 Safety & Traffic"
"0618-6105","CONDUIT (PVC / RIGID METAL) (TY 105)","2024/2014","LF",25.2,26.71,23.69,8.5,72.08,44980,1133496,"600 Safety & Traffic"
"0618-6106","CONDUIT (PVC / RIGID METAL) (TY 106)","2024/2014","LF",19.8,18.61,18.61,8.67,74.12,46550,921690,"600 Safety & Traffic"
"0618-6107","CONDUIT (PVC / RIGID METAL) (TY 107)","2024/2014","LF",20.7,20.08,19.46,8.84,76.16,48120,996084,"600 Safety & Traffic"
"0618-6108","CONDUIT (PVC / RIGID METAL) (TY 108)","2024/2014","LF",21.6,21.6,20.3,9.01,78.2,49690,1073304,"600 Safety & Traffic"
"0618-6109","CONDUIT (PVC / RIGID METAL) (TY 109)","2024/2014","LF",22.5,23.18,21.15,8.5,68,40460,910350,"600 Safety & Traffic"
"0618-6110","CONDUIT (PVC / RIGID METAL) (TY 110)","2024/2014","LF",23.4,24.8,22,8.67,70.04,42030,983502,"600 Safety & Traffic"
"0618-6111","CONDUIT (PVC / RIGID METAL) (TY 111)","2024/2014","LF",24.3,22.84,22.84,8.84,72.08,43600,1059480,"600 Safety & Traffic"
"0618-6112","CONDUIT (PVC / RIGID METAL) (TY 112)","2024/2014","LF",25.2,24.44,23.69,9.01,74.12,45170,1138284,"600 Safety & Traffic"
"0618-6113","CONDUIT (PVC / RIGID METAL) (TY 113)","2024/2014","LF",19.8,19.8,18.61,8.5,76.16,46740,925452,"600 Safety & Traffic"
"0618-6114","CONDUIT (PVC / RIGID METAL) (TY 114)","2024/2014","LF",20.7,21.32,19.46,8.67,78.2,48310,1000017,"600 Safety & Traffic"
"0618-6115","CONDUIT (PVC / RIGID METAL) (TY 115)","2024/2014","LF",21.6,22.9,20.3,8.84,68,49880,1077408,"600 Safety & Traffic"
"0618-6116","CONDUIT (PVC / RIGID METAL) (TY 116)","2024/2014","LF",22.5,21.15,21.15,9.01,70.04,51450,1157625,"600 Safety & Traffic"
"0618-6117","CONDUIT (PVC / RIGID METAL) (TY 117)","2024/2014","LF",23.4,22.7,22,8.5,72.08,53020,1240668,"600 Safety & Traffic"
"0618-6118","CONDUIT (PVC / RIGID METAL) (TY 118)","2024/2014","LF",24.3,24.3,22.84,8.67,74.12,43790,1064097,"600 Safety & Traffic"
"0618-6119","CONDUIT (PVC / RIGID METAL) (TY 119)","2024/2014","LF",25.2,25.96,23.69,8.84,76.16,45360,1143072,"600 Safety & Traffic"
"0618-6120","CONDUIT (PVC / RIGID METAL) (TY 120)","2024/2014","LF",19.8,20.99,18.61,9.01,78.2,46930,929214,"600 Safety & Traffic"
"0620-6001","ELECTRICAL CONDUCTORS (TY 1)","2024/2014","LF",2.99,2.81,2.81,1.2,14.5,500,1495,"600 Safety & Traffic"
"0620-6002","ELECTRICAL CONDUCTORS (TY 2)","2024/2014","LF",3.13,3.04,2.94,1.22,14.94,2070,6479.1,"600 Safety & Traffic"
"0620-6003","ELECTRICAL CONDUCTORS (TY 3)","2024/2014","LF",3.26,3.26,3.06,1.25,15.37,3640,11866.4,"600 Safety & Traffic"
"0620-6004","ELECTRICAL CONDUCTORS (TY 4)","2024/2014","LF",3.4,3.5,3.2,1.27,15.81,5210,17714,"600 Safety & Traffic"
"0620-6005","ELECTRICAL CONDUCTORS (TY 5)","2024/2014","LF",3.54,3.75,3.33,1.2,16.24,6780,24001.2,"600 Safety & Traffic"
"0620-6006","ELECTRICAL CONDUCTORS (TY 6)","2024/2014","LF",3.67,3.45,3.45,1.22,16.67,8350,30644.5,"600 Safety & Traffic"
"0620-6007","ELECTRICAL CONDUCTORS (TY 7)","2024/2014","LF",3.81,3.7,3.58,1.25,14.5,9920,37795.2,"600 Safety & Traffic"
"0620-6008","ELECTRICAL CONDUCTORS (TY 8)","2024/2014","LF",2.99,2.99,2.81,1.27,14.94,11490,34355.1,"600 Safety & Traffic"
"0620-6009","ELECTRICAL CONDUCTORS (TY 9)","2024/2014","LF",3.13,3.22,2.94,1.2,15.37,13060,40877.8,"600 Safety & Traffic"
"0620-6010","ELECTRICAL CONDUCTORS (TY 10)","2024/2014","LF",3.26,3.46,3.06,1.22,15.81,3830,12485.8,"600 Safety & Traffic"
"0620-6011","ELECTRICAL CONDUCTORS (TY 11)","2024/2014","LF",3.4,3.2,3.2,1.25,16.24,5400,18360,"600 Safety & Traffic"
"0620-6012","ELECTRICAL CONDUCTORS (TY 12)","2024/2014","LF",3.54,3.43,3.33,1.27,16.67,6970,24673.8,"600 Safety & Traffic"
"0620-6013","ELECTRICAL CONDUCTORS (TY 13)","2024/2014","LF",3.67,3.67,3.45,1.2,14.5,8540,31341.8,"600 Safety & Traffic"
"0620-6014","ELECTRICAL CONDUCTORS (TY 14)","2024/2014","LF",3.81,3.92,3.58,1.22,14.94,10110,38519.1,"600 Safety & Traffic"
"0620-6015","ELECTRICAL CONDUCTORS (TY 15)","2024/2014","LF",2.99,3.17,2.81,1.25,15.37,11680,34923.2,"600 Safety & Traffic"
"0620-6016","ELECTRICAL CONDUCTORS (TY 16)","2024/2014","LF",3.13,2.94,2.94,1.27,15.81,13250,41472.5,"600 Safety & Traffic"
"0620-6017","ELECTRICAL CONDUCTORS (TY 17)","2024/2014","LF",3.26,3.16,3.06,1.2,16.24,14820,48313.2,"600 Safety & Traffic"
"0620-6018","ELECTRICAL CONDUCTORS (TY 18)","2024/2014","LF",3.4,3.4,3.2,1.22,16.67,16390,55726,"600 Safety & Traffic"
"0620-6019","ELECTRICAL CONDUCTORS (TY 19)","2024/2014","LF",3.54,3.65,3.33,1.25,14.5,7160,25346.4,"600 Safety & Traffic"
"0620-6020","ELECTRICAL CONDUCTORS (TY 20)","2024/2014","LF",3.67,3.89,3.45,1.27,14.94,8730,32039.1,"600 Safety & Traffic"
"0620-6021","ELECTRICAL CONDUCTORS (TY 21)","2024/2014","LF",3.81,3.58,3.58,1.2,15.37,10300,39243,"600 Safety & Traffic"
"0620-6022","ELECTRICAL CONDUCTORS (TY 22)","2024/2014","LF",2.99,2.9,2.81,1.22,15.81,11870,35491.3,"600 Safety & Traffic"
"0620-6023","ELECTRICAL CONDUCTORS (TY 23)","2024/2014","LF",3.13,3.13,2.94,1.25,16.24,13440,42067.2,"600 Safety & Traffic"
"0620-6024","ELECTRICAL CONDUCTORS (TY 24)","2024/2014","LF",3.26,3.36,3.06,1.27,16.67,15010,48932.6,"600 Safety & Traffic"
"0620-6025","ELECTRICAL CONDUCTORS (TY 25)","2024/2014","LF",3.4,3.6,3.2,1.2,14.5,16580,56372,"600 Safety & Traffic"
"0620-6026","ELECTRICAL CONDUCTORS (TY 26)","2024/2014","LF",3.54,3.33,3.33,1.22,14.94,18150,64251,"600 Safety & Traffic"
"0620-6027","ELECTRICAL CONDUCTORS (TY 27)","2024/2014","LF",3.67,3.56,3.45,1.25,15.37,19720,72372.4,"600 Safety & Traffic"
"0620-6028","ELECTRICAL CONDUCTORS (TY 28)","2024/2014","LF",3.81,3.81,3.58,1.27,15.81,10490,39966.9,"600 Safety & Traffic"
"0620-6029","ELECTRICAL CONDUCTORS (TY 29)","2024/2014","LF",2.99,3.08,2.81,1.2,16.24,12060,36059.4,"600 Safety & Traffic"
"0620-6030","ELECTRICAL CONDUCTORS (TY 30)","2024/2014","LF",3.13,3.32,2.94,1.22,16.67,13630,42661.9,"600 Safety & Traffic"
"0620-6031","ELECTRICAL CONDUCTORS (TY 31)","2024/2014","LF",3.26,3.06,3.06,1.25,14.5,15200,49552,"600 Safety & Traffic"
"0620-6032","ELECTRICAL CONDUCTORS (TY 32)","2024/2014","LF",3.4,3.3,3.2,1.27,14.94,16770,57018,"600 Safety & Traffic"
"0620-6033","ELECTRICAL CONDUCTORS (TY 33)","2024/2014","LF",3.54,3.54,3.33,1.2,15.37,18340,64923.6,"600 Safety & Traffic"
"0620-6034","ELECTRICAL CONDUCTORS (TY 34)","2024/2014","LF",3.67,3.78,3.45,1.22,15.81,19910,73069.7,"600 Safety & Traffic"
"0620-6035","ELECTRICAL CONDUCTORS (TY 35)","2024/2014","LF",3.81,4.04,3.58,1.25,16.24,21480,81838.8,"600 Safety & Traffic"
"0620-6036","ELECTRICAL CONDUCTORS (TY 36)","2024/2014","LF",2.99,2.81,2.81,1.27,16.67,23050,68919.5,"600 Safety & Traffic"
"0620-6037","ELECTRICAL CONDUCTORS (TY 37)","2024/2014","LF",3.13,3.04,2.94,1.2,14.5,13820,43256.6,"600 Safety & Traffic"
"0620-6038","ELECTRICAL CONDUCTORS (TY 38)","2024/2014","LF",3.26,3.26,3.06,1.22,14.94,15390,50171.4,"600 Safety & Traffic"
"0620-6039","ELECTRICAL CONDUCTORS (TY 39)","2024/2014","LF",3.4,3.5,3.2,1.25,15.37,16960,57664,"600 Safety & Traffic"
"0620-6040","ELECTRICAL CONDUCTORS (TY 40)","2024/2014","LF",3.54,3.75,3.33,1.27,15.81,18530,65596.2,"600 Safety & Traffic"
"0620-6041","ELECTRICAL CONDUCTORS (TY 41)","2024/2014","LF",3.67,3.45,3.45,1.2,16.24,20100,73767,"600 Safety & Traffic"
"0620-6042","ELECTRICAL CONDUCTORS (TY 42)","2024/2014","LF",3.81,3.7,3.58,1.22,16.67,21670,82562.7,"600 Safety & Traffic"
"0620-6043","ELECTRICAL CONDUCTORS (TY 43)","2024/2014","LF",2.99,2.99,2.81,1.25,14.5,23240,69487.6,"600 Safety & Traffic"
"0620-6044","ELECTRICAL CONDUCTORS (TY 44)","2024/2014","LF",3.13,3.22,2.94,1.27,14.94,24810,77655.3,"600 Safety & Traffic"
"0620-6045","ELECTRICAL CONDUCTORS (TY 45)","2024/2014","LF",3.26,3.46,3.06,1.2,15.37,26380,85998.8,"600 Safety & Traffic"
"0620-6046","ELECTRICAL CONDUCTORS (TY 46)","2024/2014","LF",3.4,3.2,3.2,1.22,15.81,17150,58310,"600 Safety & Traffic"
"0620-6047","ELECTRICAL CONDUCTORS (TY 47)","2024/2014","LF",3.54,3.43,3.33,1.25,16.24,18720,66268.8,"600 Safety & Traffic"
"0620-6048","ELECTRICAL CONDUCTORS (TY 48)","2024/2014","LF",3.67,3.67,3.45,1.27,16.67,20290,74464.3,"600 Safety & Traffic"
"0620-6049","ELECTRICAL CONDUCTORS (TY 49)","2024/2014","LF",3.81,3.92,3.58,1.2,14.5,21860,83286.6,"600 Safety & Traffic"
"0620-6050","ELECTRICAL CONDUCTORS (TY 50)","2024/2014","LF",2.99,3.17,2.81,1.22,14.94,23430,70055.7,"600 Safety & Traffic"
"0620-6051","ELECTRICAL CONDUCTORS (TY 51)","2024/2014","LF",3.13,2.94,2.94,1.25,15.37,25000,78250,"600 Safety & Traffic"
"0620-6052","ELECTRICAL CONDUCTORS (TY 52)","2024/2014","LF",3.26,3.16,3.06,1.27,15.81,26570,86618.2,"600 Safety & Traffic"
"0620-6053","ELECTRICAL CONDUCTORS (TY 53)","2024/2014","LF",3.4,3.4,3.2,1.2,16.24,28140,95676,"600 Safety & Traffic"
"0620-6054","ELECTRICAL CONDUCTORS (TY 54)","2024/2014","LF",3.54,3.65,3.33,1.22,16.67,29710,105173.4,"600 Safety & Traffic"
"0620-6055","ELECTRICAL CONDUCTORS (TY 55)","2024/2014","LF",3.67,3.89,3.45,1.25,14.5,20480,75161.6,"600 Safety & Traffic"
"0620-6056","ELECTRICAL CONDUCTORS (TY 56)","2024/2014","LF",3.81,3.58,3.58,1.27,14.94,22050,84010.5,"600 Safety & Traffic"
"0620-6057","ELECTRICAL CONDUCTORS (TY 57)","2024/2014","LF",2.99,2.9,2.81,1.2,15.37,23620,70623.8,"600 Safety & Traffic"
"0620-6058","ELECTRICAL CONDUCTORS (TY 58)","2024/2014","LF",3.13,3.13,2.94,1.22,15.81,25190,78844.7,"600 Safety & Traffic"
"0620-6059","ELECTRICAL CONDUCTORS (TY 59)","2024/2014","LF",3.26,3.36,3.06,1.25,16.24,26760,87237.6,"600 Safety & Traffic"
"0620-6060","ELECTRICAL CONDUCTORS (TY 60)","2024/2014","LF",3.4,3.6,3.2,1.27,16.67,28330,96322,"600 Safety & Traffic"
"0620-6061","ELECTRICAL CONDUCTORS (TY 61)","2024/2014","LF",3.54,3.33,3.33,1.2,14.5,29900,105846,"600 Safety & Traffic"
"0620-6062","ELECTRICAL CONDUCTORS (TY 62)","2024/2014","LF",3.67,3.56,3.45,1.22,14.94,31470,115494.9,"600 Safety & Traffic"
"0620-6063","ELECTRICAL CONDUCTORS (TY 63)","2024/2014","LF",3.81,3.81,3.58,1.25,15.37,33040,125882.4,"600 Safety & Traffic"
"0620-6064","ELECTRICAL CONDUCTORS (TY 64)","2024/2014","LF",2.99,3.08,2.81,1.27,15.81,23810,71191.9,"600 Safety & Traffic"
"0620-6065","ELECTRICAL CONDUCTORS (TY 65)","2024/2014","LF",3.13,3.32,2.94,1.2,16.24,25380,79439.4,"600 Safety & Traffic"
"0620-6066","ELECTRICAL CONDUCTORS (TY 66)","2024/2014","LF",3.26,3.06,3.06,1.22,16.67,26950,87857,"600 Safety & Traffic"
"0620-6067","ELECTRICAL CONDUCTORS (TY 67)","2024/2014","LF",3.4,3.3,3.2,1.25,14.5,28520,96968,"600 Safety & Traffic"
"0620-6068","ELECTRICAL CONDUCTORS (TY 68)","2024/2014","LF",3.54,3.54,3.33,1.27,14.94,30090,106518.6,"600 Safety & Traffic"
"0620-6069","ELECTRICAL CONDUCTORS (TY 69)","2024/2014","LF",3.67,3.78,3.45,1.2,15.37,31660,116192.2,"600 Safety & Traffic"
"0620-6070","ELECTRICAL CONDUCTORS (TY 70)","2024/2014","LF",3.81,4.04,3.58,1.22,15.81,33230,126606.3,"600 Safety & Traffic"
"0620-6071","ELECTRICAL CONDUCTORS (TY 71)","2024/2014","LF",2.99,2.81,2.81,1.25,16.24,34800,104052,"600 Safety & Traffic"
"0620-6072","ELECTRICAL CONDUCTORS (TY 72)","2024/2014","LF",3.13,3.04,2.94,1.27,16.67,36370,113838.1,"600 Safety & Traffic"
"0620-6073","ELECTRICAL CONDUCTORS (TY 73)","2024/2014","LF",3.26,3.26,3.06,1.2,14.5,27140,88476.4,"600 Safety & Traffic"
"0620-6074","ELECTRICAL CONDUCTORS (TY 74)","2024/2014","LF",3.4,3.5,3.2,1.22,14.94,28710,97614,"600 Safety & Traffic"
"0620-6075","ELECTRICAL CONDUCTORS (TY 75)","2024/2014","LF",3.54,3.75,3.33,1.25,15.37,30280,107191.2,"600 Safety & Traffic"
"0620-6076","ELECTRICAL CONDUCTORS (TY 76)","2024/2014","LF",3.67,3.45,3.45,1.27,15.81,31850,116889.5,"600 Safety & Traffic"
"0620-6077","ELECTRICAL CONDUCTORS (TY 77)","2024/2014","LF",3.81,3.7,3.58,1.2,16.24,33420,127330.2,"600 Safety & Traffic"
"0620-6078","ELECTRICAL CONDUCTORS (TY 78)","2024/2014","LF",2.99,2.99,2.81,1.22,16.67,34990,104620.1,"600 Safety & Traffic"
"0620-6079","ELECTRICAL CONDUCTORS (TY 79)","2024/2014","LF",3.13,3.22,2.94,1.25,14.5,36560,114432.8,"600 Safety & Traffic"
"0620-6080","ELECTRICAL CONDUCTORS (TY 80)","2024/2014","LF",3.26,3.46,3.06,1.27,14.94,38130,124303.8,"600 Safety & Traffic"
"0620-6081","ELECTRICAL CONDUCTORS (TY 81)","2024/2014","LF",3.4,3.2,3.2,1.2,15.37,39700,134980,"600 Safety & Traffic"
"0620-6082","ELECTRICAL CONDUCTORS (TY 82)","2024/2014","LF",3.54,3.43,3.33,1.22,15.81,30470,107863.8,"600 Safety & Traffic"
"0620-6083","ELECTRICAL CONDUCTORS (TY 83)","2024/2014","LF",3.67,3.67,3.45,1.25,16.24,32040,117586.8,"600 Safety & Traffic"
"0620-6084","ELECTRICAL CONDUCTORS (TY 84)","2024/2014","LF",3.81,3.92,3.58,1.27,16.67,33610,128054.1,"600 Safety & Traffic"
"0620-6085","ELECTRICAL CONDUCTORS (TY 85)","2024/2014","LF",2.99,3.17,2.81,1.2,14.5,35180,105188.2,"600 Safety & Traffic"
"0624-6001","GROUND BOXES (TY 1)","2024/2014","EA",1364,1282.16,1282.16,850,3800,500,682000,"600 Safety & Traffic"
"0624-6002","GROUND BOXES (TY 2)","2024/2014","EA",1426,1383.22,1340.44,867,3914,2070,2951820,"600 Safety & Traffic"
"0624-6003","GROUND BOXES (TY 3)","2024/2014","EA",1488,1488,1398.72,884,4028,3640,5416320,"600 Safety & Traffic"
"0624-6004","GROUND BOXES (TY 4)","2024/2014","EA",1550,1596.5,1457,901,4142,5210,8075500,"600 Safety & Traffic"
"0624-6005","GROUND BOXES (TY 5)","2024/2014","EA",1612,1708.72,1515.28,850,4256,6780,10929360,"600 Safety & Traffic"
"0624-6006","GROUND BOXES (TY 6)","2024/2014","EA",1674,1573.56,1573.56,867,4370,8350,13977900,"600 Safety & Traffic"
"0624-6007","GROUND BOXES (TY 7)","2024/2014","EA",1736,1683.92,1631.84,884,3800,9920,17221120,"600 Safety & Traffic"
"0624-6008","GROUND BOXES (TY 8)","2024/2014","EA",1364,1364,1282.16,901,3914,11490,15672360,"600 Safety & Traffic"
"0624-6009","GROUND BOXES (TY 9)","2024/2014","EA",1426,1468.78,1340.44,850,4028,13060,18623560,"600 Safety & Traffic"
"0624-6010","GROUND BOXES (TY 10)","2024/2014","EA",1488,1577.28,1398.72,867,4142,3830,5699040,"600 Safety & Traffic"
"0624-6011","GROUND BOXES (TY 11)","2024/2014","EA",1550,1457,1457,884,4256,5400,8370000,"600 Safety & Traffic"
"0624-6012","GROUND BOXES (TY 12)","2024/2014","EA",1612,1563.64,1515.28,901,4370,6970,11235640,"600 Safety & Traffic"
"0624-6013","GROUND BOXES (TY 13)","2024/2014","EA",1674,1674,1573.56,850,3800,8540,14295960,"600 Safety & Traffic"
"0624-6014","GROUND BOXES (TY 14)","2024/2014","EA",1736,1788.08,1631.84,867,3914,10110,17550960,"600 Safety & Traffic"
"0624-6015","GROUND BOXES (TY 15)","2024/2014","EA",1364,1445.84,1282.16,884,4028,11680,15931520,"600 Safety & Traffic"
"0624-6016","GROUND BOXES (TY 16)","2024/2014","EA",1426,1340.44,1340.44,901,4142,13250,18894500,"600 Safety & Traffic"
"0624-6017","GROUND BOXES (TY 17)","2024/2014","EA",1488,1443.36,1398.72,850,4256,14820,22052160,"600 Safety & Traffic"
"0624-6018","GROUND BOXES (TY 18)","2024/2014","EA",1550,1550,1457,867,4370,16390,25404500,"600 Safety & Traffic"
"0624-6019","GROUND BOXES (TY 19)","2024/2014","EA",1612,1660.36,1515.28,884,3800,7160,11541920,"600 Safety & Traffic"
"0624-6020","GROUND BOXES (TY 20)","2024/2014","EA",1674,1774.44,1573.56,901,3914,8730,14614020,"600 Safety & Traffic"
"0624-6021","GROUND BOXES (TY 21)","2024/2014","EA",1736,1631.84,1631.84,850,4028,10300,17880800,"600 Safety & Traffic"
"0624-6022","GROUND BOXES (TY 22)","2024/2014","EA",1364,1323.08,1282.16,867,4142,11870,16190680,"600 Safety & Traffic"
"0624-6023","GROUND BOXES (TY 23)","2024/2014","EA",1426,1426,1340.44,884,4256,13440,19165440,"600 Safety & Traffic"
"0624-6024","GROUND BOXES (TY 24)","2024/2014","EA",1488,1532.64,1398.72,901,4370,15010,22334880,"600 Safety & Traffic"
"0624-6025","GROUND BOXES (TY 25)","2024/2014","EA",1550,1643,1457,850,3800,16580,25699000,"600 Safety & Traffic"
"0624-6026","GROUND BOXES (TY 26)","2024/2014","EA",1612,1515.28,1515.28,867,3914,18150,29257800,"600 Safety & Traffic"
"0624-6027","GROUND BOXES (TY 27)","2024/2014","EA",1674,1623.78,1573.56,884,4028,19720,33011280,"600 Safety & Traffic"
"0624-6028","GROUND BOXES (TY 28)","2024/2014","EA",1736,1736,1631.84,901,4142,10490,18210640,"600 Safety & Traffic"
"0624-6029","GROUND BOXES (TY 29)","2024/2014","EA",1364,1404.92,1282.16,850,4256,12060,16449840,"600 Safety & Traffic"
"0624-6030","GROUND BOXES (TY 30)","2024/2014","EA",1426,1511.56,1340.44,867,4370,13630,19436380,"600 Safety & Traffic"
"0624-6031","GROUND BOXES (TY 31)","2024/2014","EA",1488,1398.72,1398.72,884,3800,15200,22617600,"600 Safety & Traffic"
"0624-6032","GROUND BOXES (TY 32)","2024/2014","EA",1550,1503.5,1457,901,3914,16770,25993500,"600 Safety & Traffic"
"0624-6033","GROUND BOXES (TY 33)","2024/2014","EA",1612,1612,1515.28,850,4028,18340,29564080,"600 Safety & Traffic"
"0624-6034","GROUND BOXES (TY 34)","2024/2014","EA",1674,1724.22,1573.56,867,4142,19910,33329340,"600 Safety & Traffic"
"0624-6035","GROUND BOXES (TY 35)","2024/2014","EA",1736,1840.16,1631.84,884,4256,21480,37289280,"600 Safety & Traffic"
"0624-6036","GROUND BOXES (TY 36)","2024/2014","EA",1364,1282.16,1282.16,901,4370,23050,31440200,"600 Safety & Traffic"
"0624-6037","GROUND BOXES (TY 37)","2024/2014","EA",1426,1383.22,1340.44,850,3800,13820,19707320,"600 Safety & Traffic"
"0624-6038","GROUND BOXES (TY 38)","2024/2014","EA",1488,1488,1398.72,867,3914,15390,22900320,"600 Safety & Traffic"
"0624-6039","GROUND BOXES (TY 39)","2024/2014","EA",1550,1596.5,1457,884,4028,16960,26288000,"600 Safety & Traffic"
"0624-6040","GROUND BOXES (TY 40)","2024/2014","EA",1612,1708.72,1515.28,901,4142,18530,29870360,"600 Safety & Traffic"
"0624-6041","GROUND BOXES (TY 41)","2024/2014","EA",1674,1573.56,1573.56,850,4256,20100,33647400,"600 Safety & Traffic"
"0624-6042","GROUND BOXES (TY 42)","2024/2014","EA",1736,1683.92,1631.84,867,4370,21670,37619120,"600 Safety & Traffic"
"0624-6043","GROUND BOXES (TY 43)","2024/2014","EA",1364,1364,1282.16,884,3800,23240,31699360,"600 Safety & Traffic"
"0624-6044","GROUND BOXES (TY 44)","2024/2014","EA",1426,1468.78,1340.44,901,3914,24810,35379060,"600 Safety & Traffic"
"0624-6045","GROUND BOXES (TY 45)","2024/2014","EA",1488,1577.28,1398.72,850,4028,26380,39253440,"600 Safety & Traffic"
"0624-6046","GROUND BOXES (TY 46)","2024/2014","EA",1550,1457,1457,867,4142,17150,26582500,"600 Safety & Traffic"
"0624-6047","GROUND BOXES (TY 47)","2024/2014","EA",1612,1563.64,1515.28,884,4256,18720,30176640,"600 Safety & Traffic"
"0624-6048","GROUND BOXES (TY 48)","2024/2014","EA",1674,1674,1573.56,901,4370,20290,33965460,"600 Safety & Traffic"
"0624-6049","GROUND BOXES (TY 49)","2024/2014","EA",1736,1788.08,1631.84,850,3800,21860,37948960,"600 Safety & Traffic"
"0624-6050","GROUND BOXES (TY 50)","2024/2014","EA",1364,1445.84,1282.16,867,3914,23430,31958520,"600 Safety & Traffic"
"0624-6051","GROUND BOXES (TY 51)","2024/2014","EA",1426,1340.44,1340.44,884,4028,25000,35650000,"600 Safety & Traffic"
"0624-6052","GROUND BOXES (TY 52)","2024/2014","EA",1488,1443.36,1398.72,901,4142,26570,39536160,"600 Safety & Traffic"
"0624-6053","GROUND BOXES (TY 53)","2024/2014","EA",1550,1550,1457,850,4256,28140,43617000,"600 Safety & Traffic"
"0624-6054","GROUND BOXES (TY 54)","2024/2014","EA",1612,1660.36,1515.28,867,4370,29710,47892520,"600 Safety & Traffic"
"0624-6055","GROUND BOXES (TY 55)","2024/2014","EA",1674,1774.44,1573.56,884,3800,20480,34283520,"600 Safety & Traffic"
"0644-6001","SMALL ROADSIDE SIGN ASSEMBLIES (TY 1)","2024/2014","EA",598.4,562.5,562.5,320,1650,500,299200,"600 Safety & Traffic"
"0644-6002","SMALL ROADSIDE SIGN ASSEMBLIES (TY 2)","2024/2014","EA",625.6,606.83,588.06,326.4,1699.5,2070,1294992,"600 Safety & Traffic"
"0644-6003","SMALL ROADSIDE SIGN ASSEMBLIES (TY 3)","2024/2014","EA",652.8,652.8,613.63,332.8,1749,3640,2376192,"600 Safety & Traffic"
"0644-6004","SMALL ROADSIDE SIGN ASSEMBLIES (TY 4)","2024/2014","EA",680,700.4,639.2,339.2,1798.5,5210,3542800,"600 Safety & Traffic"
"0644-6005","SMALL ROADSIDE SIGN ASSEMBLIES (TY 5)","2024/2014","EA",707.2,749.63,664.77,320,1848,6780,4794816,"600 Safety & Traffic"
"0644-6006","SMALL ROADSIDE SIGN ASSEMBLIES (TY 6)","2024/2014","EA",734.4,690.34,690.34,326.4,1897.5,8350,6132240,"600 Safety & Traffic"
"0644-6007","SMALL ROADSIDE SIGN ASSEMBLIES (TY 7)","2024/2014","EA",761.6,738.75,715.9,332.8,1650,9920,7555072,"600 Safety & Traffic"
"0644-6008","SMALL ROADSIDE SIGN ASSEMBLIES (TY 8)","2024/2014","EA",598.4,598.4,562.5,339.2,1699.5,11490,6875616,"600 Safety & Traffic"
"0644-6009","SMALL ROADSIDE SIGN ASSEMBLIES (TY 9)","2024/2014","EA",625.6,644.37,588.06,320,1749,13060,8170336,"600 Safety & Traffic"
"0644-6010","SMALL ROADSIDE SIGN ASSEMBLIES (TY 10)","2024/2014","EA",652.8,691.97,613.63,326.4,1798.5,3830,2500224,"600 Safety & Traffic"
"0644-6011","SMALL ROADSIDE SIGN ASSEMBLIES (TY 11)","2024/2014","EA",680,639.2,639.2,332.8,1848,5400,3672000,"600 Safety & Traffic"
"0644-6012","SMALL ROADSIDE SIGN ASSEMBLIES (TY 12)","2024/2014","EA",707.2,685.98,664.77,339.2,1897.5,6970,4929184,"600 Safety & Traffic"
"0644-6013","SMALL ROADSIDE SIGN ASSEMBLIES (TY 13)","2024/2014","EA",734.4,734.4,690.34,320,1650,8540,6271776,"600 Safety & Traffic"
"0644-6014","SMALL ROADSIDE SIGN ASSEMBLIES (TY 14)","2024/2014","EA",761.6,784.45,715.9,326.4,1699.5,10110,7699776,"600 Safety & Traffic"
"0644-6015","SMALL ROADSIDE SIGN ASSEMBLIES (TY 15)","2024/2014","EA",598.4,634.3,562.5,332.8,1749,11680,6989312,"600 Safety & Traffic"
"0644-6016","SMALL ROADSIDE SIGN ASSEMBLIES (TY 16)","2024/2014","EA",625.6,588.06,588.06,339.2,1798.5,13250,8289200,"600 Safety & Traffic"
"0644-6017","SMALL ROADSIDE SIGN ASSEMBLIES (TY 17)","2024/2014","EA",652.8,633.22,613.63,320,1848,14820,9674496,"600 Safety & Traffic"
"0644-6018","SMALL ROADSIDE SIGN ASSEMBLIES (TY 18)","2024/2014","EA",680,680,639.2,326.4,1897.5,16390,11145200,"600 Safety & Traffic"
"0644-6019","SMALL ROADSIDE SIGN ASSEMBLIES (TY 19)","2024/2014","EA",707.2,728.42,664.77,332.8,1650,7160,5063552,"600 Safety & Traffic"
"0644-6020","SMALL ROADSIDE SIGN ASSEMBLIES (TY 20)","2024/2014","EA",734.4,778.46,690.34,339.2,1699.5,8730,6411312,"600 Safety & Traffic"
"0644-6021","SMALL ROADSIDE SIGN ASSEMBLIES (TY 21)","2024/2014","EA",761.6,715.9,715.9,320,1749,10300,7844480,"600 Safety & Traffic"
"0644-6022","SMALL ROADSIDE SIGN ASSEMBLIES (TY 22)","2024/2014","EA",598.4,580.45,562.5,326.4,1798.5,11870,7103008,"600 Safety & Traffic"
"0644-6023","SMALL ROADSIDE SIGN ASSEMBLIES (TY 23)","2024/2014","EA",625.6,625.6,588.06,332.8,1848,13440,8408064,"600 Safety & Traffic"
"0644-6024","SMALL ROADSIDE SIGN ASSEMBLIES (TY 24)","2024/2014","EA",652.8,672.38,613.63,339.2,1897.5,15010,9798528,"600 Safety & Traffic"
"0644-6025","SMALL ROADSIDE SIGN ASSEMBLIES (TY 25)","2024/2014","EA",680,720.8,639.2,320,1650,16580,11274400,"600 Safety & Traffic"
"0644-6026","SMALL ROADSIDE SIGN ASSEMBLIES (TY 26)","2024/2014","EA",707.2,664.77,664.77,326.4,1699.5,18150,12835680,"600 Safety & Traffic"
"0644-6027","SMALL ROADSIDE SIGN ASSEMBLIES (TY 27)","2024/2014","EA",734.4,712.37,690.34,332.8,1749,19720,14482368,"600 Safety & Traffic"
"0644-6028","SMALL ROADSIDE SIGN ASSEMBLIES (TY 28)","2024/2014","EA",761.6,761.6,715.9,339.2,1798.5,10490,7989184,"600 Safety & Traffic"
"0644-6029","SMALL ROADSIDE SIGN ASSEMBLIES (TY 29)","2024/2014","EA",598.4,616.35,562.5,320,1848,12060,7216704,"600 Safety & Traffic"
"0644-6030","SMALL ROADSIDE SIGN ASSEMBLIES (TY 30)","2024/2014","EA",625.6,663.14,588.06,326.4,1897.5,13630,8526928,"600 Safety & Traffic"
"0644-6031","SMALL ROADSIDE SIGN ASSEMBLIES (TY 31)","2024/2014","EA",652.8,613.63,613.63,332.8,1650,15200,9922560,"600 Safety & Traffic"
"0644-6032","SMALL ROADSIDE SIGN ASSEMBLIES (TY 32)","2024/2014","EA",680,659.6,639.2,339.2,1699.5,16770,11403600,"600 Safety & Traffic"
"0644-6033","SMALL ROADSIDE SIGN ASSEMBLIES (TY 33)","2024/2014","EA",707.2,707.2,664.77,320,1749,18340,12970048,"600 Safety & Traffic"
"0644-6034","SMALL ROADSIDE SIGN ASSEMBLIES (TY 34)","2024/2014","EA",734.4,756.43,690.34,326.4,1798.5,19910,14621904,"600 Safety & Traffic"
"0644-6035","SMALL ROADSIDE SIGN ASSEMBLIES (TY 35)","2024/2014","EA",761.6,807.3,715.9,332.8,1848,21480,16359168,"600 Safety & Traffic"
"0644-6036","SMALL ROADSIDE SIGN ASSEMBLIES (TY 36)","2024/2014","EA",598.4,562.5,562.5,339.2,1897.5,23050,13793120,"600 Safety & Traffic"
"0644-6037","SMALL ROADSIDE SIGN ASSEMBLIES (TY 37)","2024/2014","EA",625.6,606.83,588.06,320,1650,13820,8645792,"600 Safety & Traffic"
"0644-6038","SMALL ROADSIDE SIGN ASSEMBLIES (TY 38)","2024/2014","EA",652.8,652.8,613.63,326.4,1699.5,15390,10046592,"600 Safety & Traffic"
"0644-6039","SMALL ROADSIDE SIGN ASSEMBLIES (TY 39)","2024/2014","EA",680,700.4,639.2,332.8,1749,16960,11532800,"600 Safety & Traffic"
"0644-6040","SMALL ROADSIDE SIGN ASSEMBLIES (TY 40)","2024/2014","EA",707.2,749.63,664.77,339.2,1798.5,18530,13104416,"600 Safety & Traffic"
"0644-6041","SMALL ROADSIDE SIGN ASSEMBLIES (TY 41)","2024/2014","EA",734.4,690.34,690.34,320,1848,20100,14761440,"600 Safety & Traffic"
"0644-6042","SMALL ROADSIDE SIGN ASSEMBLIES (TY 42)","2024/2014","EA",761.6,738.75,715.9,326.4,1897.5,21670,16503872,"600 Safety & Traffic"
"0644-6043","SMALL ROADSIDE SIGN ASSEMBLIES (TY 43)","2024/2014","EA",598.4,598.4,562.5,332.8,1650,23240,13906816,"600 Safety & Traffic"
"0644-6044","SMALL ROADSIDE SIGN ASSEMBLIES (TY 44)","2024/2014","EA",625.6,644.37,588.06,339.2,1699.5,24810,15521136,"600 Safety & Traffic"
"0644-6045","SMALL ROADSIDE SIGN ASSEMBLIES (TY 45)","2024/2014","EA",652.8,691.97,613.63,320,1749,26380,17220864,"600 Safety & Traffic"
"0644-6046","SMALL ROADSIDE SIGN ASSEMBLIES (TY 46)","2024/2014","EA",680,639.2,639.2,326.4,1798.5,17150,11662000,"600 Safety & Traffic"
"0644-6047","SMALL ROADSIDE SIGN ASSEMBLIES (TY 47)","2024/2014","EA",707.2,685.98,664.77,332.8,1848,18720,13238784,"600 Safety & Traffic"
"0644-6048","SMALL ROADSIDE SIGN ASSEMBLIES (TY 48)","2024/2014","EA",734.4,734.4,690.34,339.2,1897.5,20290,14900976,"600 Safety & Traffic"
"0644-6049","SMALL ROADSIDE SIGN ASSEMBLIES (TY 49)","2024/2014","EA",761.6,784.45,715.9,320,1650,21860,16648576,"600 Safety & Traffic"
"0644-6050","SMALL ROADSIDE SIGN ASSEMBLIES (TY 50)","2024/2014","EA",598.4,634.3,562.5,326.4,1699.5,23430,14020512,"600 Safety & Traffic"
"0644-6051","SMALL ROADSIDE SIGN ASSEMBLIES (TY 51)","2024/2014","EA",625.6,588.06,588.06,332.8,1749,25000,15640000,"600 Safety & Traffic"
"0644-6052","SMALL ROADSIDE SIGN ASSEMBLIES (TY 52)","2024/2014","EA",652.8,633.22,613.63,339.2,1798.5,26570,17344896,"600 Safety & Traffic"
"0644-6053","SMALL ROADSIDE SIGN ASSEMBLIES (TY 53)","2024/2014","EA",680,680,639.2,320,1848,28140,19135200,"600 Safety & Traffic"
"0644-6054","SMALL ROADSIDE SIGN ASSEMBLIES (TY 54)","2024/2014","EA",707.2,728.42,664.77,326.4,1897.5,29710,21010912,"600 Safety & Traffic"
"0644-6055","SMALL ROADSIDE SIGN ASSEMBLIES (TY 55)","2024/2014","EA",734.4,778.46,690.34,332.8,1650,20480,15040512,"600 Safety & Traffic"
"0644-6056","SMALL ROADSIDE SIGN ASSEMBLIES (TY 56)","2024/2014","EA",761.6,715.9,715.9,339.2,1699.5,22050,16793280,"600 Safety & Traffic"
"0644-6057","SMALL ROADSIDE SIGN ASSEMBLIES (TY 57)","2024/2014","EA",598.4,580.45,562.5,320,1749,23620,14134208,"600 Safety & Traffic"
"0644-6058","SMALL ROADSIDE SIGN ASSEMBLIES (TY 58)","2024/2014","EA",625.6,625.6,588.06,326.4,1798.5,25190,15758864,"600 Safety & Traffic"
"0644-6059","SMALL ROADSIDE SIGN ASSEMBLIES (TY 59)","2024/2014","EA",652.8,672.38,613.63,332.8,1848,26760,17468928,"600 Safety & Traffic"
"0644-6060","SMALL ROADSIDE SIGN ASSEMBLIES (TY 60)","2024/2014","EA",680,720.8,639.2,339.2,1897.5,28330,19264400,"600 Safety & Traffic"
"0644-6061","SMALL ROADSIDE SIGN ASSEMBLIES (TY 61)","2024/2014","EA",707.2,664.77,664.77,320,1650,29900,21145280,"600 Safety & Traffic"
"0644-6062","SMALL ROADSIDE SIGN ASSEMBLIES (TY 62)","2024/2014","EA",734.4,712.37,690.34,326.4,1699.5,31470,23111568,"600 Safety & Traffic"
"0644-6063","SMALL ROADSIDE SIGN ASSEMBLIES (TY 63)","2024/2014","EA",761.6,761.6,715.9,332.8,1749,33040,25163264,"600 Safety & Traffic"
"0644-6064","SMALL ROADSIDE SIGN ASSEMBLIES (TY 64)","2024/2014","EA",598.4,616.35,562.5,339.2,1798.5,23810,14247904,"600 Safety & Traffic"
"0644-6065","SMALL ROADSIDE SIGN ASSEMBLIES (TY 65)","2024/2014","EA",625.6,663.14,588.06,320,1848,25380,15877728,"600 Safety & Traffic"
"0644-6066","SMALL ROADSIDE SIGN ASSEMBLIES (TY 66)","2024/2014","EA",652.8,613.63,613.63,326.4,1897.5,26950,17592960,"600 Safety & Traffic"
"0644-6067","SMALL ROADSIDE SIGN ASSEMBLIES (TY 67)","2024/2014","EA",680,659.6,639.2,332.8,1650,28520,19393600,"600 Safety & Traffic"
"0644-6068","SMALL ROADSIDE SIGN ASSEMBLIES (TY 68)","2024/2014","EA",707.2,707.2,664.77,339.2,1699.5,30090,21279648,"600 Safety & Traffic"
"0644-6069","SMALL ROADSIDE SIGN ASSEMBLIES (TY 69)","2024/2014","EA",734.4,756.43,690.34,320,1749,31660,23251104,"600 Safety & Traffic"
"0644-6070","SMALL ROADSIDE SIGN ASSEMBLIES (TY 70)","2024/2014","EA",761.6,807.3,715.9,326.4,1798.5,33230,25307968,"600 Safety & Traffic"
"0644-6071","SMALL ROADSIDE SIGN ASSEMBLIES (TY 71)","2024/2014","EA",598.4,562.5,562.5,332.8,1848,34800,20824320,"600 Safety & Traffic"
"0644-6072","SMALL ROADSIDE SIGN ASSEMBLIES (TY 72)","2024/2014","EA",625.6,606.83,588.06,339.2,1897.5,36370,22753072,"600 Safety & Traffic"
"0644-6073","SMALL ROADSIDE SIGN ASSEMBLIES (TY 73)","2024/2014","EA",652.8,652.8,613.63,320,1650,27140,17716992,"600 Safety & Traffic"
"0644-6074","SMALL ROADSIDE SIGN ASSEMBLIES (TY 74)","2024/2014","EA",680,700.4,639.2,326.4,1699.5,28710,19522800,"600 Safety & Traffic"
"0644-6075","SMALL ROADSIDE SIGN ASSEMBLIES (TY 75)","2024/2014","EA",707.2,749.63,664.77,332.8,1749,30280,21414016,"600 Safety & Traffic"
"0644-6076","SMALL ROADSIDE SIGN ASSEMBLIES (TY 76)","2024/2014","EA",734.4,690.34,690.34,339.2,1798.5,31850,23390640,"600 Safety & Traffic"
"0644-6077","SMALL ROADSIDE SIGN ASSEMBLIES (TY 77)","2024/2014","EA",761.6,738.75,715.9,320,1848,33420,25452672,"600 Safety & Traffic"
"0644-6078","SMALL ROADSIDE SIGN ASSEMBLIES (TY 78)","2024/2014","EA",598.4,598.4,562.5,326.4,1897.5,34990,20938016,"600 Safety & Traffic"
"0644-6079","SMALL ROADSIDE SIGN ASSEMBLIES (TY 79)","2024/2014","EA",625.6,644.37,588.06,332.8,1650,36560,22871936,"600 Safety & Traffic"
"0644-6080","SMALL ROADSIDE SIGN ASSEMBLIES (TY 80)","2024/2014","EA",652.8,691.97,613.63,339.2,1699.5,38130,24891264,"600 Safety & Traffic"
"0644-6081","SMALL ROADSIDE SIGN ASSEMBLIES (TY 81)","2024/2014","EA",680,639.2,639.2,320,1749,39700,26996000,"600 Safety & Traffic"
"0644-6082","SMALL ROADSIDE SIGN ASSEMBLIES (TY 82)","2024/2014","EA",707.2,685.98,664.77,326.4,1798.5,30470,21548384,"600 Safety & Traffic"
"0644-6083","SMALL ROADSIDE SIGN ASSEMBLIES (TY 83)","2024/2014","EA",734.4,734.4,690.34,332.8,1848,32040,23530176,"600 Safety & Traffic"
"0644-6084","SMALL ROADSIDE SIGN ASSEMBLIES (TY 84)","2024/2014","EA",761.6,784.45,715.9,339.2,1897.5,33610,25597376,"600 Safety & Traffic"
"0644-6085","SMALL ROADSIDE SIGN ASSEMBLIES (TY 85)","2024/2014","EA",598.4,634.3,562.5,320,1650,35180,21051712,"600 Safety & Traffic"
"0644-6086","SMALL ROADSIDE SIGN ASSEMBLIES (TY 86)","2024/2014","EA",625.6,588.06,588.06,326.4,1699.5,36750,22990800,"600 Safety & Traffic"
"0644-6087","SMALL ROADSIDE SIGN ASSEMBLIES (TY 87)","2024/2014","EA",652.8,633.22,613.63,332.8,1749,38320,25015296,"600 Safety & Traffic"
"0644-6088","SMALL ROADSIDE SIGN ASSEMBLIES (TY 88)","2024/2014","EA",680,680,639.2,339.2,1798.5,39890,27125200,"600 Safety & Traffic"
"0644-6089","SMALL ROADSIDE SIGN ASSEMBLIES (TY 89)","2024/2014","EA",707.2,728.42,664.77,320,1848,41460,29320512,"600 Safety & Traffic"
"0644-6090","SMALL ROADSIDE SIGN ASSEMBLIES (TY 90)","2024/2014","EA",734.4,778.46,690.34,326.4,1897.5,43030,31601232,"600 Safety & Traffic"
"0644-6091","SMALL ROADSIDE SIGN ASSEMBLIES (TY 91)","2024/2014","EA",761.6,715.9,715.9,332.8,1650,33800,25742080,"600 Safety & Traffic"
"0644-6092","SMALL ROADSIDE SIGN ASSEMBLIES (TY 92)","2024/2014","EA",598.4,580.45,562.5,339.2,1699.5,35370,21165408,"600 Safety & Traffic"
"0644-6093","SMALL ROADSIDE SIGN ASSEMBLIES (TY 93)","2024/2014","EA",625.6,625.6,588.06,320,1749,36940,23109664,"600 Safety & Traffic"
"0644-6094","SMALL ROADSIDE SIGN ASSEMBLIES (TY 94)","2024/2014","EA",652.8,672.38,613.63,326.4,1798.5,38510,25139328,"600 Safety & Traffic"
"0644-6095","SMALL ROADSIDE SIGN ASSEMBLIES (TY 95)","2024/2014","EA",680,720.8,639.2,332.8,1848,40080,27254400,"600 Safety & Traffic"
"0662-6001","WORK ZONE PAVEMENT MARKINGS (TY 1)","2024/2014","LF",0.75,0.7,0.7,0.22,4.5,500,375,"600 Safety & Traffic"
"0662-6002","WORK ZONE PAVEMENT MARKINGS (TY 2)","2024/2014","EA",0.78,0.76,0.73,0.22,4.64,2070,1614.6,"600 Safety & Traffic"
"0662-6003","WORK ZONE PAVEMENT MARKINGS (TY 3)","2024/2014","LF",0.82,0.82,0.77,0.23,4.77,3640,2984.8,"600 Safety & Traffic"
"0662-6004","WORK ZONE PAVEMENT MARKINGS (TY 4)","2024/2014","EA",0.85,0.88,0.8,0.23,4.9,5210,4428.5,"600 Safety & Traffic"
"0662-6005","WORK ZONE PAVEMENT MARKINGS (TY 5)","2024/2014","LF",0.88,0.93,0.83,0.22,5.04,6780,5966.4,"600 Safety & Traffic"
"0662-6006","WORK ZONE PAVEMENT MARKINGS (TY 6)","2024/2014","EA",0.92,0.86,0.86,0.22,5.18,8350,7682,"600 Safety & Traffic"
"0662-6007","WORK ZONE PAVEMENT MARKINGS (TY 7)","2024/2014","LF",0.95,0.92,0.89,0.23,4.5,9920,9424,"600 Safety & Traffic"
"0662-6008","WORK ZONE PAVEMENT MARKINGS (TY 8)","2024/2014","EA",0.75,0.75,0.7,0.23,4.64,11490,8617.5,"600 Safety & Traffic"
"0662-6009","WORK ZONE PAVEMENT MARKINGS (TY 9)","2024/2014","LF",0.78,0.8,0.73,0.22,4.77,13060,10186.8,"600 Safety & Traffic"
"0662-6010","WORK ZONE PAVEMENT MARKINGS (TY 10)","2024/2014","EA",0.82,0.87,0.77,0.22,4.9,3830,3140.6,"600 Safety & Traffic"
"0662-6011","WORK ZONE PAVEMENT MARKINGS (TY 11)","2024/2014","LF",0.85,0.8,0.8,0.23,5.04,5400,4590,"600 Safety & Traffic"
"0662-6012","WORK ZONE PAVEMENT MARKINGS (TY 12)","2024/2014","EA",0.88,0.85,0.83,0.23,5.18,6970,6133.6,"600 Safety & Traffic"
"0662-6013","WORK ZONE PAVEMENT MARKINGS (TY 13)","2024/2014","LF",0.92,0.92,0.86,0.22,4.5,8540,7856.8,"600 Safety & Traffic"
"0662-6014","WORK ZONE PAVEMENT MARKINGS (TY 14)","2024/2014","EA",0.95,0.98,0.89,0.22,4.64,10110,9604.5,"600 Safety & Traffic"
"0662-6015","WORK ZONE PAVEMENT MARKINGS (TY 15)","2024/2014","LF",0.75,0.8,0.7,0.23,4.77,11680,8760,"600 Safety & Traffic"
"0662-6016","WORK ZONE PAVEMENT MARKINGS (TY 16)","2024/2014","EA",0.78,0.73,0.73,0.23,4.9,13250,10335,"600 Safety & Traffic"
"0662-6017","WORK ZONE PAVEMENT MARKINGS (TY 17)","2024/2014","LF",0.82,0.8,0.77,0.22,5.04,14820,12152.4,"600 Safety & Traffic"
"0662-6018","WORK ZONE PAVEMENT MARKINGS (TY 18)","2024/2014","EA",0.85,0.85,0.8,0.22,5.18,16390,13931.5,"600 Safety & Traffic"
"0662-6019","WORK ZONE PAVEMENT MARKINGS (TY 19)","2024/2014","LF",0.88,0.91,0.83,0.23,4.5,7160,6300.8,"600 Safety & Traffic"
"0662-6020","WORK ZONE PAVEMENT MARKINGS (TY 20)","2024/2014","EA",0.92,0.98,0.86,0.23,4.64,8730,8031.6,"600 Safety & Traffic"
"0662-6021","WORK ZONE PAVEMENT MARKINGS (TY 21)","2024/2014","LF",0.95,0.89,0.89,0.22,4.77,10300,9785,"600 Safety & Traffic"
"0662-6022","WORK ZONE PAVEMENT MARKINGS (TY 22)","2024/2014","EA",0.75,0.73,0.7,0.22,4.9,11870,8902.5,"600 Safety & Traffic"
"0662-6023","WORK ZONE PAVEMENT MARKINGS (TY 23)","2024/2014","LF",0.78,0.78,0.73,0.23,5.04,13440,10483.2,"600 Safety & Traffic"
"0662-6024","WORK ZONE PAVEMENT MARKINGS (TY 24)","2024/2014","EA",0.82,0.84,0.77,0.23,5.18,15010,12308.2,"600 Safety & Traffic"
"0662-6025","WORK ZONE PAVEMENT MARKINGS (TY 25)","2024/2014","LF",0.85,0.9,0.8,0.22,4.5,16580,14093,"600 Safety & Traffic"
"0662-6026","WORK ZONE PAVEMENT MARKINGS (TY 26)","2024/2014","EA",0.88,0.83,0.83,0.22,4.64,18150,15972,"600 Safety & Traffic"
"0662-6027","WORK ZONE PAVEMENT MARKINGS (TY 27)","2024/2014","LF",0.92,0.89,0.86,0.23,4.77,19720,18142.4,"600 Safety & Traffic"
"0662-6028","WORK ZONE PAVEMENT MARKINGS (TY 28)","2024/2014","EA",0.95,0.95,0.89,0.23,4.9,10490,9965.5,"600 Safety & Traffic"
"0662-6029","WORK ZONE PAVEMENT MARKINGS (TY 29)","2024/2014","LF",0.75,0.77,0.7,0.22,5.04,12060,9045,"600 Safety & Traffic"
"0662-6030","WORK ZONE PAVEMENT MARKINGS (TY 30)","2024/2014","EA",0.78,0.83,0.73,0.22,5.18,13630,10631.4,"600 Safety & Traffic"
"0662-6031","WORK ZONE PAVEMENT MARKINGS (TY 31)","2024/2014","LF",0.82,0.77,0.77,0.23,4.5,15200,12464,"600 Safety & Traffic"
"0662-6032","WORK ZONE PAVEMENT MARKINGS (TY 32)","2024/2014","EA",0.85,0.82,0.8,0.23,4.64,16770,14254.5,"600 Safety & Traffic"
"0662-6033","WORK ZONE PAVEMENT MARKINGS (TY 33)","2024/2014","LF",0.88,0.88,0.83,0.22,4.77,18340,16139.2,"600 Safety & Traffic"
"0662-6034","WORK ZONE PAVEMENT MARKINGS (TY 34)","2024/2014","EA",0.92,0.95,0.86,0.22,4.9,19910,18317.2,"600 Safety & Traffic"
"0662-6035","WORK ZONE PAVEMENT MARKINGS (TY 35)","2024/2014","LF",0.95,1.01,0.89,0.23,5.04,21480,20406,"600 Safety & Traffic"
"0662-6036","WORK ZONE PAVEMENT MARKINGS (TY 36)","2024/2014","EA",0.75,0.7,0.7,0.23,5.18,23050,17287.5,"600 Safety & Traffic"
"0662-6037","WORK ZONE PAVEMENT MARKINGS (TY 37)","2024/2014","LF",0.78,0.76,0.73,0.22,4.5,13820,10779.6,"600 Safety & Traffic"
"0662-6038","WORK ZONE PAVEMENT MARKINGS (TY 38)","2024/2014","EA",0.82,0.82,0.77,0.22,4.64,15390,12619.8,"600 Safety & Traffic"
"0662-6039","WORK ZONE PAVEMENT MARKINGS (TY 39)","2024/2014","LF",0.85,0.88,0.8,0.23,4.77,16960,14416,"600 Safety & Traffic"
"0662-6040","WORK ZONE PAVEMENT MARKINGS (TY 40)","2024/2014","EA",0.88,0.93,0.83,0.23,4.9,18530,16306.4,"600 Safety & Traffic"
"0662-6041","WORK ZONE PAVEMENT MARKINGS (TY 41)","2024/2014","LF",0.92,0.86,0.86,0.22,5.04,20100,18492,"600 Safety & Traffic"
"0662-6042","WORK ZONE PAVEMENT MARKINGS (TY 42)","2024/2014","EA",0.95,0.92,0.89,0.22,5.18,21670,20586.5,"600 Safety & Traffic"
"0662-6043","WORK ZONE PAVEMENT MARKINGS (TY 43)","2024/2014","LF",0.75,0.75,0.7,0.23,4.5,23240,17430,"600 Safety & Traffic"
"0662-6044","WORK ZONE PAVEMENT MARKINGS (TY 44)","2024/2014","EA",0.78,0.8,0.73,0.23,4.64,24810,19351.8,"600 Safety & Traffic"
"0662-6045","WORK ZONE PAVEMENT MARKINGS (TY 45)","2024/2014","LF",0.82,0.87,0.77,0.22,4.77,26380,21631.6,"600 Safety & Traffic"
"0662-6046","WORK ZONE PAVEMENT MARKINGS (TY 46)","2024/2014","EA",0.85,0.8,0.8,0.22,4.9,17150,14577.5,"600 Safety & Traffic"
"0662-6047","WORK ZONE PAVEMENT MARKINGS (TY 47)","2024/2014","LF",0.88,0.85,0.83,0.23,5.04,18720,16473.6,"600 Safety & Traffic"
"0662-6048","WORK ZONE PAVEMENT MARKINGS (TY 48)","2024/2014","EA",0.92,0.92,0.86,0.23,5.18,20290,18666.8,"600 Safety & Traffic"
"0662-6049","WORK ZONE PAVEMENT MARKINGS (TY 49)","2024/2014","LF",0.95,0.98,0.89,0.22,4.5,21860,20767,"600 Safety & Traffic"
"0662-6050","WORK ZONE PAVEMENT MARKINGS (TY 50)","2024/2014","EA",0.75,0.8,0.7,0.22,4.64,23430,17572.5,"600 Safety & Traffic"
"0662-6051","WORK ZONE PAVEMENT MARKINGS (TY 51)","2024/2014","LF",0.78,0.73,0.73,0.23,4.77,25000,19500,"600 Safety & Traffic"
"0662-6052","WORK ZONE PAVEMENT MARKINGS (TY 52)","2024/2014","EA",0.82,0.8,0.77,0.23,4.9,26570,21787.4,"600 Safety & Traffic"
"0662-6053","WORK ZONE PAVEMENT MARKINGS (TY 53)","2024/2014","LF",0.85,0.85,0.8,0.22,5.04,28140,23919,"600 Safety & Traffic"
"0662-6054","WORK ZONE PAVEMENT MARKINGS (TY 54)","2024/2014","EA",0.88,0.91,0.83,0.22,5.18,29710,26144.8,"600 Safety & Traffic"
"0662-6055","WORK ZONE PAVEMENT MARKINGS (TY 55)","2024/2014","LF",0.92,0.98,0.86,0.23,4.5,20480,18841.6,"600 Safety & Traffic"
"0662-6056","WORK ZONE PAVEMENT MARKINGS (TY 56)","2024/2014","EA",0.95,0.89,0.89,0.23,4.64,22050,20947.5,"600 Safety & Traffic"
"0662-6057","WORK ZONE PAVEMENT MARKINGS (TY 57)","2024/2014","LF",0.75,0.73,0.7,0.22,4.77,23620,17715,"600 Safety & Traffic"
"0662-6058","WORK ZONE PAVEMENT MARKINGS (TY 58)","2024/2014","EA",0.78,0.78,0.73,0.22,4.9,25190,19648.2,"600 Safety & Traffic"
"0662-6059","WORK ZONE PAVEMENT MARKINGS (TY 59)","2024/2014","LF",0.82,0.84,0.77,0.23,5.04,26760,21943.2,"600 Safety & Traffic"
"0662-6060","WORK ZONE PAVEMENT MARKINGS (TY 60)","2024/2014","EA",0.85,0.9,0.8,0.23,5.18,28330,24080.5,"600 Safety & Traffic"
"0662-6061","WORK ZONE PAVEMENT MARKINGS (TY 61)","2024/2014","LF",0.88,0.83,0.83,0.22,4.5,29900,26312,"600 Safety & Traffic"
"0662-6062","WORK ZONE PAVEMENT MARKINGS (TY 62)","2024/2014","EA",0.92,0.89,0.86,0.22,4.64,31470,28952.4,"600 Safety & Traffic"
"0662-6063","WORK ZONE PAVEMENT MARKINGS (TY 63)","2024/2014","LF",0.95,0.95,0.89,0.23,4.77,33040,31388,"600 Safety & Traffic"
"0662-6064","WORK ZONE PAVEMENT MARKINGS (TY 64)","2024/2014","EA",0.75,0.77,0.7,0.23,4.9,23810,17857.5,"600 Safety & Traffic"
"0662-6065","WORK ZONE PAVEMENT MARKINGS (TY 65)","2024/2014","LF",0.78,0.83,0.73,0.22,5.04,25380,19796.4,"600 Safety & Traffic"
"0662-6066","WORK ZONE PAVEMENT MARKINGS (TY 66)","2024/2014","EA",0.82,0.77,0.77,0.22,5.18,26950,22099,"600 Safety & Traffic"
"0662-6067","WORK ZONE PAVEMENT MARKINGS (TY 67)","2024/2014","LF",0.85,0.82,0.8,0.23,4.5,28520,24242,"600 Safety & Traffic"
"0662-6068","WORK ZONE PAVEMENT MARKINGS (TY 68)","2024/2014","EA",0.88,0.88,0.83,0.23,4.64,30090,26479.2,"600 Safety & Traffic"
"0662-6069","WORK ZONE PAVEMENT MARKINGS (TY 69)","2024/2014","LF",0.92,0.95,0.86,0.22,4.77,31660,29127.2,"600 Safety & Traffic"
"0662-6070","WORK ZONE PAVEMENT MARKINGS (TY 70)","2024/2014","EA",0.95,1.01,0.89,0.22,4.9,33230,31568.5,"600 Safety & Traffic"
"0662-6071","WORK ZONE PAVEMENT MARKINGS (TY 71)","2024/2014","LF",0.75,0.7,0.7,0.23,5.04,34800,26100,"600 Safety & Traffic"
"0662-6072","WORK ZONE PAVEMENT MARKINGS (TY 72)","2024/2014","EA",0.78,0.76,0.73,0.23,5.18,36370,28368.6,"600 Safety & Traffic"
"0662-6073","WORK ZONE PAVEMENT MARKINGS (TY 73)","2024/2014","LF",0.82,0.82,0.77,0.22,4.5,27140,22254.8,"600 Safety & Traffic"
"0662-6074","WORK ZONE PAVEMENT MARKINGS (TY 74)","2024/2014","EA",0.85,0.88,0.8,0.22,4.64,28710,24403.5,"600 Safety & Traffic"
"0662-6075","WORK ZONE PAVEMENT MARKINGS (TY 75)","2024/2014","LF",0.88,0.93,0.83,0.23,4.77,30280,26646.4,"600 Safety & Traffic"
"0662-6076","WORK ZONE PAVEMENT MARKINGS (TY 76)","2024/2014","EA",0.92,0.86,0.86,0.23,4.9,31850,29302,"600 Safety & Traffic"
"0662-6077","WORK ZONE PAVEMENT MARKINGS (TY 77)","2024/2014","LF",0.95,0.92,0.89,0.22,5.04,33420,31749,"600 Safety & Traffic"
"0662-6078","WORK ZONE PAVEMENT MARKINGS (TY 78)","2024/2014","EA",0.75,0.75,0.7,0.22,5.18,34990,26242.5,"600 Safety & Traffic"
"0662-6079","WORK ZONE PAVEMENT MARKINGS (TY 79)","2024/2014","LF",0.78,0.8,0.73,0.23,4.5,36560,28516.8,"600 Safety & Traffic"
"0662-6080","WORK ZONE PAVEMENT MARKINGS (TY 80)","2024/2014","EA",0.82,0.87,0.77,0.23,4.64,38130,31266.6,"600 Safety & Traffic"
"0666-6001","REFLECTORIZED PAVEMENT MARKINGS (TY 1)","2024/2014","LF",1.45,1.36,1.36,0.38,8.5,500,725,"600 Safety & Traffic"
"0666-6002","REFLECTORIZED PAVEMENT MARKINGS (TY 2)","2024/2014","EA",1.52,1.47,1.43,0.39,8.76,2070,3146.4,"600 Safety & Traffic"
"0666-6003","REFLECTORIZED PAVEMENT MARKINGS (TY 3)","2024/2014","LF",1.58,1.58,1.49,0.4,9.01,3640,5751.2,"600 Safety & Traffic"
"0666-6004","REFLECTORIZED PAVEMENT MARKINGS (TY 4)","2024/2014","EA",1.65,1.7,1.55,0.4,9.26,5210,8596.5,"600 Safety & Traffic"
"0666-6005","REFLECTORIZED PAVEMENT MARKINGS (TY 5)","2024/2014","LF",1.72,1.82,1.62,0.38,9.52,6780,11661.6,"600 Safety & Traffic"
"0666-6006","REFLECTORIZED PAVEMENT MARKINGS (TY 6)","2024/2014","EA",1.78,1.67,1.67,0.39,9.77,8350,14863,"600 Safety & Traffic"
"0666-6007","REFLECTORIZED PAVEMENT MARKINGS (TY 7)","2024/2014","LF",1.85,1.79,1.74,0.4,8.5,9920,18352,"600 Safety & Traffic"
"0666-6008","REFLECTORIZED PAVEMENT MARKINGS (TY 8)","2024/2014","EA",1.45,1.45,1.36,0.4,8.76,11490,16660.5,"600 Safety & Traffic"
"0666-6009","REFLECTORIZED PAVEMENT MARKINGS (TY 9)","2024/2014","LF",1.52,1.57,1.43,0.38,9.01,13060,19851.2,"600 Safety & Traffic"
"0666-6010","REFLECTORIZED PAVEMENT MARKINGS (TY 10)","2024/2014","EA",1.58,1.67,1.49,0.39,9.26,3830,6051.4,"600 Safety & Traffic"
"0666-6011","REFLECTORIZED PAVEMENT MARKINGS (TY 11)","2024/2014","LF",1.65,1.55,1.55,0.4,9.52,5400,8910,"600 Safety & Traffic"
"0666-6012","REFLECTORIZED PAVEMENT MARKINGS (TY 12)","2024/2014","EA",1.72,1.67,1.62,0.4,9.77,6970,11988.4,"600 Safety & Traffic"
"0666-6013","REFLECTORIZED PAVEMENT MARKINGS (TY 13)","2024/2014","LF",1.78,1.78,1.67,0.38,8.5,8540,15201.2,"600 Safety & Traffic"
"0666-6014","REFLECTORIZED PAVEMENT MARKINGS (TY 14)","2024/2014","EA",1.85,1.91,1.74,0.39,8.76,10110,18703.5,"600 Safety & Traffic"
"0666-6015","REFLECTORIZED PAVEMENT MARKINGS (TY 15)","2024/2014","LF",1.45,1.54,1.36,0.4,9.01,11680,16936,"600 Safety & Traffic"
"0666-6016","REFLECTORIZED PAVEMENT MARKINGS (TY 16)","2024/2014","EA",1.52,1.43,1.43,0.4,9.26,13250,20140,"600 Safety & Traffic"
"0666-6017","REFLECTORIZED PAVEMENT MARKINGS (TY 17)","2024/2014","LF",1.58,1.53,1.49,0.38,9.52,14820,23415.6,"600 Safety & Traffic"
"0666-6018","REFLECTORIZED PAVEMENT MARKINGS (TY 18)","2024/2014","EA",1.65,1.65,1.55,0.39,9.77,16390,27043.5,"600 Safety & Traffic"
"0666-6019","REFLECTORIZED PAVEMENT MARKINGS (TY 19)","2024/2014","LF",1.72,1.77,1.62,0.4,8.5,7160,12315.2,"600 Safety & Traffic"
"0666-6020","REFLECTORIZED PAVEMENT MARKINGS (TY 20)","2024/2014","EA",1.78,1.89,1.67,0.4,8.76,8730,15539.4,"600 Safety & Traffic"
"0666-6021","REFLECTORIZED PAVEMENT MARKINGS (TY 21)","2024/2014","LF",1.85,1.74,1.74,0.38,9.01,10300,19055,"600 Safety & Traffic"
"0666-6022","REFLECTORIZED PAVEMENT MARKINGS (TY 22)","2024/2014","EA",1.45,1.41,1.36,0.39,9.26,11870,17211.5,"600 Safety & Traffic"
"0666-6023","REFLECTORIZED PAVEMENT MARKINGS (TY 23)","2024/2014","LF",1.52,1.52,1.43,0.4,9.52,13440,20428.8,"600 Safety & Traffic"
"0666-6024","REFLECTORIZED PAVEMENT MARKINGS (TY 24)","2024/2014","EA",1.58,1.63,1.49,0.4,9.77,15010,23715.8,"600 Safety & Traffic"
"0666-6025","REFLECTORIZED PAVEMENT MARKINGS (TY 25)","2024/2014","LF",1.65,1.75,1.55,0.38,8.5,16580,27357,"600 Safety & Traffic"
"0666-6026","REFLECTORIZED PAVEMENT MARKINGS (TY 26)","2024/2014","EA",1.72,1.62,1.62,0.39,8.76,18150,31218,"600 Safety & Traffic"
"0666-6027","REFLECTORIZED PAVEMENT MARKINGS (TY 27)","2024/2014","LF",1.78,1.73,1.67,0.4,9.01,19720,35101.6,"600 Safety & Traffic"
"0666-6028","REFLECTORIZED PAVEMENT MARKINGS (TY 28)","2024/2014","EA",1.85,1.85,1.74,0.4,9.26,10490,19406.5,"600 Safety & Traffic"
"0666-6029","REFLECTORIZED PAVEMENT MARKINGS (TY 29)","2024/2014","LF",1.45,1.49,1.36,0.38,9.52,12060,17487,"600 Safety & Traffic"
"0666-6030","REFLECTORIZED PAVEMENT MARKINGS (TY 30)","2024/2014","EA",1.52,1.61,1.43,0.39,9.77,13630,20717.6,"600 Safety & Traffic"
"0666-6031","REFLECTORIZED PAVEMENT MARKINGS (TY 31)","2024/2014","LF",1.58,1.49,1.49,0.4,8.5,15200,24016,"600 Safety & Traffic"
"0666-6032","REFLECTORIZED PAVEMENT MARKINGS (TY 32)","2024/2014","EA",1.65,1.6,1.55,0.4,8.76,16770,27670.5,"600 Safety & Traffic"
"0666-6033","REFLECTORIZED PAVEMENT MARKINGS (TY 33)","2024/2014","LF",1.72,1.72,1.62,0.38,9.01,18340,31544.8,"600 Safety & Traffic"
"0666-6034","REFLECTORIZED PAVEMENT MARKINGS (TY 34)","2024/2014","EA",1.78,1.83,1.67,0.39,9.26,19910,35439.8,"600 Safety & Traffic"
"0666-6035","REFLECTORIZED PAVEMENT MARKINGS (TY 35)","2024/2014","LF",1.85,1.96,1.74,0.4,9.52,21480,39738,"600 Safety & Traffic"
"0666-6036","REFLECTORIZED PAVEMENT MARKINGS (TY 36)","2024/2014","EA",1.45,1.36,1.36,0.4,9.77,23050,33422.5,"600 Safety & Traffic"
"0666-6037","REFLECTORIZED PAVEMENT MARKINGS (TY 37)","2024/2014","LF",1.52,1.47,1.43,0.38,8.5,13820,21006.4,"600 Safety & Traffic"
"0666-6038","REFLECTORIZED PAVEMENT MARKINGS (TY 38)","2024/2014","EA",1.58,1.58,1.49,0.39,8.76,15390,24316.2,"600 Safety & Traffic"
"0666-6039","REFLECTORIZED PAVEMENT MARKINGS (TY 39)","2024/2014","LF",1.65,1.7,1.55,0.4,9.01,16960,27984,"600 Safety & Traffic"
"0666-6040","REFLECTORIZED PAVEMENT MARKINGS (TY 40)","2024/2014","EA",1.72,1.82,1.62,0.4,9.26,18530,31871.6,"600 Safety & Traffic"
"0666-6041","REFLECTORIZED PAVEMENT MARKINGS (TY 41)","2024/2014","LF",1.78,1.67,1.67,0.38,9.52,20100,35778,"600 Safety & Traffic"
"0666-6042","REFLECTORIZED PAVEMENT MARKINGS (TY 42)","2024/2014","EA",1.85,1.79,1.74,0.39,9.77,21670,40089.5,"600 Safety & Traffic"
"0666-6043","REFLECTORIZED PAVEMENT MARKINGS (TY 43)","2024/2014","LF",1.45,1.45,1.36,0.4,8.5,23240,33698,"600 Safety & Traffic"
"0666-6044","REFLECTORIZED PAVEMENT MARKINGS (TY 44)","2024/2014","EA",1.52,1.57,1.43,0.4,8.76,24810,37711.2,"600 Safety & Traffic"
"0666-6045","REFLECTORIZED PAVEMENT MARKINGS (TY 45)","2024/2014","LF",1.58,1.67,1.49,0.38,9.01,26380,41680.4,"600 Safety & Traffic"
"0666-6046","REFLECTORIZED PAVEMENT MARKINGS (TY 46)","2024/2014","EA",1.65,1.55,1.55,0.39,9.26,17150,28297.5,"600 Safety & Traffic"
"0666-6047","REFLECTORIZED PAVEMENT MARKINGS (TY 47)","2024/2014","LF",1.72,1.67,1.62,0.4,9.52,18720,32198.4,"600 Safety & Traffic"
"0666-6048","REFLECTORIZED PAVEMENT MARKINGS (TY 48)","2024/2014","EA",1.78,1.78,1.67,0.4,9.77,20290,36116.2,"600 Safety & Traffic"
"0666-6049","REFLECTORIZED PAVEMENT MARKINGS (TY 49)","2024/2014","LF",1.85,1.91,1.74,0.38,8.5,21860,40441,"600 Safety & Traffic"
"0666-6050","REFLECTORIZED PAVEMENT MARKINGS (TY 50)","2024/2014","EA",1.45,1.54,1.36,0.39,8.76,23430,33973.5,"600 Safety & Traffic"
"0666-6051","REFLECTORIZED PAVEMENT MARKINGS (TY 51)","2024/2014","LF",1.52,1.43,1.43,0.4,9.01,25000,38000,"600 Safety & Traffic"
"0666-6052","REFLECTORIZED PAVEMENT MARKINGS (TY 52)","2024/2014","EA",1.58,1.53,1.49,0.4,9.26,26570,41980.6,"600 Safety & Traffic"
"0666-6053","REFLECTORIZED PAVEMENT MARKINGS (TY 53)","2024/2014","LF",1.65,1.65,1.55,0.38,9.52,28140,46431,"600 Safety & Traffic"
"0666-6054","REFLECTORIZED PAVEMENT MARKINGS (TY 54)","2024/2014","EA",1.72,1.77,1.62,0.39,9.77,29710,51101.2,"600 Safety & Traffic"
"0666-6055","REFLECTORIZED PAVEMENT MARKINGS (TY 55)","2024/2014","LF",1.78,1.89,1.67,0.4,8.5,20480,36454.4,"600 Safety & Traffic"
"0666-6056","REFLECTORIZED PAVEMENT MARKINGS (TY 56)","2024/2014","EA",1.85,1.74,1.74,0.4,8.76,22050,40792.5,"600 Safety & Traffic"
"0666-6057","REFLECTORIZED PAVEMENT MARKINGS (TY 57)","2024/2014","LF",1.45,1.41,1.36,0.38,9.01,23620,34249,"600 Safety & Traffic"
"0666-6058","REFLECTORIZED PAVEMENT MARKINGS (TY 58)","2024/2014","EA",1.52,1.52,1.43,0.39,9.26,25190,38288.8,"600 Safety & Traffic"
"0666-6059","REFLECTORIZED PAVEMENT MARKINGS (TY 59)","2024/2014","LF",1.58,1.63,1.49,0.4,9.52,26760,42280.8,"600 Safety & Traffic"
"0666-6060","REFLECTORIZED PAVEMENT MARKINGS (TY 60)","2024/2014","EA",1.65,1.75,1.55,0.4,9.77,28330,46744.5,"600 Safety & Traffic"
"0666-6061","REFLECTORIZED PAVEMENT MARKINGS (TY 61)","2024/2014","LF",1.72,1.62,1.62,0.38,8.5,29900,51428,"600 Safety & Traffic"
"0666-6062","REFLECTORIZED PAVEMENT MARKINGS (TY 62)","2024/2014","EA",1.78,1.73,1.67,0.39,8.76,31470,56016.6,"600 Safety & Traffic"
"0666-6063","REFLECTORIZED PAVEMENT MARKINGS (TY 63)","2024/2014","LF",1.85,1.85,1.74,0.4,9.01,33040,61124,"600 Safety & Traffic"
"0666-6064","REFLECTORIZED PAVEMENT MARKINGS (TY 64)","2024/2014","EA",1.45,1.49,1.36,0.4,9.26,23810,34524.5,"600 Safety & Traffic"
"0666-6065","REFLECTORIZED PAVEMENT MARKINGS (TY 65)","2024/2014","LF",1.52,1.61,1.43,0.38,9.52,25380,38577.6,"600 Safety & Traffic"
"0666-6066","REFLECTORIZED PAVEMENT MARKINGS (TY 66)","2024/2014","EA",1.58,1.49,1.49,0.39,9.77,26950,42581,"600 Safety & Traffic"
"0666-6067","REFLECTORIZED PAVEMENT MARKINGS (TY 67)","2024/2014","LF",1.65,1.6,1.55,0.4,8.5,28520,47058,"600 Safety & Traffic"
"0666-6068","REFLECTORIZED PAVEMENT MARKINGS (TY 68)","2024/2014","EA",1.72,1.72,1.62,0.4,8.76,30090,51754.8,"600 Safety & Traffic"
"0666-6069","REFLECTORIZED PAVEMENT MARKINGS (TY 69)","2024/2014","LF",1.78,1.83,1.67,0.38,9.01,31660,56354.8,"600 Safety & Traffic"
"0666-6070","REFLECTORIZED PAVEMENT MARKINGS (TY 70)","2024/2014","EA",1.85,1.96,1.74,0.39,9.26,33230,61475.5,"600 Safety & Traffic"
"0666-6071","REFLECTORIZED PAVEMENT MARKINGS (TY 71)","2024/2014","LF",1.45,1.36,1.36,0.4,9.52,34800,50460,"600 Safety & Traffic"
"0666-6072","REFLECTORIZED PAVEMENT MARKINGS (TY 72)","2024/2014","EA",1.52,1.47,1.43,0.4,9.77,36370,55282.4,"600 Safety & Traffic"
"0666-6073","REFLECTORIZED PAVEMENT MARKINGS (TY 73)","2024/2014","LF",1.58,1.58,1.49,0.38,8.5,27140,42881.2,"600 Safety & Traffic"
"0666-6074","REFLECTORIZED PAVEMENT MARKINGS (TY 74)","2024/2014","EA",1.65,1.7,1.55,0.39,8.76,28710,47371.5,"600 Safety & Traffic"
"0666-6075","REFLECTORIZED PAVEMENT MARKINGS (TY 75)","2024/2014","LF",1.72,1.82,1.62,0.4,9.01,30280,52081.6,"600 Safety & Traffic"
"0666-6076","REFLECTORIZED PAVEMENT MARKINGS (TY 76)","2024/2014","EA",1.78,1.67,1.67,0.4,9.26,31850,56693,"600 Safety & Traffic"
"0666-6077","REFLECTORIZED PAVEMENT MARKINGS (TY 77)","2024/2014","LF",1.85,1.79,1.74,0.38,9.52,33420,61827,"600 Safety & Traffic"
"0666-6078","REFLECTORIZED PAVEMENT MARKINGS (TY 78)","2024/2014","EA",1.45,1.45,1.36,0.39,9.77,34990,50735.5,"600 Safety & Traffic"
"0666-6079","REFLECTORIZED PAVEMENT MARKINGS (TY 79)","2024/2014","LF",1.52,1.57,1.43,0.4,8.5,36560,55571.2,"600 Safety & Traffic"
"0666-6080","REFLECTORIZED PAVEMENT MARKINGS (TY 80)","2024/2014","EA",1.58,1.67,1.49,0.4,8.76,38130,60245.4,"600 Safety & Traffic"
"0666-6081","REFLECTORIZED PAVEMENT MARKINGS (TY 81)","2024/2014","LF",1.65,1.55,1.55,0.38,9.01,39700,65505,"600 Safety & Traffic"
"0666-6082","REFLECTORIZED PAVEMENT MARKINGS (TY 82)","2024/2014","EA",1.72,1.67,1.62,0.39,9.26,30470,52408.4,"600 Safety & Traffic"
"0666-6083","REFLECTORIZED PAVEMENT MARKINGS (TY 83)","2024/2014","LF",1.78,1.78,1.67,0.4,9.52,32040,57031.2,"600 Safety & Traffic"
"0666-6084","REFLECTORIZED PAVEMENT MARKINGS (TY 84)","2024/2014","EA",1.85,1.91,1.74,0.4,9.77,33610,62178.5,"600 Safety & Traffic"
"0666-6085","REFLECTORIZED PAVEMENT MARKINGS (TY 85)","2024/2014","LF",1.45,1.54,1.36,0.38,8.5,35180,51011,"600 Safety & Traffic"
"0666-6086","REFLECTORIZED PAVEMENT MARKINGS (TY 86)","2024/2014","EA",1.52,1.43,1.43,0.39,8.76,36750,55860,"600 Safety & Traffic"
"0666-6087","REFLECTORIZED PAVEMENT MARKINGS (TY 87)","2024/2014","LF",1.58,1.53,1.49,0.4,9.01,38320,60545.6,"600 Safety & Traffic"
"0666-6088","REFLECTORIZED PAVEMENT MARKINGS (TY 88)","2024/2014","EA",1.65,1.65,1.55,0.4,9.26,39890,65818.5,"600 Safety & Traffic"
"0666-6089","REFLECTORIZED PAVEMENT MARKINGS (TY 89)","2024/2014","LF",1.72,1.77,1.62,0.38,9.52,41460,71311.2,"600 Safety & Traffic"
"0666-6090","REFLECTORIZED PAVEMENT MARKINGS (TY 90)","2024/2014","EA",1.78,1.89,1.67,0.39,9.77,43030,76593.4,"600 Safety & Traffic"
"0666-6091","REFLECTORIZED PAVEMENT MARKINGS (TY 91)","2024/2014","LF",1.85,1.74,1.74,0.4,8.5,33800,62530,"600 Safety & Traffic"
"0666-6092","REFLECTORIZED PAVEMENT MARKINGS (TY 92)","2024/2014","EA",1.45,1.41,1.36,0.4,8.76,35370,51286.5,"600 Safety & Traffic"
"0666-6093","REFLECTORIZED PAVEMENT MARKINGS (TY 93)","2024/2014","LF",1.52,1.52,1.43,0.38,9.01,36940,56148.8,"600 Safety & Traffic"
"0666-6094","REFLECTORIZED PAVEMENT MARKINGS (TY 94)","2024/2014","EA",1.58,1.63,1.49,0.39,9.26,38510,60845.8,"600 Safety & Traffic"
"0666-6095","REFLECTORIZED PAVEMENT MARKINGS (TY 95)","2024/2014","LF",1.65,1.75,1.55,0.4,9.52,40080,66132,"600 Safety & Traffic"
"0666-6096","REFLECTORIZED PAVEMENT MARKINGS (TY 96)","2024/2014","EA",1.72,1.62,1.62,0.4,9.77,41650,71638,"600 Safety & Traffic"
"0666-6097","REFLECTORIZED PAVEMENT MARKINGS (TY 97)","2024/2014","LF",1.78,1.73,1.67,0.38,8.5,43220,76931.6,"600 Safety & Traffic"
"0666-6098","REFLECTORIZED PAVEMENT MARKINGS (TY 98)","2024/2014","EA",1.85,1.85,1.74,0.39,8.76,44790,82861.5,"600 Safety & Traffic"
"0666-6099","REFLECTORIZED PAVEMENT MARKINGS (TY 99)","2024/2014","LF",1.45,1.49,1.36,0.4,9.01,46360,67222,"600 Safety & Traffic"
"0666-6100","REFLECTORIZED PAVEMENT MARKINGS (TY 100)","2024/2014","EA",1.52,1.61,1.43,0.4,9.26,37130,56437.6,"600 Safety & Traffic"
"0666-6101","REFLECTORIZED PAVEMENT MARKINGS (TY 101)","2024/2014","LF",1.58,1.49,1.49,0.38,9.52,38700,61146,"600 Safety & Traffic"
"0666-6102","REFLECTORIZED PAVEMENT MARKINGS (TY 102)","2024/2014","EA",1.65,1.6,1.55,0.39,9.77,40270,66445.5,"600 Safety & Traffic"
"0666-6103","REFLECTORIZED PAVEMENT MARKINGS (TY 103)","2024/2014","LF",1.72,1.72,1.62,0.4,8.5,41840,71964.8,"600 Safety & Traffic"
"0666-6104","REFLECTORIZED PAVEMENT MARKINGS (TY 104)","2024/2014","EA",1.78,1.83,1.67,0.4,8.76,43410,77269.8,"600 Safety & Traffic"
"0666-6105","REFLECTORIZED PAVEMENT MARKINGS (TY 105)","2024/2014","LF",1.85,1.96,1.74,0.38,9.01,44980,83213,"600 Safety & Traffic"
"0666-6106","REFLECTORIZED PAVEMENT MARKINGS (TY 106)","2024/2014","EA",1.45,1.36,1.36,0.39,9.26,46550,67497.5,"600 Safety & Traffic"
"0666-6107","REFLECTORIZED PAVEMENT MARKINGS (TY 107)","2024/2014","LF",1.52,1.47,1.43,0.4,9.52,48120,73142.4,"600 Safety & Traffic"
"0666-6108","REFLECTORIZED PAVEMENT MARKINGS (TY 108)","2024/2014","EA",1.58,1.58,1.49,0.4,9.77,49690,78510.2,"600 Safety & Traffic"
"0666-6109","REFLECTORIZED PAVEMENT MARKINGS (TY 109)","2024/2014","LF",1.65,1.7,1.55,0.38,8.5,40460,66759,"600 Safety & Traffic"
"0666-6110","REFLECTORIZED PAVEMENT MARKINGS (TY 110)","2024/2014","EA",1.72,1.82,1.62,0.39,8.76,42030,72291.6,"600 Safety & Traffic"
"0672-6001","RAISED PAVEMENT MARKERS (TY 1)","2024/2014","EA",4.49,4.22,4.22,3,12.5,500,2245,"600 Safety & Traffic"
"0672-6002","RAISED PAVEMENT MARKERS (TY 2)","2024/2014","EA",4.69,4.55,4.41,3.06,12.88,2070,9708.3,"600 Safety & Traffic"
"0672-6003","RAISED PAVEMENT MARKERS (TY 3)","2024/2014","EA",4.9,4.9,4.61,3.12,13.25,3640,17836,"600 Safety & Traffic"
"0672-6004","RAISED PAVEMENT MARKERS (TY 4)","2024/2014","EA",5.1,5.25,4.79,3.18,13.63,5210,26571,"600 Safety & Traffic"
"0672-6005","RAISED PAVEMENT MARKERS (TY 5)","2024/2014","EA",5.3,5.62,4.98,3,14,6780,35934,"600 Safety & Traffic"
"0672-6006","RAISED PAVEMENT MARKERS (TY 6)","2024/2014","EA",5.51,5.18,5.18,3.06,14.37,8350,46008.5,"600 Safety & Traffic"
"0672-6007","RAISED PAVEMENT MARKERS (TY 7)","2024/2014","EA",5.71,5.54,5.37,3.12,12.5,9920,56643.2,"600 Safety & Traffic"
"0672-6008","RAISED PAVEMENT MARKERS (TY 8)","2024/2014","EA",4.49,4.49,4.22,3.18,12.88,11490,51590.1,"600 Safety & Traffic"
"0672-6009","RAISED PAVEMENT MARKERS (TY 9)","2024/2014","EA",4.69,4.83,4.41,3,13.25,13060,61251.4,"600 Safety & Traffic"
"0672-6010","RAISED PAVEMENT MARKERS (TY 10)","2024/2014","EA",4.9,5.19,4.61,3.06,13.63,3830,18767,"600 Safety & Traffic"
"0672-6011","RAISED PAVEMENT MARKERS (TY 11)","2024/2014","EA",5.1,4.79,4.79,3.12,14,5400,27540,"600 Safety & Traffic"
"0672-6012","RAISED PAVEMENT MARKERS (TY 12)","2024/2014","EA",5.3,5.14,4.98,3.18,14.37,6970,36941,"600 Safety & Traffic"
"0672-6013","RAISED PAVEMENT MARKERS (TY 13)","2024/2014","EA",5.51,5.51,5.18,3,12.5,8540,47055.4,"600 Safety & Traffic"
"0672-6014","RAISED PAVEMENT MARKERS (TY 14)","2024/2014","EA",5.71,5.88,5.37,3.06,12.88,10110,57728.1,"600 Safety & Traffic"
"0672-6015","RAISED PAVEMENT MARKERS (TY 15)","2024/2014","EA",4.49,4.76,4.22,3.12,13.25,11680,52443.2,"600 Safety & Traffic"
"0672-6016","RAISED PAVEMENT MARKERS (TY 16)","2024/2014","EA",4.69,4.41,4.41,3.18,13.63,13250,62142.5,"600 Safety & Traffic"
"0672-6017","RAISED PAVEMENT MARKERS (TY 17)","2024/2014","EA",4.9,4.75,4.61,3,14,14820,72618,"600 Safety & Traffic"
"0672-6018","RAISED PAVEMENT MARKERS (TY 18)","2024/2014","EA",5.1,5.1,4.79,3.06,14.37,16390,83589,"600 Safety & Traffic"
"0672-6019","RAISED PAVEMENT MARKERS (TY 19)","2024/2014","EA",5.3,5.46,4.98,3.12,12.5,7160,37948,"600 Safety & Traffic"
"0672-6020","RAISED PAVEMENT MARKERS (TY 20)","2024/2014","EA",5.51,5.84,5.18,3.18,12.88,8730,48102.3,"600 Safety & Traffic"
"0672-6021","RAISED PAVEMENT MARKERS (TY 21)","2024/2014","EA",5.71,5.37,5.37,3,13.25,10300,58813,"600 Safety & Traffic"
"0672-6022","RAISED PAVEMENT MARKERS (TY 22)","2024/2014","EA",4.49,4.36,4.22,3.06,13.63,11870,53296.3,"600 Safety & Traffic"
"0672-6023","RAISED PAVEMENT MARKERS (TY 23)","2024/2014","EA",4.69,4.69,4.41,3.12,14,13440,63033.6,"600 Safety & Traffic"
"0672-6024","RAISED PAVEMENT MARKERS (TY 24)","2024/2014","EA",4.9,5.05,4.61,3.18,14.37,15010,73549,"600 Safety & Traffic"
"0672-6025","RAISED PAVEMENT MARKERS (TY 25)","2024/2014","EA",5.1,5.41,4.79,3,12.5,16580,84558,"600 Safety & Traffic"
"0672-6026","RAISED PAVEMENT MARKERS (TY 26)","2024/2014","EA",5.3,4.98,4.98,3.06,12.88,18150,96195,"600 Safety & Traffic"
"0672-6027","RAISED PAVEMENT MARKERS (TY 27)","2024/2014","EA",5.51,5.34,5.18,3.12,13.25,19720,108657.2,"600 Safety & Traffic"
"0672-6028","RAISED PAVEMENT MARKERS (TY 28)","2024/2014","EA",5.71,5.71,5.37,3.18,13.63,10490,59897.9,"600 Safety & Traffic"
"0672-6029","RAISED PAVEMENT MARKERS (TY 29)","2024/2014","EA",4.49,4.62,4.22,3,14,12060,54149.4,"600 Safety & Traffic"
"0672-6030","RAISED PAVEMENT MARKERS (TY 30)","2024/2014","EA",4.69,4.97,4.41,3.06,14.37,13630,63924.7,"600 Safety & Traffic"
"6001-6001","PORTABLE CHANGEABLE MESSAGE SIGN (TY 1)","2024/2014","EA",8096,7610.24,7610.24,120,16500,500,4048000,"600 Safety & Traffic"
"6001-6002","PORTABLE CHANGEABLE MESSAGE SIGN (TY 2)","2024/2014","DAY",8464,8210.08,7956.16,122.4,16995,2070,17520480,"600 Safety & Traffic"
"6001-6003","PORTABLE CHANGEABLE MESSAGE SIGN (TY 3)","2024/2014","EA",8832,8832,8302.08,124.8,17490,3640,32148480,"600 Safety & Traffic"
"6001-6004","PORTABLE CHANGEABLE MESSAGE SIGN (TY 4)","2024/2014","DAY",9200,9476,8648,127.2,17985,5210,47932000,"600 Safety & Traffic"
"6001-6005","PORTABLE CHANGEABLE MESSAGE SIGN (TY 5)","2024/2014","EA",9568,10142.08,8993.92,120,18480,6780,64871040,"600 Safety & Traffic"
"6001-6006","PORTABLE CHANGEABLE MESSAGE SIGN (TY 6)","2024/2014","DAY",9936,9339.84,9339.84,122.4,18975,8350,82965600,"600 Safety & Traffic"
"6001-6007","PORTABLE CHANGEABLE MESSAGE SIGN (TY 7)","2024/2014","EA",10304,9994.88,9685.76,124.8,16500,9920,102215680,"600 Safety & Traffic"
"6001-6008","PORTABLE CHANGEABLE MESSAGE SIGN (TY 8)","2024/2014","DAY",8096,8096,7610.24,127.2,16995,11490,93023040,"600 Safety & Traffic"
"6001-6009","PORTABLE CHANGEABLE MESSAGE SIGN (TY 9)","2024/2014","EA",8464,8717.92,7956.16,120,17490,13060,110539840,"600 Safety & Traffic"
"6001-6010","PORTABLE CHANGEABLE MESSAGE SIGN (TY 10)","2024/2014","DAY",8832,9361.92,8302.08,122.4,17985,3830,33826560,"600 Safety & Traffic"
"6001-6011","PORTABLE CHANGEABLE MESSAGE SIGN (TY 11)","2024/2014","EA",9200,8648,8648,124.8,18480,5400,49680000,"600 Safety & Traffic"
"6001-6012","PORTABLE CHANGEABLE MESSAGE SIGN (TY 12)","2024/2014","DAY",9568,9280.96,8993.92,127.2,18975,6970,66688960,"600 Safety & Traffic"
"6001-6013","PORTABLE CHANGEABLE MESSAGE SIGN (TY 13)","2024/2014","EA",9936,9936,9339.84,120,16500,8540,84853440,"600 Safety & Traffic"
"6001-6014","PORTABLE CHANGEABLE MESSAGE SIGN (TY 14)","2024/2014","DAY",10304,10613.12,9685.76,122.4,16995,10110,104173440,"600 Safety & Traffic"
"6001-6015","PORTABLE CHANGEABLE MESSAGE SIGN (TY 15)","2024/2014","EA",8096,8581.76,7610.24,124.8,17490,11680,94561280,"600 Safety & Traffic"
"6001-6016","PORTABLE CHANGEABLE MESSAGE SIGN (TY 16)","2024/2014","DAY",8464,7956.16,7956.16,127.2,17985,13250,112148000,"600 Safety & Traffic"
"6001-6017","PORTABLE CHANGEABLE MESSAGE SIGN (TY 17)","2024/2014","EA",8832,8567.04,8302.08,120,18480,14820,130890240,"600 Safety & Traffic"
"6001-6018","PORTABLE CHANGEABLE MESSAGE SIGN (TY 18)","2024/2014","DAY",9200,9200,8648,122.4,18975,16390,150788000,"600 Safety & Traffic"
"6001-6019","PORTABLE CHANGEABLE MESSAGE SIGN (TY 19)","2024/2014","EA",9568,9855.04,8993.92,124.8,16500,7160,68506880,"600 Safety & Traffic"
"6001-6020","PORTABLE CHANGEABLE MESSAGE SIGN (TY 20)","2024/2014","DAY",9936,10532.16,9339.84,127.2,16995,8730,86741280,"600 Safety & Traffic"
"6001-6021","PORTABLE CHANGEABLE MESSAGE SIGN (TY 21)","2024/2014","EA",10304,9685.76,9685.76,120,17490,10300,106131200,"600 Safety & Traffic"
"6001-6022","PORTABLE CHANGEABLE MESSAGE SIGN (TY 22)","2024/2014","DAY",8096,7853.12,7610.24,122.4,17985,11870,96099520,"600 Safety & Traffic"
"6001-6023","PORTABLE CHANGEABLE MESSAGE SIGN (TY 23)","2024/2014","EA",8464,8464,7956.16,124.8,18480,13440,113756160,"600 Safety & Traffic"
"6001-6024","PORTABLE CHANGEABLE MESSAGE SIGN (TY 24)","2024/2014","DAY",8832,9096.96,8302.08,127.2,18975,15010,132568320,"600 Safety & Traffic"
"6001-6025","PORTABLE CHANGEABLE MESSAGE SIGN (TY 25)","2024/2014","EA",9200,9752,8648,120,16500,16580,152536000,"600 Safety & Traffic"
"6185-6001","TRUCK MOUNTED ATTENUATOR (TMA) (TY 1)","2024/2014","DAY",259.6,244.02,244.02,45,650,500,129800,"600 Safety & Traffic"
"6185-6002","TRUCK MOUNTED ATTENUATOR (TMA) (TY 2)","2024/2014","HR",271.4,263.26,255.12,45.9,669.5,2070,561798,"600 Safety & Traffic"
"6185-6003","TRUCK MOUNTED ATTENUATOR (TMA) (TY 3)","2024/2014","DAY",283.2,283.2,266.21,46.8,689,3640,1030848,"600 Safety & Traffic"
"6185-6004","TRUCK MOUNTED ATTENUATOR (TMA) (TY 4)","2024/2014","HR",295,303.85,277.3,47.7,708.5,5210,1536950,"600 Safety & Traffic"
"6185-6005","TRUCK MOUNTED ATTENUATOR (TMA) (TY 5)","2024/2014","DAY",306.8,325.21,288.39,45,728,6780,2080104,"600 Safety & Traffic"
"6185-6006","TRUCK MOUNTED ATTENUATOR (TMA) (TY 6)","2024/2014","HR",318.6,299.48,299.48,45.9,747.5,8350,2660310,"600 Safety & Traffic"
"6185-6007","TRUCK MOUNTED ATTENUATOR (TMA) (TY 7)","2024/2014","DAY",330.4,320.49,310.58,46.8,650,9920,3277568,"600 Safety & Traffic"
"6185-6008","TRUCK MOUNTED ATTENUATOR (TMA) (TY 8)","2024/2014","HR",259.6,259.6,244.02,47.7,669.5,11490,2982804,"600 Safety & Traffic"
"6185-6009","TRUCK MOUNTED ATTENUATOR (TMA) (TY 9)","2024/2014","DAY",271.4,279.54,255.12,45,689,13060,3544484,"600 Safety & Traffic"
"6185-6010","TRUCK MOUNTED ATTENUATOR (TMA) (TY 10)","2024/2014","HR",283.2,300.19,266.21,45.9,708.5,3830,1084656,"600 Safety & Traffic"
"6185-6011","TRUCK MOUNTED ATTENUATOR (TMA) (TY 11)","2024/2014","DAY",295,277.3,277.3,46.8,728,5400,1593000,"600 Safety & Traffic"
"6185-6012","TRUCK MOUNTED ATTENUATOR (TMA) (TY 12)","2024/2014","HR",306.8,297.6,288.39,47.7,747.5,6970,2138396,"600 Safety & Traffic"
"6185-6013","TRUCK MOUNTED ATTENUATOR (TMA) (TY 13)","2024/2014","DAY",318.6,318.6,299.48,45,650,8540,2720844,"600 Safety & Traffic"
"6185-6014","TRUCK MOUNTED ATTENUATOR (TMA) (TY 14)","2024/2014","HR",330.4,340.31,310.58,45.9,669.5,10110,3340344,"600 Safety & Traffic"
"6185-6015","TRUCK MOUNTED ATTENUATOR (TMA) (TY 15)","2024/2014","DAY",259.6,275.18,244.02,46.8,689,11680,3032128,"600 Safety & Traffic"
"6185-6016","TRUCK MOUNTED ATTENUATOR (TMA) (TY 16)","2024/2014","HR",271.4,255.12,255.12,47.7,708.5,13250,3596050,"600 Safety & Traffic"
"6185-6017","TRUCK MOUNTED ATTENUATOR (TMA) (TY 17)","2024/2014","DAY",283.2,274.7,266.21,45,728,14820,4197024,"600 Safety & Traffic"
"6185-6018","TRUCK MOUNTED ATTENUATOR (TMA) (TY 18)","2024/2014","HR",295,295,277.3,45.9,747.5,16390,4835050,"600 Safety & Traffic"
"6185-6019","TRUCK MOUNTED ATTENUATOR (TMA) (TY 19)","2024/2014","DAY",306.8,316,288.39,46.8,650,7160,2196688,"600 Safety & Traffic"
"6185-6020","TRUCK MOUNTED ATTENUATOR (TMA) (TY 20)","2024/2014","HR",318.6,337.72,299.48,47.7,669.5,8730,2781378,"600 Safety & Traffic"
"0712-6001","JT / CRCK SEAL (RUBBER - ASPHALT) (TY 1)","2024/2014","LMI",774.4,727.94,727.94,1.2,1650,500,387200,"700 Maintenance"
"0712-6002","JT / CRCK SEAL (RUBBER - ASPHALT) (TY 2)","2024/2014","LF",809.6,785.31,761.02,1.22,1699.5,2070,1675872,"700 Maintenance"
"0712-6003","JT / CRCK SEAL (RUBBER - ASPHALT) (TY 3)","2024/2014","LMI",844.8,844.8,794.11,1.25,1749,3640,3075072,"700 Maintenance"
"0712-6004","JT / CRCK SEAL (RUBBER - ASPHALT) (TY 4)","2024/2014","LF",880,906.4,827.2,1.27,1798.5,5210,4584800,"700 Maintenance"
"0712-6005","JT / CRCK SEAL (RUBBER - ASPHALT) (TY 5)","2024/2014","LMI",915.2,970.11,860.29,1.2,1848,6780,6205056,"700 Maintenance"
"0712-6006","JT / CRCK SEAL (RUBBER - ASPHALT) (TY 6)","2024/2014","LF",950.4,893.38,893.38,1.22,1897.5,8350,7935840,"700 Maintenance"
"0712-6007","JT / CRCK SEAL (RUBBER - ASPHALT) (TY 7)","2024/2014","LMI",985.6,956.03,926.46,1.25,1650,9920,9777152,"700 Maintenance"
"0712-6008","JT / CRCK SEAL (RUBBER - ASPHALT) (TY 8)","2024/2014","LF",774.4,774.4,727.94,1.27,1699.5,11490,8897856,"700 Maintenance"
"0712-6009","JT / CRCK SEAL (RUBBER - ASPHALT) (TY 9)","2024/2014","LMI",809.6,833.89,761.02,1.2,1749,13060,10573376,"700 Maintenance"
"0712-6010","JT / CRCK SEAL (RUBBER - ASPHALT) (TY 10)","2024/2014","LF",844.8,895.49,794.11,1.22,1798.5,3830,3235584,"700 Maintenance"
"0712-6011","JT / CRCK SEAL (RUBBER - ASPHALT) (TY 11)","2024/2014","LMI",880,827.2,827.2,1.25,1848,5400,4752000,"700 Maintenance"
"0712-6012","JT / CRCK SEAL (RUBBER - ASPHALT) (TY 12)","2024/2014","LF",915.2,887.74,860.29,1.27,1897.5,6970,6378944,"700 Maintenance"
"0712-6013","JT / CRCK SEAL (RUBBER - ASPHALT) (TY 13)","2024/2014","LMI",950.4,950.4,893.38,1.2,1650,8540,8116416,"700 Maintenance"
"0712-6014","JT / CRCK SEAL (RUBBER - ASPHALT) (TY 14)","2024/2014","LF",985.6,1015.17,926.46,1.22,1699.5,10110,9964416,"700 Maintenance"
"0712-6015","JT / CRCK SEAL (RUBBER - ASPHALT) (TY 15)","2024/2014","LMI",774.4,820.86,727.94,1.25,1749,11680,9044992,"700 Maintenance"
"0712-6016","JT / CRCK SEAL (RUBBER - ASPHALT) (TY 16)","2024/2014","LF",809.6,761.02,761.02,1.27,1798.5,13250,10727200,"700 Maintenance"
"0712-6017","JT / CRCK SEAL (RUBBER - ASPHALT) (TY 17)","2024/2014","LMI",844.8,819.46,794.11,1.2,1848,14820,12519936,"700 Maintenance"
"0712-6018","JT / CRCK SEAL (RUBBER - ASPHALT) (TY 18)","2024/2014","LF",880,880,827.2,1.22,1897.5,16390,14423200,"700 Maintenance"
"0712-6019","JT / CRCK SEAL (RUBBER - ASPHALT) (TY 19)","2024/2014","LMI",915.2,942.66,860.29,1.25,1650,7160,6552832,"700 Maintenance"
"0712-6020","JT / CRCK SEAL (RUBBER - ASPHALT) (TY 20)","2024/2014","LF",950.4,1007.42,893.38,1.27,1699.5,8730,8296992,"700 Maintenance"
"0712-6021","JT / CRCK SEAL (RUBBER - ASPHALT) (TY 21)","2024/2014","LMI",985.6,926.46,926.46,1.2,1749,10300,10151680,"700 Maintenance"
"0712-6022","JT / CRCK SEAL (RUBBER - ASPHALT) (TY 22)","2024/2014","LF",774.4,751.17,727.94,1.22,1798.5,11870,9192128,"700 Maintenance"
"0712-6023","JT / CRCK SEAL (RUBBER - ASPHALT) (TY 23)","2024/2014","LMI",809.6,809.6,761.02,1.25,1848,13440,10881024,"700 Maintenance"
"0712-6024","JT / CRCK SEAL (RUBBER - ASPHALT) (TY 24)","2024/2014","LF",844.8,870.14,794.11,1.27,1897.5,15010,12680448,"700 Maintenance"
"0712-6025","JT / CRCK SEAL (RUBBER - ASPHALT) (TY 25)","2024/2014","LMI",880,932.8,827.2,1.2,1650,16580,14590400,"700 Maintenance"
"0712-6026","JT / CRCK SEAL (RUBBER - ASPHALT) (TY 26)","2024/2014","LF",915.2,860.29,860.29,1.22,1699.5,18150,16610880,"700 Maintenance"
"0712-6027","JT / CRCK SEAL (RUBBER - ASPHALT) (TY 27)","2024/2014","LMI",950.4,921.89,893.38,1.25,1749,19720,18741888,"700 Maintenance"
"0712-6028","JT / CRCK SEAL (RUBBER - ASPHALT) (TY 28)","2024/2014","LF",985.6,985.6,926.46,1.27,1798.5,10490,10338944,"700 Maintenance"
"0712-6029","JT / CRCK SEAL (RUBBER - ASPHALT) (TY 29)","2024/2014","LMI",774.4,797.63,727.94,1.2,1848,12060,9339264,"700 Maintenance"
"0712-6030","JT / CRCK SEAL (RUBBER - ASPHALT) (TY 30)","2024/2014","LF",809.6,858.18,761.02,1.22,1897.5,13630,11034848,"700 Maintenance"
"0712-6031","JT / CRCK SEAL (RUBBER - ASPHALT) (TY 31)","2024/2014","LMI",844.8,794.11,794.11,1.25,1650,15200,12840960,"700 Maintenance"
"0712-6032","JT / CRCK SEAL (RUBBER - ASPHALT) (TY 32)","2024/2014","LF",880,853.6,827.2,1.27,1699.5,16770,14757600,"700 Maintenance"
"0712-6033","JT / CRCK SEAL (RUBBER - ASPHALT) (TY 33)","2024/2014","LMI",915.2,915.2,860.29,1.2,1749,18340,16784768,"700 Maintenance"
"0712-6034","JT / CRCK SEAL (RUBBER - ASPHALT) (TY 34)","2024/2014","LF",950.4,978.91,893.38,1.22,1798.5,19910,18922464,"700 Maintenance"
"0712-6035","JT / CRCK SEAL (RUBBER - ASPHALT) (TY 35)","2024/2014","LMI",985.6,1044.74,926.46,1.25,1848,21480,21170688,"700 Maintenance"
"0720-6001","SPALL REPAIR (POLYMERIC) (TY 1)","2024/2014","GAL",59.84,56.25,56.25,35,145,500,29920,"700 Maintenance"
"0720-6002","SPALL REPAIR (POLYMERIC) (TY 2)","2024/2014","CF",62.56,60.68,58.81,35.7,149.35,2070,129499.2,"700 Maintenance"
"0720-6003","SPALL REPAIR (POLYMERIC) (TY 3)","2024/2014","GAL",65.28,65.28,61.36,36.4,153.7,3640,237619.2,"700 Maintenance"
"0720-6004","SPALL REPAIR (POLYMERIC) (TY 4)","2024/2014","CF",68,70.04,63.92,37.1,158.05,5210,354280,"700 Maintenance"
"0720-6005","SPALL REPAIR (POLYMERIC) (TY 5)","2024/2014","GAL",70.72,74.96,66.48,35,162.4,6780,479481.6,"700 Maintenance"
"0720-6006","SPALL REPAIR (POLYMERIC) (TY 6)","2024/2014","CF",73.44,69.03,69.03,35.7,166.75,8350,613224,"700 Maintenance"
"0720-6007","SPALL REPAIR (POLYMERIC) (TY 7)","2024/2014","GAL",76.16,73.88,71.59,36.4,145,9920,755507.2,"700 Maintenance"
"0720-6008","SPALL REPAIR (POLYMERIC) (TY 8)","2024/2014","CF",59.84,59.84,56.25,37.1,149.35,11490,687561.6,"700 Maintenance"
"0720-6009","SPALL REPAIR (POLYMERIC) (TY 9)","2024/2014","GAL",62.56,64.44,58.81,35,153.7,13060,817033.6,"700 Maintenance"
"0720-6010","SPALL REPAIR (POLYMERIC) (TY 10)","2024/2014","CF",65.28,69.2,61.36,35.7,158.05,3830,250022.4,"700 Maintenance"
"0720-6011","SPALL REPAIR (POLYMERIC) (TY 11)","2024/2014","GAL",68,63.92,63.92,36.4,162.4,5400,367200,"700 Maintenance"
"0720-6012","SPALL REPAIR (POLYMERIC) (TY 12)","2024/2014","CF",70.72,68.6,66.48,37.1,166.75,6970,492918.4,"700 Maintenance"
"0720-6013","SPALL REPAIR (POLYMERIC) (TY 13)","2024/2014","GAL",73.44,73.44,69.03,35,145,8540,627177.6,"700 Maintenance"
"0720-6014","SPALL REPAIR (POLYMERIC) (TY 14)","2024/2014","CF",76.16,78.44,71.59,35.7,149.35,10110,769977.6,"700 Maintenance"
"0720-6015","SPALL REPAIR (POLYMERIC) (TY 15)","2024/2014","GAL",59.84,63.43,56.25,36.4,153.7,11680,698931.2,"700 Maintenance"
"0720-6016","SPALL REPAIR (POLYMERIC) (TY 16)","2024/2014","CF",62.56,58.81,58.81,37.1,158.05,13250,828920,"700 Maintenance"
"0720-6017","SPALL REPAIR (POLYMERIC) (TY 17)","2024/2014","GAL",65.28,63.32,61.36,35,162.4,14820,967449.6,"700 Maintenance"
"0720-6018","SPALL REPAIR (POLYMERIC) (TY 18)","2024/2014","CF",68,68,63.92,35.7,166.75,16390,1114520,"700 Maintenance"
"0720-6019","SPALL REPAIR (POLYMERIC) (TY 19)","2024/2014","GAL",70.72,72.84,66.48,36.4,145,7160,506355.2,"700 Maintenance"
"0720-6020","SPALL REPAIR (POLYMERIC) (TY 20)","2024/2014","CF",73.44,77.85,69.03,37.1,149.35,8730,641131.2,"700 Maintenance"
"0720-6021","SPALL REPAIR (POLYMERIC) (TY 21)","2024/2014","GAL",76.16,71.59,71.59,35,153.7,10300,784448,"700 Maintenance"
"0720-6022","SPALL REPAIR (POLYMERIC) (TY 22)","2024/2014","CF",59.84,58.04,56.25,35.7,158.05,11870,710300.8,"700 Maintenance"
"0720-6023","SPALL REPAIR (POLYMERIC) (TY 23)","2024/2014","GAL",62.56,62.56,58.81,36.4,162.4,13440,840806.4,"700 Maintenance"
"0720-6024","SPALL REPAIR (POLYMERIC) (TY 24)","2024/2014","CF",65.28,67.24,61.36,37.1,166.75,15010,979852.8,"700 Maintenance"
"0720-6025","SPALL REPAIR (POLYMERIC) (TY 25)","2024/2014","GAL",68,72.08,63.92,35,145,16580,1127440,"700 Maintenance"
"0720-6026","SPALL REPAIR (POLYMERIC) (TY 26)","2024/2014","CF",70.72,66.48,66.48,35.7,149.35,18150,1283568,"700 Maintenance"
"0720-6027","SPALL REPAIR (POLYMERIC) (TY 27)","2024/2014","GAL",73.44,71.24,69.03,36.4,153.7,19720,1448236.8,"700 Maintenance"
"0720-6028","SPALL REPAIR (POLYMERIC) (TY 28)","2024/2014","CF",76.16,76.16,71.59,37.1,158.05,10490,798918.4,"700 Maintenance"
"0720-6029","SPALL REPAIR (POLYMERIC) (TY 29)","2024/2014","GAL",59.84,61.64,56.25,35,162.4,12060,721670.4,"700 Maintenance"
"0720-6030","SPALL REPAIR (POLYMERIC) (TY 30)","2024/2014","CF",62.56,66.31,58.81,35.7,166.75,13630,852692.8,"700 Maintenance"
"0730-6001","FULL - WIDTH / STRIP MOWING (TY 1)","2024/2014","AC",45.76,43.01,43.01,32,95,500,22880,"700 Maintenance"
"0730-6002","FULL - WIDTH / STRIP MOWING (TY 2)","2024/2014","AC",47.84,46.4,44.97,32.64,97.85,2070,99028.8,"700 Maintenance"
"0730-6003","FULL - WIDTH / STRIP MOWING (TY 3)","2024/2014","AC",49.92,49.92,46.92,33.28,100.7,3640,181708.8,"700 Maintenance"
"0730-6004","FULL - WIDTH / STRIP MOWING (TY 4)","2024/2014","AC",52,53.56,48.88,33.92,103.55,5210,270920,"700 Maintenance"
"0730-6005","FULL - WIDTH / STRIP MOWING (TY 5)","2024/2014","AC",54.08,57.32,50.84,32,106.4,6780,366662.4,"700 Maintenance"
"0730-6006","FULL - WIDTH / STRIP MOWING (TY 6)","2024/2014","AC",56.16,52.79,52.79,32.64,109.25,8350,468936,"700 Maintenance"
"0730-6007","FULL - WIDTH / STRIP MOWING (TY 7)","2024/2014","AC",58.24,56.49,54.75,33.28,95,9920,577740.8,"700 Maintenance"
"0730-6008","FULL - WIDTH / STRIP MOWING (TY 8)","2024/2014","AC",45.76,45.76,43.01,33.92,97.85,11490,525782.4,"700 Maintenance"
"0730-6009","FULL - WIDTH / STRIP MOWING (TY 9)","2024/2014","AC",47.84,49.28,44.97,32,100.7,13060,624790.4,"700 Maintenance"
"0730-6010","FULL - WIDTH / STRIP MOWING (TY 10)","2024/2014","AC",49.92,52.92,46.92,32.64,103.55,3830,191193.6,"700 Maintenance"
"0730-6011","FULL - WIDTH / STRIP MOWING (TY 11)","2024/2014","AC",52,48.88,48.88,33.28,106.4,5400,280800,"700 Maintenance"
"0730-6012","FULL - WIDTH / STRIP MOWING (TY 12)","2024/2014","AC",54.08,52.46,50.84,33.92,109.25,6970,376937.6,"700 Maintenance"
"0730-6013","FULL - WIDTH / STRIP MOWING (TY 13)","2024/2014","AC",56.16,56.16,52.79,32,95,8540,479606.4,"700 Maintenance"
"0730-6014","FULL - WIDTH / STRIP MOWING (TY 14)","2024/2014","AC",58.24,59.99,54.75,32.64,97.85,10110,588806.4,"700 Maintenance"
"0730-6015","FULL - WIDTH / STRIP MOWING (TY 15)","2024/2014","AC",45.76,48.51,43.01,33.28,100.7,11680,534476.8,"700 Maintenance"
"0730-6016","FULL - WIDTH / STRIP MOWING (TY 16)","2024/2014","AC",47.84,44.97,44.97,33.92,103.55,13250,633880,"700 Maintenance"
"0730-6017","FULL - WIDTH / STRIP MOWING (TY 17)","2024/2014","AC",49.92,48.42,46.92,32,106.4,14820,739814.4,"700 Maintenance"
"0730-6018","FULL - WIDTH / STRIP MOWING (TY 18)","2024/2014","AC",52,52,48.88,32.64,109.25,16390,852280,"700 Maintenance"
"0730-6019","FULL - WIDTH / STRIP MOWING (TY 19)","2024/2014","AC",54.08,55.7,50.84,33.28,95,7160,387212.8,"700 Maintenance"
"0730-6020","FULL - WIDTH / STRIP MOWING (TY 20)","2024/2014","AC",56.16,59.53,52.79,33.92,97.85,8730,490276.8,"700 Maintenance"
"0730-6021","FULL - WIDTH / STRIP MOWING (TY 21)","2024/2014","AC",58.24,54.75,54.75,32,100.7,10300,599872,"700 Maintenance"
"0730-6022","FULL - WIDTH / STRIP MOWING (TY 22)","2024/2014","AC",45.76,44.39,43.01,32.64,103.55,11870,543171.2,"700 Maintenance"
"0730-6023","FULL - WIDTH / STRIP MOWING (TY 23)","2024/2014","AC",47.84,47.84,44.97,33.28,106.4,13440,642969.6,"700 Maintenance"
"0730-6024","FULL - WIDTH / STRIP MOWING (TY 24)","2024/2014","AC",49.92,51.42,46.92,33.92,109.25,15010,749299.2,"700 Maintenance"
"0730-6025","FULL - WIDTH / STRIP MOWING (TY 25)","2024/2014","AC",52,55.12,48.88,32,95,16580,862160,"700 Maintenance"
"0734-6001","LITTER REMOVAL (TY 1)","2024/2014","AC",20.68,19.44,19.44,14,42,500,10340,"700 Maintenance"
"0734-6002","LITTER REMOVAL (TY 2)","2024/2014","AC",21.62,20.97,20.32,14.28,43.26,2070,44753.4,"700 Maintenance"
"0734-6003","LITTER REMOVAL (TY 3)","2024/2014","AC",22.56,22.56,21.21,14.56,44.52,3640,82118.4,"700 Maintenance"
"0734-6004","LITTER REMOVAL (TY 4)","2024/2014","AC",23.5,24.2,22.09,14.84,45.78,5210,122435,"700 Maintenance"
"0734-6005","LITTER REMOVAL (TY 5)","2024/2014","AC",24.44,25.91,22.97,14,47.04,6780,165703.2,"700 Maintenance"
"0734-6006","LITTER REMOVAL (TY 6)","2024/2014","AC",25.38,23.86,23.86,14.28,48.3,8350,211923,"700 Maintenance"
"0734-6007","LITTER REMOVAL (TY 7)","2024/2014","AC",26.32,25.53,24.74,14.56,42,9920,261094.4,"700 Maintenance"
"0734-6008","LITTER REMOVAL (TY 8)","2024/2014","AC",20.68,20.68,19.44,14.84,43.26,11490,237613.2,"700 Maintenance"
"0734-6009","LITTER REMOVAL (TY 9)","2024/2014","AC",21.62,22.27,20.32,14,44.52,13060,282357.2,"700 Maintenance"
"0734-6010","LITTER REMOVAL (TY 10)","2024/2014","AC",22.56,23.91,21.21,14.28,45.78,3830,86404.8,"700 Maintenance"
"0734-6011","LITTER REMOVAL (TY 11)","2024/2014","AC",23.5,22.09,22.09,14.56,47.04,5400,126900,"700 Maintenance"
"0734-6012","LITTER REMOVAL (TY 12)","2024/2014","AC",24.44,23.71,22.97,14.84,48.3,6970,170346.8,"700 Maintenance"
"0734-6013","LITTER REMOVAL (TY 13)","2024/2014","AC",25.38,25.38,23.86,14,42,8540,216745.2,"700 Maintenance"
"0734-6014","LITTER REMOVAL (TY 14)","2024/2014","AC",26.32,27.11,24.74,14.28,43.26,10110,266095.2,"700 Maintenance"
"0734-6015","LITTER REMOVAL (TY 15)","2024/2014","AC",20.68,21.92,19.44,14.56,44.52,11680,241542.4,"700 Maintenance"
"0734-6016","LITTER REMOVAL (TY 16)","2024/2014","AC",21.62,20.32,20.32,14.84,45.78,13250,286465,"700 Maintenance"
"0734-6017","LITTER REMOVAL (TY 17)","2024/2014","AC",22.56,21.88,21.21,14,47.04,14820,334339.2,"700 Maintenance"
"0734-6018","LITTER REMOVAL (TY 18)","2024/2014","AC",23.5,23.5,22.09,14.28,48.3,16390,385165,"700 Maintenance"
"0734-6019","LITTER REMOVAL (TY 19)","2024/2014","AC",24.44,25.17,22.97,14.56,42,7160,174990.4,"700 Maintenance"
"0734-6020","LITTER REMOVAL (TY 20)","2024/2014","AC",25.38,26.9,23.86,14.84,43.26,8730,221567.4,"700 Maintenance"
"0738-6001","CLEANING / SWEEPING (TY 1)","2024/2014","MI",136.4,128.22,128.22,95,280,500,68200,"700 Maintenance"
"0738-6002","CLEANING / SWEEPING (TY 2)","2024/2014","MI",142.6,138.32,134.04,96.9,288.4,2070,295182,"700 Maintenance"
"0738-6003","CLEANING / SWEEPING (TY 3)","2024/2014","MI",148.8,148.8,139.87,98.8,296.8,3640,541632,"700 Maintenance"
"0738-6004","CLEANING / SWEEPING (TY 4)","2024/2014","MI",155,159.65,145.7,100.7,305.2,5210,807550,"700 Maintenance"
"0738-6005","CLEANING / SWEEPING (TY 5)","2024/2014","MI",161.2,170.87,151.53,95,313.6,6780,1092936,"700 Maintenance"
"0738-6006","CLEANING / SWEEPING (TY 6)","2024/2014","MI",167.4,157.36,157.36,96.9,322,8350,1397790,"700 Maintenance"
"0738-6007","CLEANING / SWEEPING (TY 7)","2024/2014","MI",173.6,168.39,163.18,98.8,280,9920,1722112,"700 Maintenance"
"0738-6008","CLEANING / SWEEPING (TY 8)","2024/2014","MI",136.4,136.4,128.22,100.7,288.4,11490,1567236,"700 Maintenance"
"0738-6009","CLEANING / SWEEPING (TY 9)","2024/2014","MI",142.6,146.88,134.04,95,296.8,13060,1862356,"700 Maintenance"
"0738-6010","CLEANING / SWEEPING (TY 10)","2024/2014","MI",148.8,157.73,139.87,96.9,305.2,3830,569904,"700 Maintenance"
"0738-6011","CLEANING / SWEEPING (TY 11)","2024/2014","MI",155,145.7,145.7,98.8,313.6,5400,837000,"700 Maintenance"
"0738-6012","CLEANING / SWEEPING (TY 12)","2024/2014","MI",161.2,156.36,151.53,100.7,322,6970,1123564,"700 Maintenance"
"0738-6013","CLEANING / SWEEPING (TY 13)","2024/2014","MI",167.4,167.4,157.36,95,280,8540,1429596,"700 Maintenance"
"0738-6014","CLEANING / SWEEPING (TY 14)","2024/2014","MI",173.6,178.81,163.18,96.9,288.4,10110,1755096,"700 Maintenance"
"0738-6015","CLEANING / SWEEPING (TY 15)","2024/2014","MI",136.4,144.58,128.22,98.8,296.8,11680,1593152,"700 Maintenance"
"0738-6016","CLEANING / SWEEPING (TY 16)","2024/2014","MI",142.6,134.04,134.04,100.7,305.2,13250,1889450,"700 Maintenance"
"0738-6017","CLEANING / SWEEPING (TY 17)","2024/2014","MI",148.8,144.34,139.87,95,313.6,14820,2205216,"700 Maintenance"
"0738-6018","CLEANING / SWEEPING (TY 18)","2024/2014","MI",155,155,145.7,96.9,322,16390,2540450,"700 Maintenance"
"0738-6019","CLEANING / SWEEPING (TY 19)","2024/2014","MI",161.2,166.04,151.53,98.8,280,7160,1154192,"700 Maintenance"
"0738-6020","CLEANING / SWEEPING (TY 20)","2024/2014","MI",167.4,177.44,157.36,100.7,288.4,8730,1461402,"700 Maintenance"
"0738-6021","CLEANING / SWEEPING (TY 21)","2024/2014","MI",173.6,163.18,163.18,95,296.8,10300,1788080,"700 Maintenance"
"0738-6022","CLEANING / SWEEPING (TY 22)","2024/2014","MI",136.4,132.31,128.22,96.9,305.2,11870,1619068,"700 Maintenance"
"0738-6023","CLEANING / SWEEPING (TY 23)","2024/2014","MI",142.6,142.6,134.04,98.8,313.6,13440,1916544,"700 Maintenance"
"0738-6024","CLEANING / SWEEPING (TY 24)","2024/2014","MI",148.8,153.26,139.87,100.7,322,15010,2233488,"700 Maintenance"
"0738-6025","CLEANING / SWEEPING (TY 25)","2024/2014","MI",155,164.3,145.7,95,280,16580,2569900,"700 Maintenance"
"0738-6026","CLEANING / SWEEPING (TY 26)","2024/2014","MI",161.2,151.53,151.53,96.9,288.4,18150,2925780,"700 Maintenance"
"0738-6027","CLEANING / SWEEPING (TY 27)","2024/2014","MI",167.4,162.38,157.36,98.8,296.8,19720,3301128,"700 Maintenance"
"0738-6028","CLEANING / SWEEPING (TY 28)","2024/2014","MI",173.6,173.6,163.18,100.7,305.2,10490,1821064,"700 Maintenance"
"0738-6029","CLEANING / SWEEPING (TY 29)","2024/2014","MI",136.4,140.49,128.22,95,313.6,12060,1644984,"700 Maintenance"
"0738-6030","CLEANING / SWEEPING (TY 30)","2024/2014","MI",142.6,151.16,134.04,96.9,322,13630,1943638,"700 Maintenance"
"0738-6031","CLEANING / SWEEPING (TY 31)","2024/2014","MI",148.8,139.87,139.87,98.8,280,15200,2261760,"700 Maintenance"
"0738-6032","CLEANING / SWEEPING (TY 32)","2024/2014","MI",155,150.35,145.7,100.7,288.4,16770,2599350,"700 Maintenance"
"0738-6033","CLEANING / SWEEPING (TY 33)","2024/2014","MI",161.2,161.2,151.53,95,296.8,18340,2956408,"700 Maintenance"
"0738-6034","CLEANING / SWEEPING (TY 34)","2024/2014","MI",167.4,172.42,157.36,96.9,305.2,19910,3332934,"700 Maintenance"
"0738-6035","CLEANING / SWEEPING (TY 35)","2024/2014","MI",173.6,184.02,163.18,98.8,313.6,21480,3728928,"700 Maintenance"
"0738-6036","CLEANING / SWEEPING (TY 36)","2024/2014","MI",136.4,128.22,128.22,100.7,322,23050,3144020,"700 Maintenance"
"8032-7344","WINTER MAINTENANCE DE-ICING AGGREGATE / GRANULAR MIX","2024 / Special Spec","TON",84.5,82.1,80,65,115,48500,4098250,"8000 Series - Materials & Maintenance Contracts"
"8032-6001","WINTER WEATHER MATERIALS (BULK ROCK SALT - DE-ICING)","2024 / Special Spec","TON",112.75,110,105,88,145,62400,7035600,"8000 Series - Materials & Maintenance Contracts"
"8032-6002","WINTER WEATHER MATERIALS (LIQUID SODIUM CHLORIDE BRINE)","2024 / Special Spec","GAL",0.42,0.4,0.38,0.28,0.65,1250000,525000,"8000 Series - Materials & Maintenance Contracts"
"8032-6003","WINTER WEATHER MATERIALS (LIQUID CALCIUM CHLORIDE)","2024 / Special Spec","GAL",1.85,1.8,1.75,1.4,2.45,340000,629000,"8000 Series - Materials & Maintenance Contracts"
"8032-6004","WINTER WEATHER MATERIALS (SUPERSACKS / BAGS)","2024 / Special Spec","BAG",148,145,140,115,185,12800,1894400,"8000 Series - Materials & Maintenance Contracts"
"8004-6001","FLEXIBLE BASE (MATERIALS ONLY) (TY A GR 1-2)","2024 / Special Spec","TON",28.5,27.8,26.5,21,38,185000,5272500,"8000 Series - Materials & Maintenance Contracts"
"8005-6001","EMULSIFIED ASPHALT (MATERIALS ONLY) (CRS-2P)","2024 / Special Spec","GAL",3.65,3.55,3.4,2.9,4.5,820000,2993000,"8000 Series - Materials & Maintenance Contracts"
"8011-6001","DENSE-GRADED HOT-MIX ASPHALT (MATERIALS ONLY) (TY B)","2024 / Special Spec","TON",92.4,90,88,75,120,142000,13120800,"8000 Series - Materials & Maintenance Contracts"
"8019-6001","ASPHALTIC CONCRETE PATCHING MATERIAL (STOCKPILE)","2024 / Special Spec","TON",138.5,135,130,105,175,34500,4778250,"8000 Series - Materials & Maintenance Contracts"
"8039-6001","AGGREGATE FOR SURFACE TREATMENTS (MATERIALS ONLY) (TY PB GR 4)","2024 / Special Spec","CY",78.2,76.5,74,62,98,56000,4379200,"8000 Series - Materials & Maintenance Contracts"
"8040-6001","LIMESTONE ROCK ASPHALT (MATERIALS ONLY) (CLASS A)","2024 / Special Spec","TON",104.8,102,98.5,84,135,41200,4317760,"8000 Series - Materials & Maintenance Contracts"
