"Contractor Name","Office Address","Phone Number","Fax Number","Email Address","Alphabetical Group","TxDOT Registry Type"
"HIGHWAY INTELLIGENT TRAFFIC SOLUTIONS, INC.","1500 HIGH MEADOWS WAY, CEDAR HILL TX 75104","(469) 454-4677","","DABBOTT@HIGHWAYITS.COM","H","Monthly Estimate Reports"
"MAIN LANE INDUSTRIES LTD.","2425 CRESTFORD ST, HOUSTON TX 77017","(713) 941-4560","","BIDS@MAINLANE.COM","M","Monthly Estimate Reports"
"MB WESTERN INDUSTRIAL CONTRACTING COMPANY","711 OLD GENOA RED BLUFF RD, HOUSTON TX 77034","(281) 487-5757","","INFO@MBWESTERN.COM","M","Monthly Estimate Reports"
"TI-ZACK CONCRETE, INC.","39352 221ST AVENUE, LE CENTER MN 56057","(507) 357-6096","","ESTIMATING@TIZACK.COM","T","Monthly Estimate Reports"
"TRUE ROADS CONSTRUCTION, LLC","PO BOX 1430, HALLSVILLE TX 75650","(430) 201-5131","","ESTIMATING@TRUEROADSCONSTRUCTION.COM","T","Monthly Estimate Reports"
"1 PRIORITY ENVIRONMENTAL SERVICES, LLC","4028 DALEY AVENUE, NORTH RICHLAND HILLS TX 76180","(817) 595-4480","","GCALDWELL@GO1PRIORITY.COM","0-9","Prequalified"
"12TWELVE ROAD AND BRIDGE LLC","7049 STATE HWY 42 N, KILGORE TX 75662","(903) 387-5584","","TWELVE12ROADANDBRIDGE@YAHOO.COM","0-9","Monthly Estimate Reports, Prequalified"
"181 MATERIALS,LLC","PO BOX 301, FLORESVILLE TX 78114","(830) 327-0079","","181MATERIALS@GMAIL.COM","0-9","Bidder's Questionnaire"
"2H, LLC","13031 ABERDARE DR, EL PASO TX 79928","(915) 407-9785","","TWOHENTERPRISES@OUTLOOK.COM","0-9","Bidder's Questionnaire, Monthly Estimate Reports"
"3LW CIVIL LLC","PO BOX 357, MASON TX 76856","(325) 274-8900","","BIDS@3LWLLC.COM","0-9","Monthly Estimate Reports, Prequalified"
"4E TREE WORX LLC","4570 FM 318 EAST, YOAKUM TX 77995","(361) 407-2707","","4ETREEWORX@GMAIL.COM","0-9","Bidder's Questionnaire"
"4J CIVIL SOLUTIONS LLC","PO BOX 131972, TYLER TX 75701","(903) 721-8657","","JERAMYWRIGHT@4JCS.COM","0-9","Bidder's Questionnaire"
"5M CONCRETE & CONSTRUCTION LLC","2306 E LA POINT BLVD, ALTON TX 78573","(956) 432-7927","","5MCONCRETEE@GMAIL.COM","0-9","Bidder's Questionnaire"
"7P CONSTRUCTION & TRANSPORT LLC","674 CR 4340, SCROGGINS TX 75480","(903) 855-9702","","REBEKAHPENNY22@YAHOO.COM","0-9","Bidder's Questionnaire"
"806 SAWMILL FENCING & CONSTRUCTION","6103 95TH ST, LUBBOCK TX 79424","(806) 620-1508","","806SAWMILLGROUP@GMAIL.COM","0-9","Bidder's Questionnaire"
"84 EMPIRE LLC","14406 OBRA LN, HOUSTON TX 77045","(832) 744-3764","","EIGHTY4EMPIRELLC@GMAIL.COM","0-9","Bidder's Questionnaire"
"935 GROUP LLC","P.O. BOX 456, CHILTON TX 76632","(254) 252-0616","","935GROUPLLC@GMAIL.COM","0-9","Bidder's Questionnaire"
"A & G LANDSCAPE AND IRRIGATION LLC","504 E 10TH ST, DALLAS TX 75203","(214) 406-2557","","AGLANDSCAPE2020@GMAIL.COM","A","Bidder's Questionnaire"
"A GREATER AUSTIN DEVELOPMENT COMPANY, LLC","11206 FM 1625, CREEDMOOR TX 78610","(512) 310-9333","","BIDS@GAD.CO","A","Monthly Estimate Reports, Prequalified"
"A M FABRICATION INC.","P.O. Box 384, Mansfield, TX 76063","(817) 473-8888","","info@amfabtx.com","A","Monthly Estimate Reports"
"A R BROTHERS CONSTRUCTION SERVICES, INC.","P.O. Box 800364, Balch Springs, TX 75180","(972) 557-0100","","arbrothers@att.net","A","Monthly Estimate Reports"
"A T CONSTRUCTION, LLC","8219 MOSSBERG DR, ARLINGTON TX 76002","(214) 239-2387","","MARWAN@ATCONSTRUCT.COM","A","Bidder's Questionnaire"
"A&M TREE SERVICE LLC","9074 STATE HWY 31W, ATHENS TX 75751","(903) 296-3581","","MIKE.SHERMAN@AANDMTREESERVICESLLC.COM","A","Bidder's Questionnaire"
"A. E. SHULL & COMPANY","PO BOX 130365, TYLER TX 75713","(903) 534-8946","","AESHULL@TYLER.NET","A","Prequalified"
"A. K. GILLIS & SONS, LLC","PO BOX 576, SULPHUR SPRINGS TX 75483","(903) 885-7023","","SLITTLE@AKGILLIS.COM","A","Monthly Estimate Reports, Prequalified"
"A. L. HELMCAMP, INC.","PO BOX 456, BUFFALO TX 75831","(903) 626-4156","","TRACY@ALHELMCAMP.COM","A","Monthly Estimate Reports, Prequalified"
"A-1 DOT SOLUTIONS LLC","109 HENDERSON ST STE B, GILMER TX 75644","(903) 916-3439","","MASSIMOTXDOTSOLUTIONS@GMAIL.COM","A","Bidder's Questionnaire"
"A2O SOLUTIONS LLC","21855 COUNTY ROAD 820, FARMERSVILLE TX 75442","(325) 864-0492","","DUSTYN.R.BOLINGER@GMAIL.COM","A","Bidder's Questionnaire"
"AAA ASPHALT PAVING, INC.","19155 CIRCLE LAKE DR, PINEHURST TX 77362","(713) 896-7373","","LISA@AAA-ASPHALT.COM","A","Bidder's Questionnaire"
"AABA MOWING CONTRACTORS, LIMITED LIABILITY COMPANY","PO BOX 1044, RUSK TX 75785","(903) 721-8331","","AABAMCONT@GMAIL.COM","A","Bidder's Questionnaire, Monthly Estimate Reports"
"AAD CONTRACTING INC.","P.O. BOX 14287, POLAND OH 44514","(330) 507-6171","","AJD@AADCONTRACTING.COM","A","Monthly Estimate Reports, Prequalified"
"AARON CONCRETE CONTRACTORS, LLC","PO BOX 27107, AUSTIN TX 78755","(512) 926-2291","","QUOTE@AARONCONCRETE.COM","A","Monthly Estimate Reports, Prequalified"
"ABESCAPE GROUP LLC","12300 GATEWAY BLVD E, EL PASO TX 79927","(915) 307-2648","","ESTIMATING@ABESCAPE.COM","A","Monthly Estimate Reports, Prequalified"
"ABESCAPE LANDSCAPING, LLC","12300 GATEWAY BLVD E, EL PASO TX 79927","(915) 307-2648","","ESTIMATING@ABESCAPE.COM","A","Bidder's Questionnaire, Monthly Estimate Reports"
"ABHE & SVOBODA, INC.","18100 DAIRY LANE, JORDAN MN 55352","(952) 447-1000","","DONNELL.HAUCK@ABHEONLINE.COM","A","Prequalified"
"ABOVE ALL CONSTRUCTION","P.O. Box 1126, Justin, TX 76247","(940) 648-0380","","bids@abovealltx.com","A","Monthly Estimate Reports"
"ABOVE ALL CONTRACTING LLC","2390 COUNTY ROAD 115, PLEASANTON TX 78064","(210) 216-3587","","JGUER04@AOL.COM","A","Monthly Estimate Reports, Prequalified"
"ACCENT LANDSCAPE CONTRACTORS, INC.","28 SAN MARCOS, EL PASO TX 79922","(915) 585-1693","","EVFRANCO@ACCENTLS.ORG","A","Prequalified"
"ACCESS COMMUNICATIONS GROUP, LLC","2017 TEXAS AVE, EL PASO TX 79901","(915) 565-1717","","SALES@ACGLP.COM","A","Prequalified"
"ACE CONTRACTORS, INC.","PO BOX 262, SAN AUGUSTINE TX 75972","(936) 275-9450","","ACECONTRACTORS44@GMAIL.COM","A","Monthly Estimate Reports, Prequalified"
"ACE GLOBAL","5151 FLYNN PKWY SUITE 102, CORPUS CHRISTI TX 78411","(361) 855-5000","","Y.VALENT@ACE-COM.NET","A","Bidder's Questionnaire, Monthly Estimate Reports"
"ACEE CONSTRUCTION LLC.","1229 COUNTY ROAD 562, DEVINE TX 78016","(830) 931-5300","","ALYX@ACEECONSTRUCTION.COM","A","Monthly Estimate Reports, Prequalified"
"ACME BRIDGE COMPANY, INC.","230 ACME RD, NEW BRAUNFELS TX 78130","(830) 620-4669","","INFO@ACMEBRIDGE.COM","A","Monthly Estimate Reports, Prequalified"
"ACME CONCRETE PAVING, INC.","4124 E. BROADWAY AVE., SPOKANE WA 99202","(509) 242-1232","","BDAY@ACMECPI.COM","A","Prequalified"
"ACO REMODELING & CONSTRUCTION INC.","2222 TEXAS AVE, EL PASO TX 79901","(915) 760-4767","","ARTCERVANTES@ACO-INC.COM","A","Bidder's Questionnaire"
"ADAPTIVE INDUSTRIAL SERVICES, LLC","10101 FONDREN RD STE 135, HOUSTON TX 77096","(281) 849-6541","","GAYLYNFLOWERS@ADAPTIVEINDUSTRIALSERVICES.COM","A","Bidder's Questionnaire"
"ADVANCED BARRICADES OF AMERICA, LLC","7888 FM 128, BEN FRANKLIN TX 75415","(903) 640-3636","","ADVANCEDBARRICADESOFAMERICA@GMAIL.COM","A","Bidder's Questionnaire"
"AG PELTZ GROUP LLC","P.O. BOX 102065, IRONDALE AL 35210","(205) 841-7525","","MCHAPMAN@ABRAMSONLLC.COM","A","Prequalified"
"AGAPE CLEANING GROUP LLC","1405 THIBODAUX DR, GREENVILLE TX 75402","(903) 422-9582","","RICKEYPOWELL81@YAHOO.COM","A","Bidder's Questionnaire"
"AGC DESIGN & CONSTRUCTION, LLC","878 W. PRICE ROAD, BROWNSVILLE TX 78520","(956) 373-5561","","AGCCONT.21@GMAIL.COM","A","Bidder's Questionnaire"
"AGH20 HOLDINGS, LLC","3817 BENT BROOK DRIVE, ROUND ROCK TX 78664","(512) 484-7611","","JLESKO@AUSTIN.RR.COM","A","Bidder's Questionnaire"
"AIMS COMPANIES","3405 ALMEDA GENOA RD., HOUSTON TX 77047","(281) 485-8820","","SGOMEZ@AIMSCOMPANIES.COM","A","Monthly Estimate Reports, Prequalified"
"AIRFIELD WESTERN, L.L.C.","1414 HAWK PARKWAY UNIT I-2, MONTROSE CO 81401","(970) 252-1106","","contractor.info@txdot.gov","A","Bidder's Questionnaire"
"AKA-MATERIALS","P.O. Box 2636, Denton, TX 76202","(940) 387-3500","","info@akamaterials.com","A","Monthly Estimate Reports"
"ALABAMA RUSSO CORPORATION","PO BOX 190048, BIRMINGHAM AL 35219","(205) 925-0665","","HROULAINE@RUSSOCORP.COM","A","Prequalified"
"ALAMO CITY CONSTRUCTORS, INC.","1716 S. SAN MARCOS # 215, SAN ANTONIO TX 78207","(210) 568-4973","","GREG@ALAMOCITYCONSTRUCTORS.COM","A","Prequalified"
"ALAMO NEX CONSTRUCTION, LLC","100 NE Loop 410 Suite 950, San Antonio, TX 78216","(210) 349-2000","","contact@alamonex.com","A","Monthly Estimate Reports"
"ALBECO CONTRACTORS LLC","PO BOX 144, PAIGE TX 78659","(979) 716-1995","","ALANO@ALBECOTX.COM","A","Bidder's Questionnaire"
"ALBUQUERQUE UNDERGROUND, INC.","PO BOX 9825, ALBUQUERQUE NM 87119","(505) 242-9050","","JULIER@AUIINC.NET","A","Prequalified"
"ALL HANDS & DUKE, INC.","190 E MAIN ST, DODSON TX 79230","(580) 482-2754","","DARYL.DUKE.40@GMAIL.COM","A","Bidder's Questionnaire, Monthly Estimate Reports"
"ALL VALLEY INNOVATIONS GROUP LLC","12619 N MAYBERRY RD, MISSION TX 78573","(956) 586-9119","","SRAMOS@AVIGROUP.US","A","Bidder's Questionnaire"
"ALLBRITE CONSTRUCTORS OF TEXAS, INC.","PO BOX 47610, SAN ANTONIO TX 78265","(210) 404-2224","","PAT@ALLBRITECONSTRUCTION.COM","A","Bidder's Questionnaire"
"ALLEN & COMPANY ENVIRONMENTAL SERVICES","2401 E LOOP 820 N, FORT WORTH TX 76118","(817) 887-9802","","INFO@ALLENENVIRO.COM","A","Bidder's Questionnaire"
"ALLEN BUTLER CONSTRUCTION, INC.","P.O. Box 289, Shallowater, TX 79363","(806) 832-4467","","office@allenbutler.com","A","Monthly Estimate Reports"
"ALLEN CONCRETE, LLC","P.O. Box 696, Midlothian, TX 76065","(972) 775-6800","","bids@allenconcrete.com","A","Monthly Estimate Reports"
"ALLEN KELLER COMPANY","PO BOX 393, FREDERICKSBURG TX 78624","(830) 997-8428","","MPEREZ@ALLENKELLERCO.COM","A","Monthly Estimate Reports, Prequalified"
"ALLIED PAVING CO.","5165 HERCULES AVE, EL PASO TX 79904","(915) 755-7628","","ABELORTIZ@ALLIEDPAVINGCOMPANY.NET","A","Prequalified"
"ALLIES LAND CLEARING","108 BILLY THE KID DRIVE, NOLANVILLE TX 76559","(512) 501-9472","","ALLIESLANDCLEARING@GMAIL.COM","A","Bidder's Questionnaire, Monthly Estimate Reports"
"ALLSTATE SIGNAL & CONSTRUCTION, LLC","P.O. BOX 2654, CYPRESS TX 77410","(281) 255-4051","","M.ASSC@YAHOO.COM","A","Monthly Estimate Reports, Prequalified"
"ALTUS CONSTRUCTION LLC","7610 N STEMMONS FWY STE 380, DALLAS TX 75247","(469) 575-6199","","INFO@ALTUSCOMPANY.COM","A","Monthly Estimate Reports, Prequalified"
"ALYSSA CAIN","126 COUNTY ROAD 185, LORAINE TX 79532","(936) 433-9200","","ADCAIN78@ICLOUD.COM","A","Bidder's Questionnaire"
"AMBROZI CONTRACTING LIMITED LIABILITY COMPANY","1207 S 4TH STREET, SAINT JOSEPH MO 64501","(816) 200-0708","","ADMIN@AMBROZI.COM","A","Prequalified"
"AMERICAN BRIDGE COMPANY","1000 AMERICAN BRIDGE WAY, CORAOPOLIS PA 15108","(412) 631-2000","","LICENSE.REG@SOUTHLANDHOLDINGS.COM","A","Prequalified"
"AMERICAN CIVIL CONSTRUCTORS WEST COAST LLC","2990 BAY VISTA COURT, SUITE D, BENICIA CA 94510","(707) 747-0593","","ESTIMATINGWC@ACCBUILT.COM","A","Prequalified"
"AMERICAN CONTRACTING & SERVICES, INC. OF INDIANA","6200 E HIGHWAY 62, BLDG. 2503, JEFFERSONVILLE IN 47130","(812) 280-4403","","CONTRACT@AMERICANCONTRACTING.COM","A","Prequalified"
"AMERICAN INFRASTRUCTURE MAINTENANCE MANAGEMENT LLC","1776 YORKTOWN ST.STE 325, HOUSTON TX 77056","(832) 203-7649","","GELTON.GARCIA@AIMMUS.COM","A","Bidder's Questionnaire, Monthly Estimate Reports"
"AMERICAN LIGHTING AND SIGNALIZATION, LLC","642 US HWY 80, SUNNYVALE TX 75182","(972) 755-6629","","ESTIMATING@ASPLUNDH.COM","A","Monthly Estimate Reports, Prequalified"
"AMERICAN MATERIALS, INC.","P.O. Box 1308, Sanger, TX 76266","(940) 458-7440","","sales@americanmaterials.com","A","Monthly Estimate Reports"
"AMERICAN ROAD MAINTENANCE, INC","4554 E ECO INDUSTRIAL PL, TUCSON AZ 85756","(815) 301-3072","","MARC@ARMWESTCOAST.COM","A","Bidder's Questionnaire"
"AMERICHOICE CONSTRUCTION LLC","7717 LOCKHEED DR, EL PASO TX 79925","(915) 207-2009","","AMERICHOICECONSTRUCTION@GMAIL.COM","A","Bidder's Questionnaire"
"AMERISEAL OF OHIO INCORPORATED","200 WELLER DR, SMITHVILLE OH 44677","(330) 669-3062","","JBECKER@GRIP-FLEX.COM","A","Bidder's Questionnaire"
"AMS TRACTOR SERVICES, LLC","513 CEDAR ST., FORNEY TX 75126","(214) 334-8103","","AMSTRACTORSERVICES@YAHOO.COM","A","Bidder's Questionnaire"
"ANAHUAC INFRASTRUCTURE LLC","34127 QUAIL DR, SAN BENITO TX 78586","(956) 295-1217","","ADMIN@ANAHUACINFRA.COM","A","Bidder's Questionnaire"
"ANCHOR CONTRACTING, LLC","PO BOX 1217, SULPHUR SPRINGS TX 75483","(903) 785-2912","","CHUCKVITITOW@YAHOO.COM","A","Bidder's Questionnaire"
"ANDERSON COLUMBIA CO., INC.","PO BOX 10627, CORPUS CHRISTI TX 78460","(361) 853-4129","","contractor.info@txdot.gov","A","Monthly Estimate Reports, Prequalified"
"ANTHONY SERVICES","PO BOX 1984, DENTON TX 76202","(940) 365-2280","","ASNORTH@HOTMAIL.COM","A","Monthly Estimate Reports, Prequalified"
"ANTHONY T'S TRUCKING SERVICE INC.","8303 ADLER LAKE DR., HOUSTON TX 77083","(281) 201-8927","","ANTHONY.ADAMS@ANTHONYTSTRUCKING.COM","A","Bidder's Questionnaire"
"ANYAORAH CONSULTANTS LLC","530 BURLESON ST, CEDAR HILL TX 75104","(817) 703-1669","","ANYAORAHCONSULTANTS@GMAIL.COM","A","Bidder's Questionnaire"
"APACHE BARRICADE & SIGN","PO BOX 960667, EL PASO TX 79996","(915) 592-7571","","DGAMBOA@APACHEBARRICADE.COM","A","Monthly Estimate Reports, Prequalified"
"APEX ALLIANCE, LLC","3171 SUMMIT DR, PORT NECHES TX 77651","(409) 853-1120","","ROBERT@APEXALLIANCEGROUP.COM","A","Monthly Estimate Reports, Prequalified"
"APEX LANDSCAPE & IRRIGATION, LLC","1051 COUNTY ROAD 340, LEXINGTON TX 78947","(512) 857-9600","","CEVANS@APEXLI.NET","A","Monthly Estimate Reports, Prequalified"
"APM INFRASTRUCTURE, LLC","1500 US 359 HIGHWAY, MATHIS TX 78368","(361) 678-4227","","MIGUEL.APM@YAHOO.COM","A","Prequalified"
"APOLLO CONSTRUCTORS, INC.","PO BOX 640273, EL PASO TX 79904","(915) 288-2595","","OFFICE@APOLLOCONSTRUCTORS.COM","A","Monthly Estimate Reports, Prequalified"
"ARANDA BROTHERS CONSTRUCTION CO., INC.","4207 CASTLEDALE, HOUSTON TX 77093","(281) 506-8680","","ARANDABID@GMAIL.COM","A","Monthly Estimate Reports, Prequalified"
"ArborTrue LLC","16000 Barkers Point Ln, Houston, TX 77079","(281) 699-0601","","info@arbortrue.com","A","Monthly Estimate Reports"
"ARCHER WESTERN","1411 Greenway Dr Suite 450, Irving, TX 75038","(972) 457-8500","","txbids@walshgroup.com","A","Monthly Estimate Reports"
"ARCHER WESTERN CONSTRUCTION, LLC","1411 GREENWAY DRIVE, IRVING TX 75038","(972) 457-8501","","PTEDONE@WALSHGROUP.COM","A","Prequalified"
"ARCOSA LWS, LLC","ARCOSA LWS, LLC - Official Registered Office, TxDOT Division, TX","(800) 558-9368","","contractor.info@txdot.gov","A","Monthly Estimate Reports"
"ARKANSAS SIGN & BARRICADE INC.","PO BOX 185, MABELVALE AR 72103","(501) 653-2301","","DSALINAS@ASBTRAFFICCONTROL.COM","A","Bidder's Questionnaire"
"ARTILLERY L.L.C.","PO BOX 1074, EDINBURG TX 78540","(956) 929-4853","","ARTILLERYCONSTRUCTION@GMAIL.COM","A","Prequalified"
"ASAGO, LLC","2112 S.SHARY RD., SUITE 40, MISSION TX 78572","(956) 585-7040","","ASAGO@RGV.RR.COM","A","Monthly Estimate Reports, Prequalified"
"ASHLAR CONTRACTING COMPANY","PO BOX 700, BLUE RIDGE TX 75424","(972) 752-4002","","LUTHER@ASHLARTX.COM","A","Monthly Estimate Reports, Prequalified"
"ASPLUNDH TREE EXPERT, LLC","728D DIAMOND CUT DRIVE, CORPUS CHRISTI TX 78409","(215) 784-1342","","BBAUER@ASPLUNDH.COM","A","Prequalified"
"ATLANTIC SPECIALTY INSURANCE COMPANY","ATLANTIC SPECIALTY INSURANCE COMPANY - Official Registered Office, TxDOT Division, TX","(800) 558-9368","","contractor.info@txdot.gov","A","Monthly Estimate Reports"
"AUREUM CONSTRUCTION SERVICES & CONSULTING LLC","P.O. BOX 1767, CENTER TX 75935","(979) 349-9789","","JCLEWIS1423@GMAIL.COM","A","Bidder's Questionnaire"
"AUSTIN ASPHALT, INC.","AUSTIN ASPHALT, INC. - Official Registered Office, TxDOT Division, TX","(800) 558-9368","","contractor.info@txdot.gov","A","Monthly Estimate Reports"
"AUSTIN BARRICADE COMPANY, L.L.C.","3704 CINKAPIN DR, SAN MARCOS TX 78666","(832) 258-5608","","AUSTINBARRICADE@AOL.COM","A","Monthly Estimate Reports, Prequalified"
"AUSTIN BRIDGE & ROAD SERVICES, LP","1199 S BELT LINE RD STE 110, COPPELL TX 75019","(214) 596-7395","","ABRWORKS@AUSTIN-IND.COM","A","Monthly Estimate Reports, Prequalified"
"AUSTIN ENGINEERING CO., INC.","PO BOX 342349, AUSTIN TX 78734","(512) 327-1765","","ACAMBELL@AECOI.NET","A","Prequalified"
"AUSTIN TRAFFIC SIGNAL CONSTRUCTION CO., INC.","PO BOX 130, ROUND ROCK TX 78680","(512) 255-0146","","ESTIMATING@ATSCC.COM","A","Prequalified"
"AUSTIN TRAFFIC SIGNAL CONSTRUCTION CO., LLC","AUSTIN TRAFFIC SIGNAL CONSTRUCTION CO., LLC - Official Registered Office, TxDOT Division, TX","(800) 558-9368","","contractor.info@txdot.gov","A","Monthly Estimate Reports"
"AUSTIN UNDERGROUND INCORPORATED","PO BOX 5650, LAGO VISTA TX 78645","(512) 535-3286","","contractor.info@txdot.gov","A","Prequalified"
"AVILA CONSTRUCTION PRODUCTS","9718 MOERS RD., HOUSTON TX 77075","(832) 623-6253","","AVILA_CONSTRUCTION@HOTMAIL.COM","A","Bidder's Questionnaire"
"AWP SAFETY","4244 MT PLEASANT STREET NW, NORTH CANTON OH 44720","(330) 677-7401","","ANTHONY.AMATO@AWPSAFETY.COM","A","Monthly Estimate Reports, Prequalified"
"AZA CONSTRUCTION INC","1907 APOLLO RD, RICHARDSON TX 75081","(469) 939-7113","","FARRUKH32@AOL.COM","A","Bidder's Questionnaire"
"B & MS CONSTRUCTION, INC.","2601 DEATS ROAD, DICKINSON TX 77539","(832) 738-1247","","MSHERNANDEZ@BMSCONSTRUCTION.NET","B","Monthly Estimate Reports, Prequalified"
"B.A.C CONSULTING LLC","3205 WEST HUNTER FERRELL ROAD, IRVING TX 75060","(214) 677-4222","","CBAKER@BACCONSULTING.NET","B","Bidder's Questionnaire"
"B.L.S. CONSTRUCTION, INC.","207 FAHRENTHOLD STREET, EL CAMPO TX 77437","(979) 543-5006","","WILLIAM.KEY@BLSCONSTRUCTION.COM","B","Bidder's Questionnaire"
"BA NEWTON'S ENTERPRISES LLC","PO BOX 460, POLLOK TX 75969","(936) 697-3658","","BRADNWTN@GMAIL.COM","B","Bidder's Questionnaire"
"BACK TO BACK ENTERPRISES, INC.","7159 HEATHINGTON CT, GRANBURY TX 76049","(817) 706-2929","","JUDYBACK@GMAIL.COM","B","Bidder's Questionnaire"
"BADGER DAYLIGHTING CORP.","PO BOX 95000 LOCKBOX 1627, PHILADELPHIA PA 19195","(877) 741-3134","","US-CONTRACTS@BADGERINC.COM","B","Bidder's Questionnaire"
"BAK GLOBAL LLC","2500 WILCREST DR., HOUSTON TX 77042","(713) 528-8575","","ROSE@PLEDGEWS.COM","B","Bidder's Questionnaire"
"BAKER & COMPANY CONSTRUCTION, LLC","4955 PROFIT DRIVE, TYLER TX 75707","(903) 561-1763","","BBAKER@BAKERCOMPANYLLC.COM","B","Monthly Estimate Reports, Prequalified"
"BALDWIN TREE SERVICE, LLC","490 COUNTY RD 3148, CENTER TX 75935","(936) 590-1881","","BALDWINTREESERVICE@YAHOO.COM","B","Bidder's Questionnaire"
"BALFOUR BEATTY INFRASTRUCTURE, INC.","1114 LOST CREEK BLVD, AUSTIN TX 78746","(512) 707-0798","","BBIISW@BALFOURBEATTYUS.COM","B","Monthly Estimate Reports, Prequalified"
"BARRICADES UNLIMITED","PO BOX 11001, LUBBOCK TX 79408","(806) 744-7148","","DCREWS@BARRICADESUNLIMITED.COM","B","Monthly Estimate Reports, Prequalified"
"BARSH COMPANY","PO BOX 20727, WACO TX 76702","(254) 772-7446","","TATEC@BARSHCONSTRUCTION.COM","B","Prequalified"
"BASS ROOFING & RESTORATION LLC","13579 BRETT JACKSON RD, FORT WORTH TX 76179","(888) 407-6634","","BRICE@BASSROOF.COM","B","Bidder's Questionnaire"
"BATTERSON, LLP","6800 DIXIE DRIVE, HOUSTON TX 77087","(713) 688-5688","","BRYAN@BATTERSON.COM","B","Monthly Estimate Reports, Prequalified"
"BAY CITY TRAFFIC","PO BOX 752122, HOUSTON TX 77275","(281) 245-6177","","BAYCITYTRAFFIC@GMAIL.COM","B","Bidder's Questionnaire"
"BAY LTD.","PO BOX 9908, CORPUS CHRISTI TX 78469-9908","(361) 693-2804","","KLEINJ@BAYLTD.COM","B","Monthly Estimate Reports, Prequalified"
"BAYER CONSTRUCTION ELECTRICAL CONTRACTORS, INC.","PO BOX 1152, BRYAN TX 77806","(979) 823-0873","","BAYERECI@SUDDENLINK.NET","B","Prequalified"
"BAYOU GRAPHICS CORPORATION","PO BOX 441, CYPRESS TX 77433","(832) 912-8200","","BIDS@BAYOUGRAPHICS.COM","B","Bidder's Questionnaire"
"BEAN ELECTRICAL, LLC","PO BOX 40016, FORT WORTH TX 76140","(817) 561-7400","","contractor.info@txdot.gov","B","Bidder's Questionnaire"
"BEAR CREEK CONTRACTING, LLC","7315 N. HIGHWAY 6, WACO TX 76712","(254) 845-4273","","DSHORT@BEARCREEKWACO.COM","B","Monthly Estimate Reports, Prequalified"
"BEAVER BOYS SERVICES LLC","P.O. BOX 424, KARNES CITY TX 78118","(830) 299-2583","","BEAVERBOYSSERVICES@GMAIL.COM","B","Bidder's Questionnaire"
"BECK-REIT & SONS, LTD.","PO BOX 14747, AUSTIN TX 78761","(512) 472-8844","","RUSS@BECKREIT.COM","B","Monthly Estimate Reports, Prequalified"
"BELT CONSTRUCTION, INC.","PO BOX 744, TEXARKANA TX 75504","(870) 772-7216","","contractor.info@txdot.gov","B","Prequalified"
"BEN E. SMITH TRACTORS, INC.","5165 FM 149_ROAD, MAGNOLIA TX 77354","(713) 253-4345","","JERRYSMITH5950@ATT.NET","B","Bidder's Questionnaire"
"BENNETT PAVING INC.","PO BOX 2309, LEANDER TX 78646","(512) 740-8603","","BRYAN@BENNETTPAVINGTX.COM","B","Bidder's Questionnaire"
"BERT WHITAKER","1791 CR 125, FLOMOT TX 79234","(806) 469-5465","","LAWHITAKER60@GMAIL.COM","B","Bidder's Questionnaire, Monthly Estimate Reports"
"BETTIS ASPHALT & CONSTRUCTION, INC.","PO BOX 1694, TOPEKA KS 66601","(785) 232-0078","","CHORTON@BETTISASPHALT.COM","B","Prequalified"
"BIG CREEK CONSTRUCTION, LTD.","PO BOX 249, HEWITT TX 76643","(254) 857-4370","","contractor.info@txdot.gov","B","Monthly Estimate Reports, Prequalified"
"BIG CREEK SAND & GRAVEL, INC.","BIG CREEK SAND & GRAVEL, INC. - Official Registered Office, TxDOT Division, TX","(800) 558-9368","","contractor.info@txdot.gov","B","Monthly Estimate Reports"
"BIG DOG DRILLING, LLC","965 CAMP CREEK ROAD, ROCKWALL TX 75087","(972) 920-3322","","KJONES@BIGDOGDRILLING.NET","B","Bidder's Questionnaire"
"BIG HICKS FAMILY TRUCKING LLC","PO BOX 12986, LONGVIEW TX 75607","(903) 331-5704","","DCHICKSTRUCKING@YAHOO.COM","B","Bidder's Questionnaire"
"BIG STATE MAINTENANCE, INC.","1804 HAMPTON RD, WICHITA FALLS TX 76301","(940) 723-9316","","BSMAINT05@GMAIL.COM","B","Bidder's Questionnaire, Monthly Estimate Reports"
"BIG TEX CONTRACTORS, LLC","112 RANGER POINT, ADKINS TX 78101","(210) 317-2227","","BIGTEXLS@YAHOO.COM","B","Bidder's Questionnaire, Monthly Estimate Reports"
"BK FIELD OPERATIONS LLC","2436 CR 311, JARRELL TX 76537","(210) 783-1283","","NICOLE@BKFIELDOPS.COM","B","Monthly Estimate Reports, Prequalified"
"BLACK BEAR CONTRACTORS LLC","412 VALLE LISO LN, EL PASO TX 79927","(915) 449-1473","","ESTIMATING@BLACKBEARCONTRACTORS.COM","B","Bidder's Questionnaire"
"BLACKSMITH VENTURES LLC","PO BOX 188, BRYSON TX 76427","(940) 507-1680","","BLACKSMITHVENTURES20@GMAIL.COM","B","Monthly Estimate Reports, Prequalified"
"BLUE BULL CONTRACTORS LLC","2316 ERASTUS ST, HOUSTON TX 77020","(713) 269-5949","","contractor.info@txdot.gov","B","Bidder's Questionnaire"
"BLUE CHIP SERVICES, LLC","9925 FM 521 RD, ROSHARON TX 77583","(281) 529-6942","","RITA.BLUECHIP@GMAIL.COM","B","Monthly Estimate Reports, Prequalified"
"BLYNCSY, INC.","650 S 500 W, STE 360, SALT LAKE CITY UT 84101","(385) 216-0590","","MARK.E.PITTMAN@BLYNCSY.COM","B","Bidder's Questionnaire"
"BOBCAT MATERIALS LLC","BOBCAT MATERIALS LLC - Official Registered Office, TxDOT Division, TX","(800) 558-9368","","contractor.info@txdot.gov","B","Monthly Estimate Reports"
"BOBCAT SERVICES, INC.","BOBCAT SERVICES, INC. - Official Registered Office, TxDOT Division, TX","(800) 558-9368","","contractor.info@txdot.gov","B","Monthly Estimate Reports"
"BOEN LANDSCAPING & IRRIGATION, LLC","1217 W. SLAUGHTER SUITE 130, AUSTIN TX 78748","(512) 347-9227","","DILLON.RICE@BRASTEXSERVICES.COM","B","Monthly Estimate Reports, Prequalified"
"BOH BROS. CONSTRUCTION CO., L.L.C.","PO DRAWER 53266, NEW ORLEANS LA 70153","(504) 827-7682","","ACCOUNTING@BOHBROS.COM","B","Prequalified"
"BOLER EQUIPMENT SERVICE, INC","PO BOX 80428, MIDLAND TX 79708","(432) 694-0660","","GREG@BOLER.NET","B","Bidder's Questionnaire"
"BO-MAC CONTRACTORS, LTD.","1020 LINDBERGH DRIVE, BEAUMONT TX 77707","(409) 994-6020","","CSIMONSON@BO-MAC.COM","B","Monthly Estimate Reports, Prequalified"
"BOMBEROS DIRT WORK LLC","316 OAK MEADOW LN., WEATHERFORD TX 76085","(214) 205-5017","","BOMBEROSDIRTWORK@GMAIL.COM","B","Bidder's Questionnaire"
"BONTKE BROTHERS CONSTRUCTION COMPANY","PO BOX 2896, ABILENE TX 79604","(325) 677-6270","","BONTKEBROS@GMAIL.COM","B","Monthly Estimate Reports, Prequalified"
"BRANNAN PAVING CO., LTD.","PO BOX 3403, VICTORIA TX 77903","(361) 573-6211","","ROBYNRATCLIFFE@BRANNANPAVING.COM","B","Prequalified"
"BRASFIELD & GORRIE, L.L.C.","P.O. BOX 10383, BIRMINGHAM AL 35202","(205) 714-1111","","CONTRACTORLICENSING@BRASFIELDGORRIE.COM","B","Prequalified"
"BRASWELL SERVICES, LLC","139 MILLER AVE, NEW BOSTON TX 75570","(866) 208-8987","","PBRASWELL@BRASWELLSVC.COM","B","Bidder's Questionnaire"
"BRAUNTEX MATERIALS, INC.","BRAUNTEX MATERIALS, INC. - Official Registered Office, TxDOT Division, TX","(800) 558-9368","","contractor.info@txdot.gov","B","Monthly Estimate Reports"
"BRAZOS PAVING, INC.","PO BOX 714, BRYAN TX 77806","(979) 823-2659","","B.PREWITT@BPITX.COM","B","Monthly Estimate Reports, Prequalified"
"BRAZOS VALLEY TOUCH-UP, INC.","641 SUN VALLEY BLVD., HEWITT TX 76643","(254) 722-6620","","BRAZOSVALLEYTOUCHUP@YAHOO.COM","B","Bidder's Questionnaire"
"BREEZE CONSTRUCTION LLC","3733 WESTHEIMER ROAD, HOUSTON TX 77027","(510) 333-8266","","TPRATTS@BREEZECONSTRUCTIONTX.COM","B","Bidder's Questionnaire"
"BRICE CONSTRUCTION AND DESIGN LLC","BRICE CONSTRUCTION AND DESIGN LLC - Official Registered Office, TxDOT Division, TX","(800) 558-9368","","contractor.info@txdot.gov","B","Monthly Estimate Reports"
"BRICE HIGHWAY LLC","16826 N ELDRIDGE PKWY STE 101, TOMBALL TX 77377","(714) 418-6249","","JOSEPH.PEDICINI@BRICECIVIL.COM","B","Monthly Estimate Reports, Prequalified"
"BRIZO CONSTRUCTION, LLC","BRIZO CONSTRUCTION, LLC - Official Registered Office, TxDOT Division, TX","(800) 558-9368","","contractor.info@txdot.gov","B","Monthly Estimate Reports"
"BROCK CONSTRUCTION, LLC","PO BOX 461, MADISONVILLE TX 77864","(936) 348-1662","","BROCKBRAD@ROCKETMAIL.COM","B","Bidder's Questionnaire"
"BROWN MOWING SERVICE & TREE TRIMMING, INC.","PO BOX 155, COMMERCE TX 75429","(903) 886-8403","","RLBROWNMOWINGSERVICE@YAHOO.COM","B","Bidder's Questionnaire"
"BROWN STERLING BUILDERS, INC.","7707 N SAM HOUSTON PKWY E, HUMBLE TX 77396","(281) 741-2624","","DERRICKBROWN@STERLINGBUILTUS.COM","B","Bidder's Questionnaire"
"BRUSHMASTERS II, LTD.","504 CORI DR, BELTON TX 76513","(254) 939-0898","","AMY@BRUSHMASTERS.US","B","Bidder's Questionnaire"
"BRYDL CONTRACTING, LLC","BRYDL CONTRACTING, LLC - Official Registered Office, TxDOT Division, TX","(800) 558-9368","","contractor.info@txdot.gov","B","Monthly Estimate Reports"
"BRYSTAR CONTRACTING, INC.","8385 CHEMICAL ROAD, BEAUMONT TX 77705","(409) 842-1215","","BRENT@BRYSTAR.COM","B","Prequalified"
"BUCK UP SERVICES LIMITED LIABILITY COMPANY","9120 CR 1405, ATHENS TX 75751","(512) 266-2348","","ALBRIGHTPB@SBCGLOBAL.NET","B","Bidder's Questionnaire"
"BUILT RIGHT CONSTRUCTION OF OKLAHOMA, LLC","PO BOX 366, SAVANNA OK 74565","(918) 548-3767","","ESTIMATING@BUILTRIGHTOK.COM","B","Monthly Estimate Reports, Prequalified"
"BUSHWACKERS CONTRACTING, LLC","PO BOX 1467, WHITNEY TX 76692","(254) 659-0343","","BUSHWACKERSCONTRACTING@GMAIL.COM","B","Bidder's Questionnaire, Monthly Estimate Reports"
"C & W SOUTHERN LLC","C & W SOUTHERN LLC - Official Registered Office, TxDOT Division, TX","(800) 558-9368","","contractor.info@txdot.gov","C","Monthly Estimate Reports"
"C G ENVIRONMENTAL","5255 TEAGUE, FORT WORTH TX 76140","(817) 483-5887","","TASHA.KILGORE@CLEANINGGUYS.COM","C","Bidder's Questionnaire"
"C ME 4 CONSTRUCTION, LLC","P.O. BOX 680311, HOUSTON TX 77268","(888) 965-9844","","CME4CONSTRUCTION44@GMAIL.COM","C","Bidder's Questionnaire"
"C&C SOSA COMPANY, LLC","12160 SUN ARBOR PL, EL PASO TX 79928","(915) 209-9681","","SOSAC2540@GMAIL.COM","C","Bidder's Questionnaire, Monthly Estimate Reports"
"C&CLS LLC","3410 EAST ADAMS AVE, TEMPLE TX 76501","(254) 760-3142","","KYLE@CCLANDSERVICES.COM","C","Bidder's Questionnaire"
"C. E. BARKER, LTD.","1080 ELDRIGE PARKWAY STE 210, HOUSTON TX 77077","(281) 252-3677","","TXDOTBIDS@CEBARKERLTD.COM","C","Monthly Estimate Reports, Prequalified"
"C. E. MARLER & ASSOCIATES, INC.","PO BOX 3337, KILGORE TX 75663","(903) 984-9214","","CLIFMARLER@GMAIL.COM","C","Bidder's Questionnaire"
"C. F. MCDONALD ELECTRIC, INC.","5044 TIMBER CREEK, HOUSTON TX 77017","(713) 921-5109","","DIANE@MCDONALDINC.COM","C","Bidder's Questionnaire"
"C. GREEN SCAPING, L.P.","2401 HANDLEY EDERVILLE ROAD, FORT WORTH TX 76118","(817) 577-9331","","CGREEN@GREENSCAPING.COM","C","Monthly Estimate Reports, Prequalified"
"C.C. CARLTON INDUSTRIES, LTD.","3102 BEE CAVES, SUITE 200, AUSTIN TX 78746","(512) 476-4282","","BLYON@CCCARLTON.COM","C","Prequalified"
"C.D.L. ELECTRIC COMPANY, LLC","1308 N WALNUT ST, PITTSBURG KS 66762","(620) 231-6421","","VANESSA.SCOTT@CDL-ELECTRIC.COM","C","Bidder's Questionnaire"
"CACTUS CREEK LAND CLEARING","PO BOX 295209, KERRVILLE TX 78029","(830) 285-6576","","INFO@CACTUSCREEKHOLDINGS.COM","C","Bidder's Questionnaire"
"CACTUS TRANSPORT II, LIMITED LIABILITY COMPANY","8211 W SHERMAN ST, TOLLESON AZ 85353","(623) 907-2900","","JS@CACTUSASPHALT.COM","C","Prequalified"
"CACTUS TRANSPORT II, LLC","CACTUS TRANSPORT II, LLC - Official Registered Office, TxDOT Division, TX","(800) 558-9368","","contractor.info@txdot.gov","C","Monthly Estimate Reports"
"CALEB ANTHONY RODRIGUEZ RESOURCES, LLC","1607 HAMLIN AVE, WICHITA FALLS TX 76301","(940) 867-7209","","CALEB.A.RODRIGUEZ10@GMAIL.COM","C","Bidder's Questionnaire"
"CALLAN MARINE LTD","PO BOX 17017, GALVESTON TX 77552","(409) 762-1916","","BIDS@CALLANMARINELTD.COM","C","Monthly Estimate Reports, Prequalified"
"CAMINO CONSTRUCTION, L.P.","1208 METRO PARK BLVD, LEWISVILLE TX 75057","(972) 436-2868","","ROGELIO.AYALA@SBCGLOBAL.NET","C","Prequalified"
"CANDOR TRADING AND TRANSPORTATION LLC","16115 SUMMIT MIST CT, HOUSTON TX 77044","(713) 299-5217","","LOLOYA@CANDORTT.COM","C","Bidder's Questionnaire"
"CAPITAL EXCAVATION COMPANY","PO BOX 1301, AUSTIN TX 78767","(512) 440-1717","","contractor.info@txdot.gov","C","Prequalified"
"CAPSTAR CONSTRUCTION, LLC","3871 E UNIVERSITY AVE STE 101, GEORGETOWN TX 78626","(512) 260-2400","","ESTIMATING@CAPSTARELECTRIC.COM","C","Bidder's Questionnaire"
"CARTER CONSTRUCTION, LLC","7615 FM 3180 ROAD, BAYTOWN TX 77523","(713) 410-2770","","LOWBIDRC12@GMAIL.COM","C","Prequalified"
"CASEY SLONE CONSTRUCTION LLC","PO BOX 1614, MARSHALL TX 75671","(903) 503-3733","","BILLING@CASEYSLONECONSTRUCTION.COM","C","Bidder's Questionnaire"
"CASH CONSTRUCTION COMPANY, INC.","217 KINGSTON LACY BLVD., PFLUGERVILLE TX 78660","(512) 251-7872","","TYLER.SIMMONS@CASHCONSTRUCTION.COM","C","Prequalified"
"CASTILLO ARANDA LLC","CASTILLO ARANDA LLC - Official Registered Office, TxDOT Division, TX","(800) 558-9368","","contractor.info@txdot.gov","C","Monthly Estimate Reports"
"CAT SKINNER, LLC","110 IDEUS RD., MEYERSVILLE TX 77974","(361) 935-4509","","CATSKINNERLLC@GMAIL.COM","C","Bidder's Questionnaire"
"CATOCON, INC.","7142 FM 1567 WEST, SULPHUR SPRINGS TX 75482","(903) 485-2329","","JARRED.PICKETT@YAHOO.COM","C","Monthly Estimate Reports, Prequalified"
"CCGMG LLC SERIES B","709 SOUTHGATE LN, DALLAS TX 75217","(469) 324-7770","","BPEREZ@CCG-LLC.ORG","C","Bidder's Questionnaire"
"CDM HOLDINGS","P.O. BOX 1231, NEW BOSTON TX 75570","(903) 628-5868","","BMCDANIEL@CDMHOLDINGS.COM","C","Monthly Estimate Reports, Prequalified"
"CEDAR EATERS OF TEXAS","PO BOX 95, COMFORT TX 78013","(866) 472-9119","","CONTACT@CEDAREATER.COM","C","Bidder's Questionnaire"
"CEDAR HILL SERVICES, LLC","CEDAR HILL SERVICES, LLC - Official Registered Office, TxDOT Division, TX","(800) 558-9368","","contractor.info@txdot.gov","C","Monthly Estimate Reports"
"CEHAND SERVICES LLC","14083 ST HWY 51 STE 153, COWETA OK 74429","(918) 279-7998","","CEHANDSERVICESLLC@GMAIL.COM","C","Bidder's Questionnaire, Monthly Estimate Reports"
"CEKRA INC.","PO BOX 7964, WILMINGTON NC 28406","(910) 338-3643","","contractor.info@txdot.gov","C","Monthly Estimate Reports, Prequalified"
"CENTERLINE SUPPLY, INC.","CENTERLINE SUPPLY, INC. - Official Registered Office, TxDOT Division, TX","(800) 558-9368","","contractor.info@txdot.gov","C","Monthly Estimate Reports"
"CENTERLINE TECHNOLOGIES, LLC","111 ELK DRIVE, VICTORIA TX 77904","(361) 582-0800","","DLORAH@CENTERLINETECHNOLOGIESTX.COM","C","Monthly Estimate Reports, Prequalified"
"CEN-TEX IRRIGATION SYSTEMS, INC.","PO BOX 22001, WACO TX 76702","(254) 848-4549","","ODIS@CENTEXIRRG.COM","C","Monthly Estimate Reports, Prequalified"
"CEN-TEX UTILITIES","PO BOX 447, CHINA SPRING TX 76633","(254) 855-7613","","CENTEXUTILITIES@YAHOO.COM","C","Bidder's Questionnaire"
"CENTRAL NORTH CONSTRUCTION, LLC","5970 LINDSEY LANE, ALLEN TX 75002","(972) 442-2199","","JHENDRIX@CNCLLC.ORG","C","Monthly Estimate Reports, Prequalified"
"CENTURION INDUSTRIES, INC.","1107 N TAYLOR ROAD, GARRETT IN 46738","(260) 357-6761","","contractor.info@txdot.gov","C","Prequalified"
"CERES ENVIRONMENTAL SERVICES, INC.","9625 WINDFERN ROAD, HOUSTON TX 77064","(866) 228-5636","","CONTACT@CERESENV.COM","C","Prequalified"
"CHAMPION SITE PREP, INC.","6301 N INTERSTATE 35, GEORGETOWN TX 78633","(512) 863-3453","","JOHNH@IDIGDIRT.COM","C","Prequalified"
"CHASCO CONSTRUCTORS","PO BOX 1057, ROUND ROCK TX 78680","(512) 244-6085","","CASSIE@CHASCO.COM","C","Prequalified"
"CHIVALRY CAPITAL PARTNERS LLC","19414 CURLY MESQUITE DR, CYPRESS TX 77433","(281) 393-9009","","INFO@CHIVALRYCP.COM","C","Bidder's Questionnaire"
"CHOICE BUILDERS, LLC","3809 S. GENERAL BRUCE DR, TEMPLE TX 76502","(254) 534-2423","","CHARLIE@CHOICEBUILDERSTX.COM","C","Prequalified"
"CHRISTIAN POWER SERVICES LLC","40110 COLFAX RD, MAGNOLIA TX 77354","(713) 855-5080","","TOMMY@CHRISTIAN-POWER.COM","C","Bidder's Questionnaire"
"CI CONSTRUCTORS, INC.","3003 BOYD DRIVE, CARLSBAD NM 88220","(575) 234-1124","","contractor.info@txdot.gov","C","Monthly Estimate Reports, Prequalified"
"CITY OF BROWNSVILLE","CITY OF BROWNSVILLE - Official Registered Office, TxDOT Division, TX","(800) 558-9368","","contractor.info@txdot.gov","C","Monthly Estimate Reports"
"City of Dallas","City of Dallas - Official Registered Office, TxDOT Division, TX","(800) 558-9368","","contractor.info@txdot.gov","C","Monthly Estimate Reports"
"City of Duncanville","City of Duncanville - Official Registered Office, TxDOT Division, TX","(800) 558-9368","","contractor.info@txdot.gov","C","Monthly Estimate Reports"
"CITY OF HARLINGEN","CITY OF HARLINGEN - Official Registered Office, TxDOT Division, TX","(800) 558-9368","","contractor.info@txdot.gov","C","Monthly Estimate Reports"
"CITY OF HICKORY CREEK","CITY OF HICKORY CREEK - Official Registered Office, TxDOT Division, TX","(800) 558-9368","","contractor.info@txdot.gov","C","Monthly Estimate Reports"
"City of Irving","City of Irving - Official Registered Office, TxDOT Division, TX","(800) 558-9368","","contractor.info@txdot.gov","C","Monthly Estimate Reports"
"CITYLYNX, INC.","CITYLYNX, INC. - Official Registered Office, TxDOT Division, TX","(800) 558-9368","","contractor.info@txdot.gov","C","Monthly Estimate Reports"
"CK NEWBERRY, LLC","1538 COUNTY ROAD 345, KARNES CITY TX 78118","(830) 217-9257","","ESTIMATING@CKNEWBERRY.COM","C","Monthly Estimate Reports, Prequalified"
"CLARK CONSTRUCTION OF TEXAS, INC.","5140 GIBBS SPRAWL ROAD, SAN ANTONIO TX 78219","(210) 661-6421","","ESTIMATING@CLARKPAVE.COM","C","Monthly Estimate Reports, Prequalified"
"CLAW CONTRACTORS, LLC","312 EAST LINCOLN, SEYMOUR TX 76380","(580) 335-1906","","CLAWCONTRACTORS@GMAIL.COM","C","Bidder's Questionnaire, Monthly Estimate Reports"
"CLEMENTS FLUIDS HENDERSON, LTD.","CLEMENTS FLUIDS HENDERSON, LTD. - Official Registered Office, TxDOT Division, TX","(800) 558-9368","","contractor.info@txdot.gov","C","Monthly Estimate Reports"
"CLEMENTS FLUIDS SOUTH TEXAS, LTD.","CLEMENTS FLUIDS SOUTH TEXAS, LTD. - Official Registered Office, TxDOT Division, TX","(800) 558-9368","","contractor.info@txdot.gov","C","Monthly Estimate Reports"
"CLEVELAND ASPHALT PRODUCTS, INC.","CLEVELAND ASPHALT PRODUCTS, INC. - Official Registered Office, TxDOT Division, TX","(800) 558-9368","","contractor.info@txdot.gov","C","Monthly Estimate Reports"
"CLINT'S FENCING","13049 WEST PORT ARTHUR RD, BEAUMONT TX 77705","(409) 656-0899","","CLINTSFENCING@GMAIL.COM","C","Bidder's Questionnaire"
"CLORE EQUIPMENT LLC","21220 FM 1420, HARLINGEN TX 78550","(956) 748-4714","","JESSICA@CLORECONSTRUCTION.COM","C","Prequalified"
"CM COMPANY","PO BOX 1147, PRESIDIO TX 79845","(432) 295-2583","","CARRASCO_MANUEL@YAHOO.COM","C","Bidder's Questionnaire, Monthly Estimate Reports"
"CNG BUILDERS & DEVELOPMENT LIMITED LIABILITY COMPANY","2334 BOCA CHICA BLVD STE 400, BROWNSVILLE TX 78521","(956) 455-0481","","CNGBUILDERS24@GMAIL.COM","C","Bidder's Questionnaire"
"COASCAPE","P.O. BOX 470594, FORT WORTH TX 76147","(817) 995-1325","","SITEONEOPERATIONS@GMAIL.COM","C","Bidder's Questionnaire"
"COASCAPE GROUP, LLC","COASCAPE GROUP, LLC - Official Registered Office, TxDOT Division, TX","(800) 558-9368","","contractor.info@txdot.gov","C","Monthly Estimate Reports"
"COLLINS & HERMANN, INC.","PO BOX 38901, ST LOUIS MO 63138","(314) 869-8498","","PREQUAL@COLLINSANDHERMANN.COM","C","Prequalified"
"COLORADO MATERIALS, LTD.","COLORADO MATERIALS, LTD. - Official Registered Office, TxDOT Division, TX","(800) 558-9368","","contractor.info@txdot.gov","C","Monthly Estimate Reports"
"COLORADO RIVER CONSTRUCTORS, OHP","COLORADO RIVER CONSTRUCTORS, OHP - Official Registered Office, TxDOT Division, TX","(800) 558-9368","","contractor.info@txdot.gov","C","Monthly Estimate Reports"
"COMPLETE MAINTENANCE SOLUTIONS, LLC","P.O. BOX 10394, CORPUS CHRISTI TX 78460","(361) 904-9006","","INVOICES@CMSTEXAS.COM","C","Bidder's Questionnaire"
"CONCAN SERVICES LLC","P.O. BOX 1039, UVALDE TX 78801","(830) 279-9620","","JERRID@CONCANSERVICES.COM","C","Bidder's Questionnaire"
"CONCRETE CONNECTION, LLC","606 N WESTRIDGE RD., PLAINVIEW TX 79072","(806) 774-5556","","THECONCRETECONNECTION@HOTMAIL.COM","C","Bidder's Questionnaire"
"CONRAD CONSTRUCTION CO., LTD.","PO BOX 841134, HOUSTON TX 77284","(713) 937-1172","","BRIANWCONRAD@HOTMAIL.COM","C","Prequalified"
"CONSOLIDATED TRAFFIC CONTROLS, INC.","CONSOLIDATED TRAFFIC CONTROLS, INC. - Official Registered Office, TxDOT Division, TX","(800) 558-9368","","contractor.info@txdot.gov","C","Monthly Estimate Reports"
"CONSTAR CONSTRUCTION","349 REID DRIVE, VICTORIA TX 77904","(361) 485-9101","","SANDY@CONSTARCONSTRUCTION.COM","C","Monthly Estimate Reports, Prequalified"
"CONSTRUCTION MANAGERS OF SOUTHEAST TEXAS, LLC","CONSTRUCTION MANAGERS OF SOUTHEAST TEXAS, LLC - Official Registered Office, TxDOT Division, TX","(800) 558-9368","","contractor.info@txdot.gov","C","Monthly Estimate Reports"
"CONTINENTAL INSURANCE COMPANY (THE)","CONTINENTAL INSURANCE COMPANY (THE) - Official Registered Office, TxDOT Division, TX","(800) 558-9368","","contractor.info@txdot.gov","C","Monthly Estimate Reports"
"COONROD ELECTRIC CO., LLC","PO BOX D, SINTON TX 78387-0169","(361) 364-1493","","COMMERCIAL@CECNRG.COM","C","Bidder's Questionnaire"
"COPASA INC","COPASA INC - Official Registered Office, TxDOT Division, TX","(800) 558-9368","","contractor.info@txdot.gov","C","Monthly Estimate Reports"
"COPPELL CONSTRUCTION CO., INC.","PO BOX 620, ST. JO TX 76265","(940) 995-2416","","TWEGER@COPPELLCONST.COM","C","Monthly Estimate Reports, Prequalified"
"CORNERSTONE PAVING AND CONSTRUCTION, L.L.C.","PO BOX 170, LYONS TX 77863","(979) 836-1105","","VINCE@CORPAVING.COM","C","Monthly Estimate Reports, Prequalified"
"CORNERSTONE SYNERGY LLC","P.O. BOX 1570, PANHANDLE TX 79068","(806) 279-0999","","ASCOTT@CORNERSTONETX.NET","C","Bidder's Questionnaire"
"CORRECT CUTS LANDSCAPE LLC","18658 HELOTES RIDGE, HELOTES TX 78023","(210) 382-7709","","CORRECTCUTSLANDSCAPE@GMAIL.COM","C","Bidder's Questionnaire"
"COUGHLIN COMPANY I, INC.","809 E COMMERCE DRIVE, ST GEORGE UT 84790","(435) 674-5119","","NADINE@COUGHLINCOMPANY.COM","C","Bidder's Questionnaire"
"COUNTY LINE CONSTRUCTION, LLC","998 COUNTY ROAD 1187, SULPHUR SPRINGS TX 75482","(903) 348-0652","","COUNTYLINECONSTRUCT@GMAIL.COM","C","Bidder's Questionnaire"
"COX CONCRETE CONTRACTORS, INCORPORATED","PO BOX 631447, NACOGDOCHES TX 75963","(936) 564-8242","","BJONES@COXJONES.COM","C","Bidder's Questionnaire"
"COX PAVING OF TEXAS, INC.","PO BOX 519, BLANCO TX 78606","(830) 833-4136","","CHRISCURBOW@COXPAVING.COM","C","Monthly Estimate Reports, Prequalified"
"CRACKSEAL OF TEXAS, LLC","PO BOX 55, MATHIS TX 78368","(361) 255-6099","","MIGUEL.CSOT.LLC@GMAIL.COM","C","Monthly Estimate Reports, Prequalified"
"CRACON, INC.","2007 W HIGHWAY 6, ALVIN TX 77511","(713) 864-3368","","MEL@STATEWIDESERVICESINC.NET","C","Bidder's Questionnaire"
"C-RAE MATERIALS LLC","C-RAE MATERIALS LLC - Official Registered Office, TxDOT Division, TX","(800) 558-9368","","contractor.info@txdot.gov","C","Monthly Estimate Reports"
"CRAFT SAFETY INDUSTRIES","P.O. BOX 58111, HOUSTON TX 77058","(832) 864-2396","","RCRAFT@CSINSPECTOR.COM","C","Bidder's Questionnaire"
"CRAIG & HEIDT, INC.","1970 KNOLL STREET, HOUSTON TX 77080","(713) 467-7283","","SCRAIG@CRAIG-HEIDT.COM","C","Prequalified"
"CREACOM, INC.","21333 HUFSMITH KOHRVILLE, TOMBALL TX 77375","(281) 351-4505","","TKCREA@CREACOMINC.COM","C","Monthly Estimate Reports, Prequalified"
"CREATIVE DESIGN CONCEPTS, INC.","PO BOX 429, VAN BUREN AR 72957","(479) 262-6575","","SARAH@CDESIGNC.NET","C","Prequalified"
"CROSS PLUS CONSTRUCTION, LLC","PO BOX 1904, CHANDLER TX 75758","(254) 848-2220","","CROSSPLUSOFFICE@YAHOO.COM","C","Monthly Estimate Reports, Prequalified"
"CROSSLAND HEAVY CONTRACTORS, INC.","PO BOX 350, COLUMBUS KS 66725","(620) 429-1410","","AHARLOS@HEAVYCONTRACTORS.COM","C","Prequalified"
"CROWDERGULF, LLC","5629 COMMERCE BLVD E, MOBILE AL 36619","(251) 459-7433","","JRAMSAY@CROWDERGULF.COM","C","Prequalified"
"CROWN CIVIL CONSTRUCTION CORP.","PO BOX 7966, TYLER TX 75711","(903) 316-7146","","AREILLY402@GMAIL.COM","C","Prequalified"
"CTI OF TEXAS LLC","PO BOX 1594, BLANCO TX 78606","(830) 330-2633","","DEAN@CTITEXAS.COM","C","Bidder's Questionnaire"
"CUTLER REPAVING, INC.","921 E. 27TH ST., LAWRENCE KS 66046","(785) 843-3942","","JNELSON@CUTLERREPAVING.COM","C","Prequalified"
"D & D CONTRACTORS, INC.","1463 BOLTON RD, MARION TX 78214","(830) 914-2000","","KELLY@DANDDCONTRACTORS.COM","D","Prequalified"
"D & M CONTRACTORS, LLC","887 VZ CR 1516, VAN TX 75790","(903) 963-5597","","DANDM93@GMAIL.COM","D","Monthly Estimate Reports, Prequalified"
"D D M CONSTRUCTION CORPORATION","306 W OVERLY DRIVE, LAKE DALLAS TX 75065","(940) 726-1121","","ESTIMATORS@DDMCC.NET","D","Prequalified"
"D&G ENERGY CORPORATION","PO BOX 4675, MCALLEN TX 78502","(956) 686-2405","","DGENERGYCORP@ATT.NET","D","Monthly Estimate Reports, Prequalified"
"D&S CONCRETE CONTRACTORS LLC","D&S CONCRETE CONTRACTORS LLC - Official Registered Office, TxDOT Division, TX","(800) 558-9368","","contractor.info@txdot.gov","D","Monthly Estimate Reports"
"D. I. J. CONSTRUCTION, INC.","PO BOX 1609, BERTRAM TX 78605","(512) 355-2766","","INFO@DIJCONSTRUCTION.COM","D","Monthly Estimate Reports, Prequalified"
"D. L. LENNON INCORPORATED - CONTRACTOR","PO BOX 1308, COMMERCE TX 75429","(903) 886-8845","","DUSTIN@DLLENNON.COM","D","Monthly Estimate Reports, Prequalified"
"D. WILSON CONSTRUCTION COMPANY","PO BOX 3455, MCALLEN TX 78502","(956) 686-3270","","JOSUER@DWILSONCONSTRUCTION.COM","D","Prequalified"
"DACIK GLOBAL HOLDINGS, LLC","2626 S. LOOP WEST, SUITE 250, HOUSTON TX 77054","(713) 502-4435","","EVICTORE@HOTMAIL.COM","D","Bidder's Questionnaire"
"DAKOTA UTILITY CONTRACTORS, LLC","PO BOX 657, ENNIS TX 75120","(972) 875-6342","","SALES@DAKOTAUTILITY.COM","D","Bidder's Questionnaire"
"DALLAS PAINT AND BODY LLC","410 W ELMORE AVE, DALLAS TX 75224","(214) 948-1071","","DALLASPAINTANDBODY@YMAIL.COM","D","Bidder's Questionnaire"
"DALRYMPLE GRAVEL AND CONTRACTING COMPANY, INC.","2115 STEPHENS PI, STE 210, NEW BRAUNFELS TX 78130","(830) 310-7715","","ESTIMATING@DALGRAVEL.COM","D","Prequalified"
"DAN WILLIAMS COMPANY","9050 N CAPITAL OF TEXAS HWY, AUSTIN TX 78759","(512) 320-1413","","DWILLIAMS@DANWILLIAMSCOMPANY.COM","D","Monthly Estimate Reports, Prequalified"
"DCA CONTRACTOR LLC","12041 SILVER LINING, SAN ANTONIO TX 78254","(210) 592-3026","","INFO@DCACONTRACTOR.COM","D","Bidder's Questionnaire"
"DCC CONSTRUCTION AND SERVICES, L.L.C.","DCC CONSTRUCTION AND SERVICES, L.L.C. - Official Registered Office, TxDOT Division, TX","(800) 558-9368","","contractor.info@txdot.gov","D","Monthly Estimate Reports"
"DEAN WORD COMPANY, LTD.","PO BOX 310330, NEW BRAUNFELS TX 78131-0330","(830) 606-5008","","DWORD@DEANWORD.COM","D","Monthly Estimate Reports, Prequalified"
"DEANGELO CONTRACTING SERVICES LLC","100 NORTH CONAHAN DRIVE, HAZLETON PA 18201","(717) 819-9333","","RESEARCH@DEANGELOCS.COM","D","Bidder's Questionnaire"
"DECKER MECHANICAL","PO BOX 53, CEDAR HILL TX 75106-0053","(972) 293-1068","","WDECKER@DECKERMECHANICAL.COM","D","Bidder's Questionnaire"
"DECO CONTRACTORS, INC.","36 BUTTONBUSH CT, THE WOODLANDS TX 77380","(713) 899-2962","","MLAWSON@DECOINC.NET","D","Monthly Estimate Reports, Prequalified"
"DELGADO'S CONTRACTORS, LLC","PO BOX 412153, DEL RIO TX 78842","(830) 422-2441","","OFFICE@DCCTEXAS.COM","D","Monthly Estimate Reports, Prequalified"
"DELHUR INDUSTRIES, INC.","2443 W. STATE HWY 176, ANDREWS TX 79714","(432) 897-1417","","JJAMES@DELHUR.COM","D","Monthly Estimate Reports, Prequalified"
"DENBOW COMPANY INC.","2780 W. HWY 290,BLDG A, DRIPPING SPRINGS TX 78620","(512) 692-3697","","TIM@DENBOWCOMPANY.COM","D","Prequalified"
"DENUCCI CONSTRUCTORS, L.L.C.","PO BOX 201268, AUSTIN TX 78720","(512) 342-0600","","ADMIN@DENUCCICONSTRUCTORS.COM","D","Bidder's Questionnaire"
"DESERT LUXURY TRANSPORTATION, LLC","6658 DRIFTWOOD DRIVE, GARDENDALE TX 79758","(432) 238-5410","","GALINDOELVIS1@GMAIL.COM","D","Bidder's Questionnaire, Monthly Estimate Reports"
"DESERT PAVING, INC.","900 S MEADOW AVENUE, ODESSA TX 79761","(432) 225-1011","","DESERTPAVING@AOL.COM","D","Bidder's Questionnaire"
"DEVILDOGS CONSTRUCTION","7906 COPPER CANYON DR, ARLINGTON TX 76002","(580) 372-5119","","CRECORD.GHOGS@GMAIL.COM","D","Bidder's Questionnaire"
"DFW PAVING, L.L.C.","5890 E. BERRY STREET, FORT WORTH TX 76119","(817) 885-8080","","RAENI@DFWPAVING.COM","D","Prequalified"
"DIAMOND DRILLING & SAWING CO., INC","1157 S BANNOCK ST, DENVER CO 80223","(303) 733-3742","","LIZ@DDSCUSA.COM","D","Prequalified"
"Diamond I Services, LLC","Diamond I Services, LLC - Official Registered Office, TxDOT Division, TX","(800) 558-9368","","contractor.info@txdot.gov","D","Monthly Estimate Reports"
"DIAMOND M LAND MANAGEMENT, LLC","P.O BOX 314, STEPHENVILLE TX 76401","(254) 459-1711","","JMOORE@DIAMONDMLANDMANAGEMENT.COM","D","Bidder's Questionnaire"
"DIAMOND R CONTRACTING, LLC","14545 DONOP RD, ELMENDORF TX 78112","(210) 268-3680","","DIAMONDRC80@GMAIL.COM","D","Monthly Estimate Reports, Prequalified"
"DIAMOND SURFACE, INC.","21025 COMMERCE BLVD STE 900, ROGERS MN 55374","(763) 420-5929","","TERRYH@DIAMONDSURFACEINC.COM","D","Prequalified"
"DIGG COMMERCIAL, LLC","6901 WOLF LANE, DEL VALLE TX 78617","(512) 329-6722","","PAUL@DIGGCOMMERCIAL.COM","D","Monthly Estimate Reports, Prequalified"
"DK CONTRACTING, LLC","110 WRANGLER CIRCLE, TUSCOLA TX 79562","(325) 277-7521","","DANA.KEINER@DKSIGNINSTALLATION.COM","D","Bidder's Questionnaire"
"DLB CONSULTANTS, LLC","2437-C FM 917, MANSFIELD TX 76063","(214) 597-2022","","DEMETRIA@CONSULTANTSDLB.COM","D","Bidder's Questionnaire"
"DOMINION ENGINEERING MANAGEMENT SERVICES (DEMS), LLC","11111 KATY FREEWAY SUITE 910, HOUSTON TX 77079","(832) 517-2104","","OLUSOLA.DOSUNMU@DEMSENGINEERING.COM","D","Bidder's Questionnaire"
"DORADO CONSTRUCTION GROUP","4705 SOUTH CHADBOURNE ST., SAN ANGELO TX 76904","(325) 387-3881","","contractor.info@txdot.gov","D","Prequalified"
"DORAZIO ENTERPRISES, INC.","143 N TOWER DRIVE, SAN ANTONIO TX 78232","(210) 490-3933","","INFO@DORAZIOENTERPRISES.COM","D","Bidder's Questionnaire"
"DOUBLE A CONTRACTING, L.P.","6865 W. 29TH ST, ODESSA TX 79764","(432) 385-7280","","DOUBLEA.CONTRACTING@YAHOO.COM","D","Monthly Estimate Reports, Prequalified"
"DOUBLE H CONTRACTING INC.","14361 ROARING SPRINGS, EL PASO TX 79928","(915) 851-2396","","HHINOJOSH@GMAIL.COM","D","Monthly Estimate Reports, Prequalified"
"DOUBLE S TRACTOR SERVICES, LLC","2739 COUNTY ROAD 3485, ALBA TX 75410","(469) 406-5633","","DOUBLESTRACTOR@GMAIL.COM","D","Bidder's Questionnaire"
"DOWELL PEST CONTROL LLC","638 N COMMERCE ST, PORT LAVACA TX 77979","(361) 717-4663","","CHAD@DOWELLPESTCONTROL.COM","D","Bidder's Questionnaire"
"DOWTECH SPECIALTY CONTRACTORS,INC.","4703 CR 527, BAIRD TX 79504","(325) 893-3116","","DOWTECH@DOWTECHSPECIALTY.COM","D","Bidder's Questionnaire"
"DRAGADOS USA, INC.","555 ANTON BLVD. SUITE 1000, COSTA MESA CA 92626","(949) 490-1801","","STIQUE@DRAGADOS-USA.COM","D","Prequalified"
"DRAKE ASPHALT LLC","DRAKE ASPHALT LLC - Official Registered Office, TxDOT Division, TX","(800) 558-9368","","contractor.info@txdot.gov","D","Monthly Estimate Reports"
"DRAKE COMPANIES LLC","3737 LAMAR AVE. SUITE #700, PARIS TX 75460","(903) 784-4768","","CONTROLLER@LAMARTEAM.COM","D","Monthly Estimate Reports, Prequalified"
"DRC EMERGENCY SERVICES, LLC","PO BOX 17017, GALVESTON TX 77552","(504) 482-2852","","LWALSH@DRCUSA.COM","D","Prequalified"
"DREWERY & WHEATON, LLC","902 SE STALLINGS DRIVE, NACOGDOCHES TX 75964","(936) 615-1804","","ADMIN@DREWERYWHEATON.COM","D","Prequalified"
"DREWERY BROS. TREE SERVICE, INC.","902 SE STALLINGS DRIVE, NACOGDOCHES TX 75964","(936) 560-3282","","MONICA.LUCAS@DREWERYINC.COM","D","Bidder's Questionnaire"
"DREWERY CONSTRUCTION COMPANY, INCORPORATED","902 S E  STALLINGS DR, NACOGDOCHES TX 75964","(936) 560-3282","","ADMIN@DREWERYINC.COM","D","Monthly Estimate Reports, Prequalified"
"DSC ENVIRONMENTAL - WEST TEXAS INC.","1524 EAST LOOP 254, RANGER TX 76470","(254) 647-3272","","DSCWT@TXBUSINESS.COM","D","Bidder's Questionnaire"
"DUININCK, INC.","PO BOX 735, ROANOKE TX 76262","(817) 491-9528","","RCDUININCK@DUININCK.COM","D","Monthly Estimate Reports, Prequalified"
"DUIT CONSTRUCTION COMPANY, INC.","PO BOX 3788, EDMOND OK 73083","(405) 348-7627","","TIMDUIT@DUITCONSTRUCTION.COM","D","Prequalified"
"DUKE ELECTRIC CO., INC.","PO BOX 267, AMARILLO TX 79105","(806) 342-0167","","ANDYM@DUKEELEC.COM","D","Bidder's Questionnaire"
"DURABLE SPECIALTIES, INC.","PO BOX 535969, GRAND PRAIRIE TX 75053","(972) 780-7411","","PATRICK@DURABLESPECIALTIES.COM","D","Monthly Estimate Reports, Prequalified"
"DURWOOD GREENE CONSTRUCTION CO.","PO BOX 1338, STAFFORD TX 77497","(281) 499-1525","","LANGUIANO@DURWOODGREENE.COM","D","Monthly Estimate Reports, Prequalified"
"DUSTIN ALLEN, INC.","PO BOX 369, BOGATA TX 75417","(903) 652-2211","","LANA@DUSTINALLENINC.COM","D","Bidder's Questionnaire"
"DUSTROL, INC.","PO BOX 309, TOWANDA KS 67144","(316) 536-2789","","ABULLOK@DUSTROL.COM","D","Prequalified"
"E. G. L. CONSTRUCTION, INC.","5417 DAILY AVE, EL PASO TX 79905","(915) 772-4272","","MARIO@EGLCONSTRUCTION.COM","E","Monthly Estimate Reports, Prequalified"
"E.P.S.H., LLC","2741 CROWN HILL, SUITE B, EAGLE PASS TX 78852","(830) 352-6186","","PACO@BLTEXAS.COM","E","Bidder's Questionnaire"
"E.V.G. ENTERPRISE","1909 ZACATE DR, ODESSA TX 79765","(432) 227-5831","","EVGUERRA01@OUTLOOK.COM","E","Monthly Estimate Reports, Prequalified"
"EAGLE BARRICADE, LLC","101C N. GREENVILLE AVE.# 428, ALLEN TX 75002","(214) 644-2444","","TLACY@EAGLEBARRICADE.COM","E","Bidder's Questionnaire"
"EARTH BUILDERS, L.P.","134 FM 2264, DECATUR TX 76234","(940) 627-0687","","ESTIMATING@EARTHBUILDERS.NET","E","Monthly Estimate Reports, Prequalified"
"EARTH HAULERS, INC.","11500 MOSIER VALLEY RD, FORT WORTH TX 76040","(817) 571-4321","","ALBA@EARTHHAULERS.COM","E","Bidder's Questionnaire"
"EARTHWORKS ENTERPRISE","P.O. BOX 595, PENITAS TX 78576","(956) 683-6149","","BGARCIA@2GSLLC.COM","E","Monthly Estimate Reports, Prequalified"
"EAST TEXAS BRIDGE, INC.","PO BOX 6218, LONGVIEW TX 75608","(903) 758-2717","","ALAN@ETBRIDGE.COM","E","Monthly Estimate Reports, Prequalified"
"EAST TEXAS IRRIGATION, LLC","10452 WESTRIDGE ST, TYLER TX 75709","(903) 944-4502","","GREGGIRON93@GMAIL.COM","E","Bidder's Questionnaire"
"EASTGATE SERVICES","572 CR 3344, SULPHUR SPRINGS TX 75482","(903) 348-8171","","JEFFRORIE@GMAIL.COM","E","Bidder's Questionnaire, Monthly Estimate Reports"
"ECONOLITE SYSTEMS, INC.","1250 N. TUSTIN AVE., ANAHEIM CA 92807","(714) 630-7123","","SDEFAZIO@ECONOLITE.COM","E","Prequalified"
"ED BELL CONSTRUCTION COMPANY","PO BOX 540787, DALLAS TX 75354","(512) 684-7790","","ESTIMATING@EDBELLCONSTRUCTION.COM","E","Monthly Estimate Reports, Prequalified"
"EKO & SONS, LLC","PO BOX 772, COPPELL TX 75019","(972) 974-7849","","STRIPINGSOLUTION@GMAIL.COM","E","Bidder's Questionnaire"
"EL PASO A.R.C. ELECTRIC, INC.","8010 NORTH LOOP DR, EL PASO TX 79915","(915) 590-5500","","CANOARC@SBCGLOBAL.NET","E","Monthly Estimate Reports, Prequalified"
"ELECNOR BELCO ELECTRIC, INC.","14320 ALBERS WAY, CHINO CA 91710","(909) 993-5476","","JWONG@ELECNOR.COM","E","Monthly Estimate Reports, Prequalified"
"ELITE CONTRACTORS AND EQUIPMENT LTD","P.O. BOX 188, KIRBYVILLE TX 75956","(409) 880-5258","","ELITE.EQU@GMAIL.COM","E","Prequalified"
"ELITE KINGS CONSTRUCTION, LLC","6918 ROYAL KNOLL CT, PASADENA TX 77505","(832) 903-0211","","INFO@ELITEKINGCONSTRUCTION.COM","E","Monthly Estimate Reports, Prequalified"
"EMC CONSTRUCTION SERVICES INC.","13800 ECKLES ROAD, LIVONIA MI 48150","(734) 420-1781","","KZIELINSKI@RAMSERVICES.COM","E","Prequalified"
"EMERSON CONSTRUCTION COMPANY, INC.","4502 TWIN CITY BLVD, TEMPLE TX 76502","(254) 939-2094","","BIDS@ECCINC.COM","E","Prequalified"
"EMERY SAPP & SON'S INC.","2301 I-70 DRIVE NW, COLUMBIA MO 65202","(573) 446-4805","","MELISSA.MCMILLIN@EMERYSAPP.COM","E","Monthly Estimate Reports, Prequalified"
"ENCINO LANDSCAPE, INC.","PO BOX 1096, CLEVELAND TX 77328","(281) 659-2280","","SANDRA@ENCINOLANDSCAPEINC.COM","E","Monthly Estimate Reports, Prequalified"
"ENDURANCE CARRIER SERVICES, LLC","10158 FM 1841, BIVINS TX 75555","(903) 949-7777","","OFFICE@ENDURANCECARRIER.COM","E","Bidder's Questionnaire"
"ENNIS-FLINT, INC.","ENNIS-FLINT, INC. - Official Registered Office, TxDOT Division, TX","(800) 558-9368","","contractor.info@txdot.gov","E","Monthly Estimate Reports"
"ENVIRONMENTAL ALLIES, INC.","9730 WINDFERN RD, HOUSTON TX 77064","(281) 442-4117","","SBOURGEOIS2@ENVIRONMENTALALLIES.COM","E","Monthly Estimate Reports, Prequalified"
"ERFURT BLASTING COMPANY, INC.","PO BOX 186, ROUND ROCK TX 78680","(512) 255-6929","","ROBERT@ERFURTBLASTING.COM","E","Bidder's Questionnaire"
"ERGON ASPHALT & EMULSIONS, INC.","4648 Western Way, Temple, TX 76504 (HQ: Jackson, MS)","(254) 715-3921","","info@ergon.com","E","Monthly Estimate Reports"
"ETS ENVIROTECH SERVICES, LLC","910 54TH AVENUE SUITE 230, GREELEY CO 80634","(970) 346-3959","","ESIBIDS@ENVIROTECHSERVICES.COM","E","Bidder's Questionnaire"
"EUROVIA ATLANTIC COAST LLC","PO BOX 800, ROANOKE TX 76262","(817) 430-0553","","TEXASBIDS@EUROVIA.US","E","Monthly Estimate Reports, Prequalified"
"EUTAW CONSTRUCTION COMPANY, INCORPORATED","P.O. BOX 2482, MADISON MS 39130","(601) 855-7787","","CKIRKPATRICK@EUTAW.US","E","Prequalified"
"EXCEL MULCHING","2228 SE LOOP, CARTHAGE TX 75633","(903) 693-7552","","MATTSPARKS@EXCELMULCHING.COM","E","Bidder's Questionnaire"
"EXPERT MAINTENANCE & CONSTRUCTION SERVICES LLC","PO BOX 741, PRAIRIEVILLE LA 70769","(225) 622-5695","","EXPERTMAINTSERVICES@YAHOO.COM","E","Bidder's Questionnaire, Monthly Estimate Reports"
"E-Z BEL CONSTRUCTION, LLC","203 RECOLETA RD, SAN ANTONIO TX 78216","(210) 735-1842","","SPARK@EZBEL.COM","E","Monthly Estimate Reports, Prequalified"
"F & W ELECTRICAL CONTRACTORS, INC.","6880 US HWY 181 N, FLORESVILLE TX 78114","(830) 393-0083","","CARLAH@FANDWELECTRICAL.COM","F","Prequalified"
"F.H. PASCHEN, S.N. NIELSEN & ASSOCIATES LLC","5515 N EAST RIVER RD, CHICAGO IL 60656","(773) 693-0064","","BZITEK@FHPASCHEN.COM","F","Prequalified"
"FC TRAFFIC CONTROL, INC.","PO BOX 15623, AMARILLO TX 79105","(806) 570-5633","","contractor.info@txdot.gov","F","Monthly Estimate Reports, Prequalified"
"FC TRAFFIC CONTROL, LLC","FC TRAFFIC CONTROL, LLC - Official Registered Office, TxDOT Division, TX","(800) 558-9368","","contractor.info@txdot.gov","F","Monthly Estimate Reports"
"FERROVIAL CONSTRUCTION US CORP.","9600 GREAT HILLS TRL STE 200E, AUSTIN TX 78759","(512) 637-1499","","ESTIMATING@FERROVIAL.US","F","Prequalified"
"FILTEX BUILDERS","2223 GREEN KALE DR, RICHMOND TX 77406","(346) 833-1615","","FILTEXBUILDERS@YAHOO.COM","F","Bidder's Questionnaire"
"FIREMAN EXCAVATING, INC.","PO BOX 275, SEAGOVILLE TX 75159","(972) 287-7918","","SDOLIVE@SBCGLOBAL.NET","F","Monthly Estimate Reports, Prequalified"
"FISHER SAND & GRAVEL CO.","PO BOX 1034, DICKINSON ND 58602-1034","(480) 730-1264","","AHARRIS@FISHERIND.COM","F","Prequalified"
"FIVE COMPANIES, LLC","8904 FAIRBANKS N. HOUSTON ROAD, HOUSTON TX 77064","(281) 598-1161","","MBOYER@FIVE-COMPANIES.COM","F","Prequalified"
"FIVE STARR HEALTHCARE STAFFING , LLC","7121 NORTH LOOP EAST, HOUSTON TX 77028","(281) 796-6102","","SCOLLIER@FIVESTARRHEALTHCARE.COM","F","Bidder's Questionnaire"
"FLAT LINE, INC.","PO BOX 1135, CHILDRESS TX 79201","(806) 470-6658","","FLATLINEINC@HOTMAIL.COM","F","Monthly Estimate Reports, Prequalified"
"FLATIRON CONSTRUCTORS, INC.","1320 GREENWAY DRIVE, SUITE 815, IRVING TX 75038","(682) 738-3280","","TEXAS@FLATIRONCORP.COM","F","Monthly Estimate Reports, Prequalified"
"FLEX SUPPLY, LLC","14308 STATE HIGHWAY 155 N, WINONA TX 75792","(903) 877-3787","","TRACIE@FLEXSUPPLY.NET","F","Prequalified"
"FLEXSOLV NETWORKS, INC.","2425 N CENTRAL EXPRESSWAY, RICHARDSON TX 75080","(972) 889-3536","","AISHWARYA@FLEXSOLVNETWORKS.COM","F","Bidder's Questionnaire"
"FLINT RIVER LOGISTICS LLC","1637 KEELER, WICHITA FALLS TX 76301","(940) 642-0038","","MARK@FLINTRIVERLOGISTICS.COM","F","Bidder's Questionnaire"
"FLORES TREE SERVICE LLC","2166 US HWY 190, HUNTSVILLE TX 77340","(936) 355-5969","","MONICAAYALA2001@GMAIL.COM","F","Bidder's Questionnaire, Monthly Estimate Reports"
"FLORIDA TRAFFIC CONTROL DEVICES, INC.","PO BOX 150418, ALTAMONTE SPRINGS FL 32715","(407) 869-9095","","A.GALBREATH@TCD-USA.COM","F","Monthly Estimate Reports, Prequalified"
"FLUOR ENTERPRISES, INC.","737 N ELDRIDGE PKWY, HOUSTON TX 77079","(281) 263-4649","","BEN.DEES@FLUOR.COM","F","Prequalified"
"FLUOR HEAVY CIVIL, LLC","1201 S RAILROAD ST, LEWISVILLE TX 75057","(972) 499-9232","","FHC@FLUOR.COM","F","Monthly Estimate Reports, Prequalified"
"FNF CONSTRUCTION, INC.","115 S 48TH ST, TEMPE AZ 85281","(480) 784-2910","","contractor.info@txdot.gov","F","Monthly Estimate Reports, Prequalified"
"FNH CONSTRUCTION, LLC","500 N CENTRAL EXPY # 105, PLANO TX 75074","(469) 248-2720","","CANDACE@FNHCONSTRUCTION.COM","F","Monthly Estimate Reports, Prequalified"
"FORDE CONSTRUCTION COMPANY, INC.","6842 CALLE LOZANO, HOUSTON TX 77041","(713) 466-1791","","PFORDE@FORDECONST.COM","F","Monthly Estimate Reports, Prequalified"
"FOREMOST PAVING, INC.","PO BOX 29, WESLACO TX 78599","(956) 316-8901","","TREY@FPITEX.COM","F","Monthly Estimate Reports, Prequalified"
"FOUTSCO PAVING COMPANY, LLC","2650 FM 407 E, STE 145/165, BARTONVILLE TX 76226","(940) 222-1012","","LFOUTS@FOUTSCOPAVING.COM","F","Monthly Estimate Reports, Prequalified"
"FREYSSINET, INC.","44880 FALCON PLACE SUITE 100, STERLING VA 20166","(703) 378-2700","","REGISTRATION@FREYSSINETUSA.COM","F","Prequalified"
"FRIO FENCING, LLC","2922 FM 1583, DILLEY TX 78017","(830) 505-0019","","FRIOFENCING@GMAIL.COM","F","Bidder's Questionnaire"
"FUQUA CONSTRUCTION CO., INC.","PO BOX 1537, NAVASOTA TX 77868","(936) 825-6248","","OFFICE@FUQUACONSTRUCTION.COM","F","Monthly Estimate Reports, Prequalified"
"FYL ENTERPRISES, LLC","P.O. BOX 27505, AUSTIN TX 78755","(512) 433-6847","","FYL.FERNANDO@GMAIL.COM","F","Monthly Estimate Reports, Prequalified"
"GAGE & CADE CONSTRUCTION, LLC","1107 COUNTY RD 264, BERTRAM TX 78605","(512) 379-8176","","contractor.info@txdot.gov","G","Bidder's Questionnaire"
"GAMUT, LLC","10272 MUSTANG DOWNS DR, FORT WORTH TX 76126","(817) 360-1018","","INFO@GAMUT-LLC.COM","G","Bidder's Questionnaire"
"GANT CONTRACTORS, INC.","PO BOX 44, LEONARD TX 75452","(214) 679-6919","","PEGANT@GMAIL.COM","G","Bidder's Questionnaire"
"GARCIA PRODUCTS & SERVICES LLC","32127 REDFISH TRAIL, RICHWOOD TX 77515","(979) 824-9049","","JOE.GARCIA03@YAHOO.COM","G","Bidder's Questionnaire"
"GARRET SHIELDS INFRASTRUCTURE","1117 E WALNUT STREET, GARLAND TX 75040","(469) 543-0234","","RICK.SULZER@GARRETSHIELDS.COM","G","Monthly Estimate Reports, Prequalified"
"GENTRY CARPENTRY & CONSTRUCTION LLC","P.O. BOX 40234, EVERMAN TX 76140","(817) 887-5488","","GCCINFO@GENTRYCARPENTRYCONSTRUCTION.COM","G","Bidder's Questionnaire"
"GEOSTABILIZATION INTERNATIONAL, LLC","10225 WESTMOOR DRIVE SUITE 205, WESTMINSTER CO 80021","(855) 579-0536","","contractor.info@txdot.gov","G","Prequalified"
"GERKE EXCAVATING, INC","15341 STATE HWY 131, TOMAH WI 54660","(608) 372-4139","","INFO@GERKEEXCAVATING.COM","G","Prequalified"
"GHB EQUIPMENT COMPANY, L.L.C.","3257 FM 1629, BONHAM TX 75418","(903) 583-5008","","CSTANDRIDGE@GHB-BRIDGE.COM","G","Monthly Estimate Reports, Prequalified"
"GIBSON & ASSOCIATES, INC.","PO BOX 800579, BALCH SPRINGS TX 75180","(972) 557-1552","","ESTIMATING@GIBSONASSOC.NET","G","Monthly Estimate Reports, Prequalified"
"GILLINGWATER CONSTRUCTION, LLC","4202 SPICEWOOD SPRINGS ROAD, AUSTIN TX 78759","(737) 313-8111","","CUB@GILLINGWATERCONSTRUCTION.COM","G","Bidder's Questionnaire"
"GILVIN-TERRILL, LTD.","PO BOX 9027, AMARILLO TX 79105","(806) 944-5271","","RAYMOND@GILVINT.COM","G","Monthly Estimate Reports, Prequalified"
"GLENN FUQUA, INC.","PO BOX 589, NAVASOTA TX 77868","(936) 825-7153","","contractor.info@txdot.gov","G","Monthly Estimate Reports, Prequalified"
"GLM CONTRACTING, INC.","2042 DIAMOND SPRINGS, HOUSTON TX 77077","(281) 596-0748","","HAMZOGEORGE@GMAIL.COM","G","Prequalified"
"GLOBAL EMERGENCY SERVICES, LLC.","8050 EVANGELINE LANE, BEAUMONT TX 77706","(409) 656-9444","","DRCAJI@AOL.COM","G","Monthly Estimate Reports, Prequalified"
"GLOBE BUILDERS, INC.","3009 PERSHING DR., APT. 1, EL PASO TX 79903","(206) 888-0326","","ADMIN@GLOBEBUILDERS.COM","G","Bidder's Questionnaire"
"GO UNDERGROUND, LIMITED LIABILITY COMPANY","217 E. MONROE AVE., HARLINGEN TX 78550","(956) 412-6101","","GOEXCAVATE@YAHOO.COM","G","Prequalified"
"GONZALEZ ENGINEERING & MANAGEMENT, LLC","PO BOX 3275, EDINBURG TX 78540","(956) 513-0884","","VIVIAN@GEMENGINEERS.NET","G","Prequalified"
"GORMAN OUTDOOR, INC.","7212 N FM 179, SHALLOWATER TX 79363","(806) 790-5171","","BRETT@GORMANOUTDOOR.COM","G","Bidder's Questionnaire, Monthly Estimate Reports"
"GRANBURY EXCAVATING, INC.","PO BOX 1176, GRANBURY TX 76048","(817) 579-9649","","BRAD@GXITX.NET","G","Prequalified"
"GRANCHELLI CIVIL CONSTRUCTION LLC","2001 INDUSTRIAL DR. STE. B, MCALLEN TX 78504","(956) 928-1122","","JIM@GRANCHELLICONSTRUCTION.COM","G","Bidder's Questionnaire"
"GRANCHELLI CONSTRUCTION L.L.C.","2001 INDUSTRIAL DR., MCALLEN TX 78504","(956) 928-0322","","JIM@GRANCHELLICONSTRUCTION.COM","G","Bidder's Questionnaire"
"GRANITE CONSTRUCTION COMPANY","PO BOX 50085, WATSONVILLE CA 95077","(831) 768-4021","","GC.ESTIMATING@GCINC.COM","G","Monthly Estimate Reports, Prequalified"
"GRATIOT CONSTRUCTION, LTD.","PO BOX 458, RICHMOND MI 48062","(586) 749-6909","","SKELLER@NATIONWIDECOS.COM","G","Monthly Estimate Reports, Prequalified"
"GREAT LAKES DREDGING, LLC","9811 KATY FREEWAY, SUITE 1200, HOUSTON TX 77024","(630) 574-2909","","BHUTCHINSON@GLDD.COM","G","Prequalified"
"GREEN DREAM INTERNATIONAL LLC","GREEN DREAM INTERNATIONAL LLC - Official Registered Office, TxDOT Division, TX","(800) 558-9368","","contractor.info@txdot.gov","G","Monthly Estimate Reports"
"GREEN SAGE SERVICES LLC","PO BOX 224, CROSBY TX 77532","(281) 328-4380","","contractor.info@txdot.gov","G","Monthly Estimate Reports, Prequalified"
"GREENPAK SOLUTIONS, LIMITED LIABILITY COMPANY","PO BOX 1278, ROANOKE TX 76262","(817) 887-5251","","GREENPAKSOLUTIONS@GMAIL.COM","G","Monthly Estimate Reports, Prequalified"
"GREY SKY CONSTRUCTION LLC","GREY SKY CONSTRUCTION LLC - Official Registered Office, TxDOT Division, TX","(800) 558-9368","","contractor.info@txdot.gov","G","Monthly Estimate Reports"
"GROD CONSTRUCTION LLC","GROD CONSTRUCTION LLC - Official Registered Office, TxDOT Division, TX","(800) 558-9368","","contractor.info@txdot.gov","G","Monthly Estimate Reports"
"GROUNDCOVER HOLDINGS, LLC","1418 MILAM ST, FT WORTH TX 76112","(915) 478-9857","","GROUNDCOVERH@YAHOO.COM","G","Bidder's Questionnaire, Monthly Estimate Reports"
"GST MANAGEMENT TRUCKING INC","17513 CLAYTON LN, NAVASOTA TX 77868","(832) 680-6910","","INFO@GSTMANAGEMENTRUCKING.COM","G","Bidder's Questionnaire"
"GULF CONTRACTING, LLC","PO BOX 2178, TARPON SPRINGS FL 34688","(727) 937-0967","","ADMIN@GULFCOASTOFFL.COM","G","Prequalified"
"GV LANDSCAPE AND CONSTRUCTION LLC","449 N SAINT AUGUSTINE DR, DALLAS TX 75217","(214) 232-6139","","EDDYVALLEY@GMAIL.COM","G","Bidder's Questionnaire, Monthly Estimate Reports"
"H J HENKE, LLC","PO BOX 834, POTH TX 78147","(361) 798-8490","","JOEYHENKE@SBCGLOBAL.NET","H","Bidder's Questionnaire"
"H. H. HOWARD & SONS, INC.","108 COFFEY ST, DAINGERFIELD TX 75638","(903) 656-3543","","HHHOWARDCONST@GMAIL.COM","H","Monthly Estimate Reports, Prequalified"
"H. L. ZUMWALT CONSTRUCTION, INC.","17511 FM 1283, MICO TX 78056","(830) 751-2604","","MONICA@HLZUMWALT.COM","H","Prequalified"
"H. V. CAVER, INC.","PO BOX 1124, ATLANTA TX 75551","(903) 796-7530","","SCOTT@HVCAVER.COM","H","Monthly Estimate Reports, Prequalified"
"HALL ENTERPRISES AND CONTRACTING LLC","2190 THOMAS ROAD, BEAUMONT TX 77706","(409) 351-9000","","HALLENTERPRISESANDCONTRACTING@GMAIL.COM","H","Bidder's Questionnaire"
"HARPER BROTHERS CONSTRUCTION LLC","333 N SAM HOUSTON PKWY W, HOUSTON TX 77060","(713) 893-0048","","JON.HARPER@HARPERBRO.COM","H","Monthly Estimate Reports, Prequalified"
"HARRIS CONSTRUCTION COMPANY, LLC","6602 GUHN ROAD, HOUSTON TX 77040","(713) 690-0791","","MHORN@HARRISCONSTRUCT.COM","H","Prequalified"
"HASSELL CONSTRUCTION GROUP, LLC","12522 CUTTEN RD. STE A, HOUSTON TX 77066","(281) 893-3810","","SPOTTS@HCGTEXAS.COM","H","Prequalified"
"HAWK CONSTRUCTION","12779 AZOGUE, EL PASO TX 79938","(915) 526-9116","","JOJEDA@HAWKCONCRETE.COM","H","Monthly Estimate Reports, Prequalified"
"HAYDEN CAPITAL CORPORATION","PO BOX 8369, FORT WORTH TX 76124","(817) 478-3765","","MARGO@HAYDENCAPITAL.NET","H","Bidder's Questionnaire"
"HAYDEN PAVING, INC.","4710 WINDSONG TRAIL, HOUSTON TX 77084","(281) 856-2506","","MHENRY@HAYDENPAVING.COM","H","Monthly Estimate Reports, Prequalified"
"HAZMAT INTERNATIONAL, INC.","2200 EAST DAVIS STREET, CONROE TX 77301","(936) 756-2255","","HIGHWAY@HAZMATINTERNATIONAL.COM","H","Monthly Estimate Reports, Prequalified"
"HEAVY ROADWAY CONSTRUCTION SERVICES, LLC","1305 TERRACE VIEW DRIVE, CEDAR PARK TX 78613","(512) 260-5777","","HEAVYROADWAYCS@GMAIL.COM","H","Bidder's Questionnaire"
"HEISKELL CONSTRUCTION INC.","103 W. PARK ROW DRIVE, ARLINGTON TX 76010","(817) 372-9263","","RHEISKELL@SBCGLOBAL.NET","H","Bidder's Questionnaire"
"HENECO ENGINEERING AND CONSULTING, LLC","711 OLD GENOA RED BLUFF RD., HOUSTON TX 77034","(281) 487-5757","","INFO@HENECO.COM","H","Bidder's Questionnaire"
"HERZOG CONTRACTING CORP.","PO BOX 1089, ST. JOSEPH MO 64502","(816) 233-9881","","TROWLAND@HERZOG.COM","H","Prequalified"
"HGR CEMENT, LLC","1430 CRAWFORD DR, DALLAS TX 75149","(972) 222-2152","","HGRCEMENT@GMAIL.COM","H","Bidder's Questionnaire"
"HIGH ROLLER RESOURCES, LLC","1008 SOUTHVIEW CIRCLE, CENTER TX 75935","(936) 590-7373","","BTHOMPSON@HIGHROLLERLOGISTICS.COM","H","Bidder's Questionnaire"
"HIGHWAY 1 LLC","20411 COOK ROAD, TOMBALL TX 77377","(713) 344-1279","","TODD@HIGHWAY1TX.COM","H","Prequalified"
"HIGHWAY 19 CONSTRUCTION LLC","PO BOX 492, SULPHUR SPRINGS TX 75483","(903) 945-2201","","JUAN@HIGHWAY19CONSTRUCTION.COM","H","Monthly Estimate Reports, Prequalified"
"HIGHWAY BARRICADES AND SERVICES, LLC","PO BOX 9104, CORPUS CHRISTI TX 78469","(361) 883-6301","","LTHOMAS@HBSTEXAS.COM","H","Monthly Estimate Reports, Prequalified"
"HIGHWAY INTELLIGENT TRAFFIC SOLUTIONS, LLC","1500 HIGH MEADOWS WAY, CEDAR HILL TX 75104","(469) 454-4677","","DABBOTT@HIGHWAYITS.COM","H","Monthly Estimate Reports, Prequalified"
"HI-LITE AIRFIELD SERVICES, LLC","PO BOX 597, WATERTOWN NY 13601","(315) 777-8270","","FINANCE@HI-LITE.COM","H","Prequalified"
"HJC FARMS, INC.","4721 HILL STREET, SUITE H, ABILENE TX 79602","(325) 999-7923","","ESTIMATING@HJCFARMS.COM","H","Monthly Estimate Reports, Prequalified"
"HM STEEL LLC","5930 DASHWOOD DR APT 35, HOUSTON TX 77081","(409) 237-9709","","HMSTEELLLC@GMAIL.COM","H","Bidder's Questionnaire"
"HODGES AND SON CONSTRUCTION COMPANY, INC.","2480 CR 3340, OMAHA TX 75571","(903) 884-2275","","JULIE.REYNOLDS@HODGESANDSON.COM","H","Monthly Estimate Reports, Prequalified"
"HOLMES AND HOLMES CONTRACTING","2201 BEECH ST, TEXARKANA AR 71854","(214) 289-3340","","SBMWT@YAHOO.COM","H","Bidder's Questionnaire, Monthly Estimate Reports"
"HONESTY CONSTRUCTION GROUP","6801 CULLEN BLVD, HOUSTON TX 77021","(832) 385-0201","","GREGW@HONESTYCG.COM","H","Bidder's Questionnaire"
"HORIZONE CONSTRUCTION I, LTD","4529 OSBORNE DR. STE A, EL PASO TX 79922","(915) 790-1133","","HORIZONE.ADA@GMAIL.COM","H","Monthly Estimate Reports, Prequalified"
"HOWELL SAND COMPANY, INC.","HOWELL SAND COMPANY, INC. - Official Registered Office, TxDOT Division, TX","(800) 558-9368","","contractor.info@txdot.gov","H","Monthly Estimate Reports"
"HUNTER DEMOLITION & WRECKING CORPORATION","7060 E. SIXTH ST., SOMSERSET TX 78069","(830) 742-9370","","DHUNTER@HUNTERDEMO.COM","H","Bidder's Questionnaire"
"HUNTER INDUSTRIES, LTD.","PO BOX 2109, SAN MARCOS TX 78667","(512) 353-7482","","CARTER@HUNTERIND.COM","H","Monthly Estimate Reports, Prequalified"
"HX FARMS, INC.","12902 FM 449, HALLSVILLE TX 75650","(903) 736-5953","","contractor.info@txdot.gov","H","Bidder's Questionnaire, Monthly Estimate Reports"
"HYUNDAI AMERICA INC.","400 KELBY STREET, FORT LEE NJ 7024","(201) 574-9509","","HYUNDAIAMERICAINC@GMAIL.COM","H","Bidder's Questionnaire"
"IBCTX, LLC","PO BOX 1927, LAKE DALLAS TX 75065","(940) 279-4200","","ESTIMATING@IBCTX.COM","I","Monthly Estimate Reports, Prequalified"
"ICON GC, LLC","14115 NORHILL POINTE DR., HOUSTON TX 77044","(713) 858-9878","","BID@ICONTX.COM","I","Prequalified"
"ICOS MANAGEMENT, LLC","3133 PERSIMMON LN, FRISCO TX 75033","(972) 814-0124","","ERIC@ICOSMGMT.COM","I","Monthly Estimate Reports, Prequalified"
"ICOSAGON LLC","2913 GRAND HAWTHORNE RD, CONROE TX 77385","(281) 871-1011","","MSANCHEZ@ICOSAGONLLC.COM","I","Bidder's Questionnaire"
"IGNITION LAND SERVICES","7012 STARLING ST, JOSHUA TX 76058","(936) 788-4322","","CONTACT@IGNITIONLANDSERVICES.COM","I","Bidder's Questionnaire"
"IKCON-GB TECH, LLC","8350 ASHLANE WAY STE 203, THE WOODLANDS TX 77382","(281) 771-8980","","CONTACTUS@IKCONGBTECH.COM","I","Bidder's Questionnaire"
"INDEPENDENCE EXCAVATING INC.","5720 E SCHAAF ROAD, INDEPENDENCE OH 44131","(216) 674-8576","","DOTQUALS@INDEXC.COM","I","Prequalified"
"INDUS ROAD & BRIDGE, INC.","2349 GLENDA LN, DALLAS TX 75229","(972) 241-1756","","INDUS@INDUSRB.COM","I","Monthly Estimate Reports, Prequalified"
"INNOVATIVE ROADWAY SOLUTIONS, LLC","493 DOCTOR M ROPER PARKWAY N, BULLARD TX 75757","(903) 894-4620","","KKING@INNOVATIVEROADWAYSOLUTIONS.COM","I","Prequalified"
"INTECH CONTRACTING LLC","3131 CUSTER DRIVE, SUITE 8, LEXINGTON KY 40517","(859) 271-5052","","INTECH@INTECHCONTRACTING.COM","I","Prequalified"
"INTERMOUNTAIN SLURRY SEAL, INC.","PO BOX 50085, WATSONVILLE CA 95077","(831) 768-4021","","ISABEL.BARRON@GCINC.COM","I","Monthly Estimate Reports, Prequalified"
"INTERNATIONAL EAGLE ENTERPRISES, INC.","1458 LOMALAND DR, EL PASO TX 79935","(915) 633-8588","","OFFICE@EAGLE.CONSTRUCTION","I","Monthly Estimate Reports, Prequalified"
"INTERNATIONAL ROAD DYNAMICS CORPORATION","INTERNATIONAL ROAD DYNAMICS CORPORATION - Official Registered Office, TxDOT Division, TX","(800) 558-9368","","contractor.info@txdot.gov","I","Monthly Estimate Reports"
"INTERSTATE BARRICADES & MARKINGS, INC.","5140 GIBBS SPRAWL ROAD, SAN ANTONIO TX 78219","(210) 661-6421","","ESTIMATING@IBMARKINGS.COM","I","Monthly Estimate Reports, Prequalified"
"INTERSTATE BUSINESS SOLUTIONS, LLC","9190 CORPORATION DRIVE, INDIANAPOLIS IN 46256","(317) 607-5717","","ROB.S@CLEANERHIGHWAYS.COM","I","Prequalified"
"INTERSTATE IMPROVEMENT, INC.","PO BOX 8, FARIBAULT MN 55021","(507) 333-3901","","TDETOMASO@INTERSTATEIMPROVEMENT.COM","I","Prequalified"
"INTERSTATE SEALANT & CONCRETE, INC.","S40 W24211 ROCKWOOD WAY, WAUKESHA WI 53189","(262) 547-6844","","CSMENT@INTERSTATESEALANT.COM","I","Prequalified"
"IOC COMPANY LLC","9312 E CURVE ROAD, EDINBURG TX 78542","(956) 380-4085","","NCUELLAR@IOCCOMPANY.COM","I","Monthly Estimate Reports, Prequalified"
"IOWA CIVIL CONTRACTING, INC.","PO BOX Q, VICTOR IA 52347","(319) 647-2376","","TERIN@IOWACIVIL.COM","I","Prequalified"
"ISI CONTRACTING, INC.","5215 FIDELITY, HOUSTON TX 77029","(281) 233-8021","","BYOUNG@INFRASTRUCTURE-INC.COM","I","Monthly Estimate Reports, Prequalified"
"IVAN FALCON TRUCKING, LLC","907 LUCIA DR, MISSION TX 78572","(956) 379-7744","","IVANFALCON001@GMAIL.COM","I","Bidder's Questionnaire"
"IVS HYDRO, INC","PO BOX 245, WAVERLY WV 26184","(304) 464-4340","","INFO@IVSGROUP.COM","I","Prequalified"
"IVY ENTERPRISE","9511 BARE BACK TRL, SAN ANTONIO TX 78250","(210) 870-9423","","IV08LVL@GMAIL.COM","I","Bidder's Questionnaire"
"J AND J CUSTOM TREE SERVICE LLC","21246 SHANNON CIRCLE, MONTGOMERY TX 77316","(936) 697-7847","","ANYTREEANYWHERE1@GMAIL.COM","J","Bidder's Questionnaire, Monthly Estimate Reports"
"J E CONSTRUCTION SERVICES, LLC","7505 UP RIVER RD, CORPUS CHRISTI TX 78409","(361) 289-2904","","GRANT@JECS.CC","J","Monthly Estimate Reports, Prequalified"
"J. CARROLL WEAVER, INC.","PO BOX 1361, SINTON TX 78387","(361) 364-4729","","BENNIE@JCARROLLWEAVERINC.COM","J","Monthly Estimate Reports, Prequalified"
"J. H. STRAIN & SONS, INC.","PO BOX 277, TYE TX 79563","(325) 698-8301","","KENT@JHSTRAIN.COM","J","Monthly Estimate Reports, Prequalified"
"J. LEE MILLIGAN, INC.","PO BOX 30188, AMARILLO TX 79120","(806) 373-5350","","DOUG@JLMINC.NET","J","Monthly Estimate Reports, Prequalified"
"J.C. COMMERCIAL, INC.","1801 LAKEPOINTE DR STE 129, LEWISVILLE TX 75057","(972) 436-4822","","ESTIMATING@JCCOM.COM","J","Bidder's Questionnaire"
"J.D. ABRAMS, L.P.","J.D. ABRAMS, L.P. - Official Registered Office, TxDOT Division, TX","(800) 558-9368","","contractor.info@txdot.gov","J","Monthly Estimate Reports"
"J.F. SHEA CONSTRUCTION, INC.","667 BREA CANYON RD, WALNUT CA 91789","(909) 869-0827","","MIKE.STOLKIN@JFSHEA.COM","J","Prequalified"
"J3 COMPANY, LLC","PO BOX 129, COMFORT TX 78013","(830) 995-5199","","TIM.BRADEN@J3CO.COM","J","Monthly Estimate Reports, Prequalified"
"JACKSON EXCAVATION, LLC","1461 COUNTY ROAD 121, KAUFMAN TX 75142","(469) 474-1541","","DIAMONDJLANDSCAPE@YAHOO.COM","J","Monthly Estimate Reports, Prequalified"
"JAGOE-PUBLIC COMPANY","PO BOX 250, DENTON TX 76202-0250","(940) 382-9732","","ESTIMATING@JAGOEPUBLIC.COM","J","Monthly Estimate Reports, Prequalified"
"JAMES B. TONGATE","4680 COUNTY RD. 371, EARLY TX 76802","(325) 217-3073","","JTONGATE@CENTEX.NET","J","Bidder's Questionnaire"
"JAMES CONSTRUCTION GROUP, LLC","480 WILDWOOD FOREST DR STE 650, SPRING TX 77380","(281) 350-3500","","EST.TXH@PRIM.COM","J","Monthly Estimate Reports, Prequalified"
"JAMES HAMILTON CONSTRUCTION CO.","P.O. BOX 1287, SILVER CITY NM 88062","(575) 388-3256","","JHCC@DIGNPAVE.COM","J","Monthly Estimate Reports, Prequalified"
"JANI-KING OF AUSTIN","2523 S. LAKELINE BLVD., CEDAR PARK TX 78613","(512) 335-1918","","SALES@JKAUSTIN.US","J","Bidder's Questionnaire"
"JASCO","PO BOX 177, CRAWFORD TX 76638","(254) 652-2144","","JCS.JASCO@GMAIL.COM","J","Monthly Estimate Reports, Prequalified"
"JAY DEE CONTRACTORS, INC.","38777 SCHOOLCRAFT ROAD, LIVONIA MI 48150","(734) 591-3400","","JTDIPONIO@JAYDEE.US","J","Prequalified"
"JAY MILLS CONTRACTING, INCORPORATED","PO BOX 1669, STEPHENVILLE TX 76401","(254) 965-4977","","FAX@JMCTX.COM","J","Monthly Estimate Reports, Prequalified"
"JAY-REESE CONTRACTORS, INC.","32780 RANCH ROAD 12, DRIPPING SPRINGS TX 78620","(512) 829-5366","","RALBEE@JAYREESE.NET","J","Prequalified"
"JB JAMES CONSTRUCTION LLC","PO BOX 14271, BATON ROUGE LA 70898","(225) 937-3232","","ESTIMATING@JBJAMESLLC.COM","J","Prequalified"
"JCCC, LLC","PO BOX 189, CLINTON OK 73601","(580) 323-1579","","JLC@CORNELLCONSTRUCTION.COM","J","Prequalified"
"JCM USA INC","3107 ELROD RD, KATY TX 77449","(281) 770-9459","","PROJECTS@JCMUSAINC.COM","J","Bidder's Questionnaire"
"JCW CONSTRUCTION, LLC","P.O. BOX 1825, BOERNE TX 78006","(830) 229-5551","","CONSTRUCTION.JCW@GMAIL.COM","J","Monthly Estimate Reports, Prequalified"
"JDM CONSTRUCTIONS","125 N CAROLINA ST, HOUSTON TX 77029","(281) 492-4196","","JDMCONSTRUCTIONS258@GMAIL.COM","J","Bidder's Questionnaire"
"JENSEN DRILLING COMPANY","1775 HENDERSON AVE., EUGENE OR 97403","(541) 726-6140","","TABITHA@JENSENDRILLING.COM","J","Prequalified"
"JERDON ENTERPRISE, L.P.","13403 REDFISH LANE, STAFFORD TX 77477","(281) 261-5500","","contractor.info@txdot.gov","J","Prequalified"
"JFO SERVICES, LLC","JFO SERVICES, LLC - Official Registered Office, TxDOT Division, TX","(800) 558-9368","","contractor.info@txdot.gov","J","Monthly Estimate Reports"
"JFT CONSTRUCTION, INC.","PO BOX 820829, HOUSTON TX 77282","(281) 920-0150","","JFTCI@SBCGLOBAL.NET","J","Prequalified"
"JG&D CONSTRUCTION SERVICES LLC","6045 US HWY 59 N, LUFKIN TX 75901","(936) 707-2952","","JGDCONSTSVCS@GMAIL.COM","J","Bidder's Questionnaire"
"JJP PRO SERVICES LLC","2201 SPINKS RD STE 123, FLOWER MOUND TX 75022","(469) 867-8262","","BARRICADEPROSOLUTIONS@GMAIL.COM","J","Bidder's Questionnaire"
"JLB Contracting LLC","JLB Contracting LLC - Official Registered Office, TxDOT Division, TX","(800) 558-9368","","contractor.info@txdot.gov","J","Monthly Estimate Reports"
"J-MEN CONCRETE CONSTRUCTION","11630 VALLE FRONDOSO, EL PASO TX 79927","(915) 240-1095","","JMEN.CON27@GMAIL.COM","J","Bidder's Questionnaire, Monthly Estimate Reports"
"JOBE MATERIALS, L.P.","JOBE MATERIALS, L.P. - Official Registered Office, TxDOT Division, TX","(800) 558-9368","","contractor.info@txdot.gov","J","Monthly Estimate Reports"
"JOE BLAND CONSTRUCTION LLC","JOE BLAND CONSTRUCTION LLC - Official Registered Office, TxDOT Division, TX","(800) 558-9368","","contractor.info@txdot.gov","J","Monthly Estimate Reports"
"JOE BLAND CONSTRUCTION, L.P.","905 W PARMER, AUSTIN TX 78717","(512) 821-2808","","contractor.info@txdot.gov","J","Monthly Estimate Reports, Prequalified"
"JOHN & DENISE WILLIAMS CONSTRUCTION COMPANY LLC","903 10TH STREET NE, PARIS TX 75460","(430) 252-6318","","DENISEWILLIAMS3545@SBCGLOBAL.NET","J","Bidder's Questionnaire"
"JOHN REED AND COMPANY, LLC","9525 KATY FREEWAY, SUITE 301, HOUSTON TX 77024","(713) 785-8918","","JOHN@JRCLTD.NET","J","Monthly Estimate Reports, Prequalified"
"JOHNSON BROS. CORPORATION, A SOUTHLAND COMPANY","1100 KUBOTA DR., GRAPEVINE TX 76051","(817) 293-5065","","LICENSE.REG@JOHNSON-BROS.COM","J","Monthly Estimate Reports, Prequalified"
"JON TUCKER CONSTRUCTION, LTD.","7425 MIZE RD., BRYAN TX 77808","(979) 589-1009","","BIDS@JONTUCKERCONSTRUCTION.COM","J","Prequalified"
"JONCHEMIA ENTERPRISE","600 W 6TH STREET FOURTH FLOOR, FORT WORTH TX 76102","(214) 677-8818","","JOHN@JONCHEMIA.COM","J","Bidder's Questionnaire"
"JONES & SONS TRUCKING, LLC","PO BOX 5692, AMARILLO TX 79117","(806) 433-0278","","JONESTRUCKING1@SUDDENLINK.NET","J","Bidder's Questionnaire"
"JONES BROS. DIRT & PAVING CONTRACTORS, INC.","1401 S. GRANDVIEW AVE., ODESSA TX 79761","(432) 332-0724","","T.BRYANT@JONESDP.COM","J","Monthly Estimate Reports, Prequalified"
"JORDAN FOSTER CONSTRUCTION, LLC","7700 CF JORDAN DR, EL PASO TX 79912","(915) 877-3999","","JGOODRICH@JORDANFOSTERCONSTRUCTION.COM","J","Monthly Estimate Reports, Prequalified"
"JOSE ERNESTO SALAZAR, LLC","7600 W US HWY 90, DEL RIO TX 78840","(830) 422-2218","","AGUILAR@JESCOTX.COM","J","Bidder's Questionnaire"
"JOSEPH DEVELOPMENT AND CONTRACTING","PO BOX 1833, CEDARHILL TX 75106","(214) 991-2689","","JOSEPHDEVCONT@GMAIL.COM","J","Bidder's Questionnaire"
"JOSLIN CONSTRUCTION TEXAS, LLC","2218 NORTHPARK DRIVE SUITE 200, KINGWOOD TX 77339","(281) 354-5840","","contractor.info@txdot.gov","J","Bidder's Questionnaire"
"JR COMPASS, LLC","1401 MONTANA AVE STE B-3, EL PASO TX 79902","(210) 782-0622","","JESSE@JRCOMPASS.COM","J","Bidder's Questionnaire"
"K & R CONTRACTORS","419 MILNER RD, LIVINGSTON TX 77351","(936) 327-5463","","KRINGO56@YAHOO.COM","K","Bidder's Questionnaire, Monthly Estimate Reports"
"K&K PAINTING COMPANY, INC.","3526 MCCARTNEY RD, YOUNGSTOWN OH 44505","(330) 743-3434","","KBENEDICT@NORTHSTARPAINTINGCO.COM","K","Prequalified"
"K.B.S. TRAFFIC CONTROL & FLAGGIN COMPANY & ASSOC.,PRESSURE WASHING, STRIPING AND WELDING","22720 IMPERIAL VALLEY APT.1111, HOUSTON TX 77073","(281) 736-4135","","KEITHSANTEE5@GMAIL.COM","K","Bidder's Questionnaire"
"K.WEST GROUP, LLC","8305 FREMONT PIKE, PERRYSBURG OH 43551","(419) 874-4306","","CHRISTINACOLLINS@KWESTGROUP.COM","K","Prequalified"
"KASPARIAN UNDERGROUND, LLC","27443 W HWY 84, MCGREGOR TX 76657","(254) 848-5693","","PAM@KULLC.NET","K","Prequalified"
"KBO SOLUTIONS, LLC","2918 WEST GRAND PARKWAY N #150, KATY TX 77449","(346) 379-5288","","INFO@KBOSOLUTIONS.COM","K","Bidder's Questionnaire"
"KDS CONSTRUCTION COMPANY LLC","814 AVENUE U, SHALLOWATER TX 79363","(909) 816-8435","","INFO@KDSCONSTRUCTIONCOMPANY.COM","K","Bidder's Questionnaire"
"KEELEY CONSTRUCTION GROUP, INC.","1993 WALD RD., NEW BRAUNFELS TX 78132","(210) 441-9771","","TSTIVORS@KEELEYCONSTRUCTION.COM","K","Prequalified"
"KELLER NORTH AMERICA, INC.","7550 TEAGUE RD., SUITE 300, HANOVER MD 21076","(410) 799-3786","","LICENSING@KELLER-NA.COM","K","Prequalified"
"KENCO BUCKET TRUCKS, LLC","5901 BAYWAY DRIVE, BAYTOWN TX 77520","(832) 695-3140","","TRISHG@HIGHLOADS.COM","K","Bidder's Questionnaire"
"KENKO CONTRACTORS PRO LLC","21750 HARDY OAK BLVD, SAN ANTONIO TX 78258","(832) 977-4642","","LERAZO@KENKOCONTRACTORSPRO.COM","K","Bidder's Questionnaire"
"KENNETH THOMASON","501 FM 2565, SPUR TX 79370","(806) 269-4200","","ASTHOMAS@CAPROCK-SPUR.COM","K","Bidder's Questionnaire, Monthly Estimate Reports"
"KEYSTONE FOUNDATION REPAIR INC.","3554 FM 949 RD, SEALY TX 77474","(281) 568-7000","","TWVORNKAHL1@GMAIL.COM","K","Bidder's Questionnaire"
"KIEWIT INFRASTRUCTURE SOUTH CO.","2050 ROANOKE RD., SUITE 100, WESTLAKE TX 76262","(817) 337-7001","","JEFF.WHITEHEAD@KIEWIT.COM","K","Monthly Estimate Reports, Prequalified"
"KIRK VANALLEN BRANDYBERG","3626 DEPOT ST., BROOKSHIRE TX 77423","(281) 678-2066","","BRANDYBERGKIRK@GMAIL.COM","K","Bidder's Questionnaire"
"KIVA, INC.","1501 HILLSIDE TERRACE, BUDA TX 78610","(512) 295-8901","","GARY.GRIFFIN@KIVAINC.COM","K","Bidder's Questionnaire"
"KJRM GENERAL CONTRACTORS, LLC","235 COUNTY ROAD 3105, CLARKSVILLE TX 75426","(903) 427-3579","","STACY141994@HOTMAIL.COM","K","Bidder's Questionnaire, Monthly Estimate Reports"
"KJS TRUCKING LIMITED LIABILITY COMPANY","204 GREEN DR, MARSHALL TX 75670","(903) 930-3530","","ADMIN@KJSTRUCKINGUS.COM","K","Bidder's Questionnaire"
"KLEEN SWEEP SERVICES LLC","151 STATE HWY 110, GRAND SALINE TX 75140","(903) 368-4293","","KLEENSWEEPLLC9@GMAIL.COM","K","Bidder's Questionnaire"
"KLICOS PAINTING COMPANY, INC.","1501 S PINELLAS AVE #N, TARPON SPRINGS FL 34689","(727) 940-4797","","OFFICE@KLICOSPAINT.COM","K","Prequalified"
"KLUTZ CONSTRUCTION, L.L.C.","P.O. BOX 185, KENNEDALE TX 76060","(817) 483-2048","","CHARLIE@KLUTZCONSTRUCTION.COM","K","Bidder's Questionnaire"
"KMX PAINTING, INC.","4328 MCCARTNEY RD, LOWELLVILLE OH 44436","(330) 536-2228","","KMXPAINTING@AOL.COM","K","Prequalified"
"KNIFE RIVER CORPORATION - SOUTH","PO BOX 674, BRYAN TX 77806","(979) 361-2920","","BILL.FARIS@KNIFERIVER.COM","K","Monthly Estimate Reports, Prequalified"
"KOSS CONSTRUCTION COMPANY","PO BOX 751263, TOPEKA KS 66675","(785) 228-2927","","JLK@KOSSCONSTRUCTION.COM","K","Prequalified"
"KREWE LOGISTICS LLC","3515 SYCAMORE SCHOOL RD # 125, FORT WORTH TX 76133","(682) 231-1416","","TAMARA@KREWELOGISTICS.COM","K","Bidder's Questionnaire"
"L & M MOWING CONTRACTORS, LLC","2223 ANDERSON CO RD 161, ELKHART TX 75839","(903) 723-1122","","LMCONTRACTORS1123@YAHOO.COM","L","Bidder's Questionnaire, Monthly Estimate Reports"
"L & N BRIDGE, LLC","PO BOX 1088, ANTLERS OK 74523","(580) 298-3207","","RLOW@LNBRIDGE.COM","L","Monthly Estimate Reports, Prequalified"
"L A FULLER & SONS CONSTRUCTION, LTD.","PO BOX 31477, AMARILLO TX 79120","(806) 372-3920","","JOSH.FULLER@FULLERANDSONS.COM","L","Monthly Estimate Reports, Prequalified"
"L V CRANE AND RIGGING, LLC","972 TX HWY 123 N, STOCKDALE TX 78160","(361) 947-0783","","TREVOR@LVCRANE.COM","L","Bidder's Questionnaire"
"L&L COMPANY","16794 N DOGWOOD AVE, GARDENDALE TX 79758","(432) 366-1850","","ALOZANO-LLCO@HOTMAIL.COM","L","Monthly Estimate Reports, Prequalified"
"L&L LAND MANAGEMENT","13 CREEK SITE COURT, HUNTSVILLE TX 77320","(936) 661-3195","","LLLANDMANAGEMENT@GMAIL.COM","L","Bidder's Questionnaire"
"L. H. LACY COMPANY, LTD.","PO BOX 541297, DALLAS TX 75354","(214) 350-0662","","DCONEY@LHLACY.COM","L","Prequalified"
"L. S. EQUIPMENT CO., INC.","PO BOX 790, HENDERSON TX 75653","(903) 657-1556","","LSEQUIP@SUDDENLINKMAIL.COM","L","Monthly Estimate Reports, Prequalified"
"LA FERIA EXCAVATION, INC.","29130 ADAMS DRIVE, LA FERIA TX 78559","(956) 797-9869","","PEMELTONPAVING@YAHOO.COM","L","Prequalified"
"LAKEY, INC.","207 E FRANK ST STE 101, LUFKIN TX 75901","(936) 255-2017","","SARAI.ENER@LAKEYINC.COM","L","Monthly Estimate Reports, Prequalified"
"LAMAR COMPANIES LLC","LAMAR COMPANIES LLC - Official Registered Office, TxDOT Division, TX","(800) 558-9368","","contractor.info@txdot.gov","L","Monthly Estimate Reports"
"LANGFORD CONTRACTORS","338 CR 421, CARTHAGE TX 75633","(903) 235-5836","","TY8210@GMAIL.COM","L","Bidder's Questionnaire"
"LARRY YOUNG PAVING, INC.","PO BOX 11779, COLLEGE STATION TX 77842","(979) 823-4884","","M.SCHINZLER@LARRYYOUNGPAVING.COM","L","Monthly Estimate Reports, Prequalified"
"LARRY'S LAWN MOWING SERVICE LLC","800 CR 4737, CUMBY TX 75433","(316) 221-0827","","LARRYSMITH@LARRYSLAWNMOWINGSERVICE.COM","L","Bidder's Questionnaire"
"LC GROUP WACO LLC","801 WASHINGTON AVE. SUITE 402, WACO TX 76701","(254) 252-0616","","LCGROUPWACO@GMAIL.COM","L","Bidder's Questionnaire"
"LCR TOTAL TRANSPORT LLC","30691 BARTELS RD, BULVERDE TX 78163","(210) 421-6040","","INFO@LCRTOTALTRANSPORT.COM","L","Monthly Estimate Reports, Prequalified"
"LEGEND PAINTING INC","403 TENNEY AVE, CAMPBELL OH 44405","(330) 953-1035","","PREQUALIFICATIONS@LEGENDPAINTING.NET","L","Prequalified"
"LELAND & BRADLEE CONSTRUCTION, INC.","PO BOX 1080, HALLSVILLE TX 75650","(903) 236-4872","","LELANDBRADLEECONSTRUCTION@GMAIL.COM","L","Bidder's Questionnaire"
"LEM CONSTRUCTION COMPANY, INC.","10849 KINGHURST, STE. 150, HOUSTON TX 77099","(281) 495-9995","","contractor.info@txdot.gov","L","Prequalified"
"LESNA CONSTRUCTION, INC.","LESNA CONSTRUCTION, INC. - Official Registered Office, TxDOT Division, TX","(800) 558-9368","","contractor.info@txdot.gov","L","Monthly Estimate Reports"
"LG SOLAR, LLC","7241 S CENTRAL EXPY, DALLAS TX 75216","(361) 550-5697","","LUIS@LGSOLAR.ORG","L","Bidder's Questionnaire, Monthly Estimate Reports"
"LIBERTY MUTUAL INSURANCE COMPANY","LIBERTY MUTUAL INSURANCE COMPANY - Official Registered Office, TxDOT Division, TX","(800) 558-9368","","contractor.info@txdot.gov","L","Monthly Estimate Reports"
"LIGHT & FOLIAGE SUPPLY, LLC","4220 EMORY RD, EL PASO TX 79922","(915) 478-9857","","SERVICEMANAGEMENT@LIGHTANDFOLIAGE.COM","L","Bidder's Questionnaire, Monthly Estimate Reports"
"LIGHT IT UP ELECTRIC","13549 US HWY 87 SOUTH, ADKINS TX 78101","(210) 897-3168","","JENNIFER@LIGHTITUP2.COM","L","Monthly Estimate Reports, Prequalified"
"LINDSAY CORPORATION","LINDSAY CORPORATION - Official Registered Office, TxDOT Division, TX","(800) 558-9368","","contractor.info@txdot.gov","L","Monthly Estimate Reports"
"LINDSEY CONSTRUCTION, INC.","LINDSEY CONSTRUCTION, INC. - Official Registered Office, TxDOT Division, TX","(800) 558-9368","","contractor.info@txdot.gov","L","Monthly Estimate Reports"
"LINDSEY ELECTRIC, L.P.","1608 MARGARET ST, HOUSTON TX 77093","(713) 691-5385","","CCALDWELL@NHPLC.COM","L","Monthly Estimate Reports, Prequalified"
"LINEAR TRAFFIC MARKINGS LLC","1937 GOLDEN HEIGHTS RD #208, FORT WORTH TX 76177","(817) 945-2470","","ESTIMATING@LINEARTRAFFICMARKINGS.COM","L","Bidder's Questionnaire"
"LINWOOD PROFESSIONALS SOLUTIONS LLC","1308 CEDAR DRIVE, LA MARQUE TX 77569","(832) 506-0501","","JOSHUA@LINWOODSOLUTIONS.COM","L","Bidder's Questionnaire"
"LIPHAM ASPHALT AND PAVING COMPANY, LLC","PO BOX 518, ASPERMONT TX 79502","(940) 989-2185","","CHRIS@LIPHAMASPHALT.COM","L","Monthly Estimate Reports, Prequalified"
"LISKA CONSTRUCTION COMPANY, INC.","LISKA CONSTRUCTION COMPANY, INC. - Official Registered Office, TxDOT Division, TX","(800) 558-9368","","contractor.info@txdot.gov","L","Monthly Estimate Reports"
"LONE STAR CONSTRUCTORS, NEX","LONE STAR CONSTRUCTORS, NEX - Official Registered Office, TxDOT Division, TX","(800) 558-9368","","contractor.info@txdot.gov","L","Monthly Estimate Reports"
"LONE STAR CONSTRUCTORS, UNINCORPORATED TX JV","LONE STAR CONSTRUCTORS, UNINCORPORATED TX JV - Official Registered Office, TxDOT Division, TX","(800) 558-9368","","contractor.info@txdot.gov","L","Monthly Estimate Reports"
"LONE STAR DIRT & PAVING, LTD.","11820 UNIVERSITY AVE, LUBBOCK TX 79423","(806) 745-4074","","LONESTARMEGAN@NTS-ONLINE.NET","L","Monthly Estimate Reports, Prequalified"
"LONE STAR PAVING COMPANY","PO BOX 200608, AUSTIN TX 78720","(512) 428-5778","","DEAN@LSPAVING.COM","L","Monthly Estimate Reports, Prequalified"
"LONE STAR SITEWORK, LLC","PO BOX 1867, WIMBERLEY TX 78676","(512) 262-6060","","MEGAN@LONESTARSITEWORK.COM","L","Prequalified"
"LONE WOLF CONSTRUCTION, LLC","PO BOX 2067, COLLEYVILLE TX 76034","(817) 285-0561","","L.TJORDAN@YAHOO.COM","L","Prequalified"
"LONGHORN SERVICES NORTH TEXAS, LLC.","1428 HAZEL LEIGH LANE, FORT WORTH TX 76134","(682) 774-3900","","BRAD@LONGHORNNTX.COM","L","Bidder's Questionnaire"
"LONGHORN SIGN COMPANY, LLC","218 TRADEMARK STREET, BUDA TX 78610","(512) 312-9162","","CJAIMES@LONESTARLOGOS.COM","L","Bidder's Questionnaire"
"LONGVIEW ASPHALT, INC.","LONGVIEW ASPHALT, INC. - Official Registered Office, TxDOT Division, TX","(800) 558-9368","","contractor.info@txdot.gov","L","Monthly Estimate Reports"
"LONGVIEW BRIDGE AND ROAD, LTD.","PO BOX 9036, LONGVIEW TX 75608","(903) 663-4967","","ESTIMATING@LONGVIEWBRIDGE.COM","L","Monthly Estimate Reports, Prequalified"
"LOOKS GREAT SERVICES OF MS, INC.","1501 HIGHWAY 13 NORTH, COLUMBIA MS 39429","(601) 736-1924","","BIDS@LOOKSGREATSERVICES.COM","L","Monthly Estimate Reports, Prequalified"
"LUCANIA CONSTRUCTION LLC","LUCANIA CONSTRUCTION LLC - Official Registered Office, TxDOT Division, TX","(800) 558-9368","","contractor.info@txdot.gov","L","Monthly Estimate Reports"
"LUCANIA CONTRACTORS LLC","2806 SANTA OLIVIA ST, MISSION TX 78572","(956) 600-4475","","PAOLO@LUCANIACONTRACTORS.COM","L","Monthly Estimate Reports, Prequalified"
"LUDCO, INC.","3210 SW STALLINGS DRIVE, NACOGDOCHES TX 75964","(936) 569-0816","","LUD@LUDCO.COM","L","Prequalified"
"LUKEDA SANDBLASTING & SERVICES LLC","P.O. BOX 1147, PRESIDIO TX 79845","(432) 295-2583","","YURISEL.CARRASCO@YAHOO.COM","L","Bidder's Questionnaire, Monthly Estimate Reports"
"LUMIN8 TRANSPORTATION TECHNOLOGIES","5920 LAMAR STREET, ARVADA CO 80003","(303) 422-3026","","PREQUAL@LUMIN8.COM","L","Prequalified"
"Lumin8 Transportation Technologies, LLC","Lumin8 Transportation Technologies, LLC - Official Registered Office, TxDOT Division, TX","(800) 558-9368","","contractor.info@txdot.gov","L","Monthly Estimate Reports"
"M & C FONSECA CONSTRUCTION CO., INC.","1901 PRAIRIE CREEK RD, GRANITE SHOALS TX 78654","(830) 596-1741","","BLANCA@MCFONSECA.COM","M","Bidder's Questionnaire"
"M&D CONSTRUCTION SERVICES","M&D CONSTRUCTION SERVICES - Official Registered Office, TxDOT Division, TX","(800) 558-9368","","contractor.info@txdot.gov","M","Monthly Estimate Reports"
"M&J OF PINELLAS COUNTY, INC.","809 S. SAFFORD AVE., TARPON SPRINGS FL 34689","(727) 938-6478","","RECEPTIONIST@MJCONSTRUCTION.NET","M","Prequalified"
"MAC, INC.","PO BOX 152710, AUSTIN TX 78715","(512) 326-3120","","BRAD@MACINCTEXAS.COM","M","Prequalified"
"MACBOW TRANSPORT LLC","3401 MARTHA ST., TYLER TX 75702","(903) 944-6061","","MAURICEMACBOW@GMAIL.COM","M","Bidder's Questionnaire"
"MACIAS SPECIALTY CONTRACTING LLC","2418 CALES DR, ARLINGTON TX 76013","(682) 248-3278","","ESTIMATING@MACIASSPECIALTY.COM","M","Monthly Estimate Reports, Prequalified"
"MADDEN CONTRACTING COMPANY, LLC.","PO BOX 856, MINDEN LA 71058","(318) 377-9065","","PGULLEY@MADDENCONTRACTING.COM","M","Monthly Estimate Reports, Prequalified"
"MAHLER ENTERPRISES, L.L.C.","5766 BELL RD, IOWA PARK TX 76367","(940) 631-3550","","MAHLERASCS@GMAIL.COM","M","Bidder's Questionnaire"
"MAHUYA INDUSTRIES, LLC","8804 CHAPS AVE., FORT WORTH TX 76244","(817) 917-4450","","AMANDA@MAHUYAINDUSTRIES.COM","M","Bidder's Questionnaire"
"MAKO CONTRACTING, LLC","1526 HOLLY ROAD, CORPUS CHRISTI TX 78417","(361) 298-1990","","GG@MAKOCONTRACTING.COM","M","Monthly Estimate Reports, Prequalified"
"MALDONADO-BURKETT, LLP","2312 WESTERN TRAILS BLVD, AUSTIN TX 78745","(512) 992-1017","","RAMON@MALDONADO-BURKETT.COM","M","Monthly Estimate Reports, Prequalified"
"MANHATTAN ROAD & BRIDGE COMPANY","5601 S 122ND EAST AVE, TULSA OK 74146","(918) 437-9563","","ESTIMATING@MANHATTANRB.COM","M","Prequalified"
"MANN ROBINSON & SON, INC.","7066 RHOADS RD, AUBREY TX 76227","(940) 390-2331","","MRSINC1980@GMAIL.COM","M","Bidder's Questionnaire"
"MANSON CONSTRUCTION CO.","PO BOX 24067, SEATTLE WA 98124","(206) 764-8595","","PROPOSALS@MANSONCONSTRUCTION.COM","M","Prequalified"
"MARCOM'S MOWING SERVICE, LLC","PO BOX 435, AUBREY TX 76227","(866) 877-1365","","CMARCOM@MARCOMSMOWINGSERVICE.COM","M","Monthly Estimate Reports, Prequalified"
"MARIO SINACOLA & SONS EXCAVATING, INC.","10950 RESEARCH RD, FRISCO TX 75033","(214) 387-3940","","JLAPOLLA@MARIOSINACOLA.COM","M","Monthly Estimate Reports, Prequalified"
"MARLANE CONSTRUCTION, LLC","357 PATTON ROAD, VALLEY MILLS TX 76689","(254) 644-4744","","MARLANECONSTRUCTIONLLC@YAHOO.COM","M","Monthly Estimate Reports, Prequalified"
"MARQUEZ TRUCKING","PO BOX 4037, SUNLAND PARK NM 88063","(575) 589-1571","","MARQUEZTRUCKING@YAHOO.COM","M","Bidder's Questionnaire"
"MARTIN EARTHWORK, LLC","2510 STEPHEN F AUSTIN DR., BROWNWOOD TX 76801","(325) 641-1990","","KURT@MARTINEARTHWORKS.COM","M","Bidder's Questionnaire"
"MARTIN MARIETTA MATERIALS, INC.","MARTIN MARIETTA MATERIALS, INC. - Official Registered Office, TxDOT Division, TX","(800) 558-9368","","contractor.info@txdot.gov","M","Monthly Estimate Reports"
"MARTIN RESOURCE MANAGEMENT CORPORATION","MARTIN RESOURCE MANAGEMENT CORPORATION - Official Registered Office, TxDOT Division, TX","(800) 558-9368","","contractor.info@txdot.gov","M","Monthly Estimate Reports"
"MARTINEZ BROS. CONTRACTORS, LLC","5875 CROMO SUITE 200, EL PASO TX 79912","(915) 584-3902","","EDDIE@MARTINEZBROS.COM","M","Monthly Estimate Reports, Prequalified"
"MAR-ZAP CONSTRUCTION, LLC","798 DIANE ST., TYLER TX 75708","(903) 520-0508","","MARZAPCONSTRUCTION@YAHOO.COM","M","Bidder's Questionnaire"
"MASS. ELECTRIC CONSTRUCTION CO.","1785 TX-26, SUITE 300, GRAPEVINE TX 76051","(972) 505-4701","","BETHANY.TOWELL@KIEWIT.COM","M","Prequalified"
"MASSANA CONSTRUCTION INC.","550 COWETA INDUSTRIAL PKWY, NEWNAN GA 30265","(770) 632-2082","","STARRR@MASSANACONSTRUCTION.COM","M","Monthly Estimate Reports, Prequalified"
"MASSMAN CONSTRUCTION CO.","4400 W. 109TH ST., STE 300, OVERLAND PARK KS 66211","(913) 291-2601","","KWARD@MASSMAN.NET","M","Prequalified"
"MATERIALS TECH LLC","2002 ROTARY DR, HUMBLE TX 77338","(281) 707-8842","","AMATHEUS@MAT-TECHLLC.COM","M","Prequalified"
"MAXPRO ENTERPRISE LLC","706 N. HWY 67, CEDAR HILL TX 75104","(972) 293-1010","","MAXPROENTERPRISE@YAHOO.COM","M","Bidder's Questionnaire, Monthly Estimate Reports"
"MB WESTERN INDUSTRIAL CONTRACTING CO.","711 OLD GENOA RED BLUFF RD, HOUSTON TX 77034","(281) 487-5757","","INFO@MBWESTERN.COM","M","Monthly Estimate Reports, Prequalified"
"MBN ENTERPRISES LLC","6610 MALIBU DR, HOUSTON TX 77092","(281) 888-5100","","ANAREJO@MBNLIMITED.COM","M","Monthly Estimate Reports, Prequalified"
"MC2 CIVIL, LLC","14115 LUTHE ROAD SUITE 100, HOUSTON TX 77039","(713) 896-3141","","ESTIMATING@MC2CIVIL.COM","M","Monthly Estimate Reports, Prequalified"
"MCALLEN SIGNAL & BORING, LLC","310 E MAIN PMB 149, ALTON TX 78573","(956) 827-7140","","JMARS@MCALLENSIGNALANDBORING.COM","M","Bidder's Questionnaire"
"MCCARTHY BUILDING COMPANIES, INC.","3400 N CENTRAL EXPRESSWAY, RICHARDSON TX 75080","(972) 991-9249","","CIVILBIDTEX@MCCARTHY.COM","M","Prequalified"
"MCCLENDON CONSTRUCTION CO., INC.","P.O. BOX 996, BURLESON TX 76097","(817) 295-6796","","DAN@MCCLENDONCONSTRUCTION.COM","M","Bidder's Questionnaire"
"MCMAHON CONTRACTING AND CONSTRUCTION, LLC","3019 ROY ORR BOULEVARD, GRAND PRAIRIE TX 75050","(972) 264-0008","","SHELLEY@MCMAHONCONTRACTING.COM","M","Monthly Estimate Reports, Prequalified"
"MDCS, LLC","MDCS, LLC - Official Registered Office, TxDOT Division, TX","(800) 558-9368","","contractor.info@txdot.gov","M","Monthly Estimate Reports"
"MERCER TREE SERVICE","594 CR 4759, SULPHUR SPRINGS TX 75482","(903) 348-6339","","TYLERFRANCIS2008@HOTMAIL.COM","M","Bidder's Questionnaire, Monthly Estimate Reports"
"MERGE STRONG LLC","1401 LAVACA ST # 1163, AUSTIN TX 78701","(857) 400-4255","","JMARCELIN@MERGESTRONG.COM","M","Bidder's Questionnaire"
"MERITORIOUS CONTRACTORS LLC","7209 CREPE MYRTLE AVE, MCKINNEY TX 75071","(972) 762-2558","","MERITORIOUSCONTRACTORS@GMAIL.COM","M","Bidder's Questionnaire"
"MHB CONSTRUCTION, INC.","2912 W. PAFFORD ST., FORT WORTH TX 76110","(817) 924-3584","","MARK@MHBCONSTRUCTION.COM","M","Bidder's Questionnaire"
"MICA CORPORATION","PO BOX 161609, FORT WORTH TX 76161","(817) 847-6885","","JAMES.BAKER@MICACORPORATION.COM","M","Monthly Estimate Reports, Prequalified"
"MICAH O'QUINN","3280 DEAD MAN RD, HUNTINGTON TX 75949","(817) 909-9447","","MICAHOQUINN@ICLOUD.COM","M","Bidder's Questionnaire"
"MICHAEL SANCHEZ","PO BOX 160, HONDO TX 78861","(866) 419-2907","","MIKESANCH987@YAHOO.COM","M","Bidder's Questionnaire"
"MIJELUM, L.L.C.","MIJELUM, L.L.C. - Official Registered Office, TxDOT Division, TX","(800) 558-9368","","contractor.info@txdot.gov","M","Monthly Estimate Reports"
"MILAJ NOTARY SIGNINGS","308 S NAVASOTA, HEARNE TX 77859","(979) 599-6879","","MILAJNOTARYSIGNING@GMAIL.COM","M","Bidder's Questionnaire"
"MILLIS DEVELOPMENT AND CONSTRUCTION, LLC","931 PHEASANT VALLEY DR. #200, MISSOURI CITY TX 77489","(281) 240-7730","","JULIE@MILLIS.COM","M","Prequalified"
"MISSISSIPPI KEY, LLC","P.O. BOX 590, MADISON MS 39130","(601) 898-9896","","DPORTER@KEYLLC.COM","M","Prequalified"
"Missouri Petroleum Products Company","Missouri Petroleum Products Company - Official Registered Office, TxDOT Division, TX","(800) 558-9368","","contractor.info@txdot.gov","M","Monthly Estimate Reports"
"MISSOURI PETROLEUM PRODUCTS COMPANY LLC","1620 WOODSON ROAD, ST. LOUIS MO 63114","(314) 524-7223","","KKING@MISSOURIPETROLEUM.COM","M","Monthly Estimate Reports, Prequalified"
"MITAS ELECTRONICS, LLC","1750 RED BUD LANE, ROUND ROCK TX 78664","(512) 251-0389","","TERRELL@MITASGCS.COM","M","Bidder's Questionnaire"
"MONOKO, LLC","760 BAYSHORE DR, TARPON SPRINGS FL 34689","(727) 944-4415","","MONOKOLLC@AOL.COM","M","Prequalified"
"MONSTERA GC LLC","1110 CHATSWORTH DRIVE, ANNA TX 75409","(817) 807-2093","","MONSTERAGCLLC@GMAIL.COM","M","Bidder's Questionnaire"
"MORGAN SITE PREP. CORP.","PO BOX 3555, SPARTANBURG SC 29304","(864) 433-8808","","ARDEPT@MORGAN-CORP.COM","M","Prequalified"
"MORTMARA CONSTRUCTION, INC.","1471 W SHORELINE DR STE 100, BOISE ID 83702","(208) 342-4214","","ESTIMATING@MCMILLEN.COM","M","Monthly Estimate Reports, Prequalified"
"MORTON ENTERPRISE","1384 CR 1195, YANTIS TX 75497","(903) 348-1161","","MORTONENT.MARK@YAHOO.COM","M","Bidder's Questionnaire, Monthly Estimate Reports"
"MOR-WIL, L.L.C.","808 S. SHARY RD, STE 5, MISSION TX 78572","(956) 456-0628","","ALBERT.GARZA@MOR-WIL.COM","M","Monthly Estimate Reports, Prequalified"
"MOSBY LAND MANAGEMENT, LLC","4491 HIGHWAY 77, CHILTON TX 76632","(254) 749-1648","","MOSBYSLANDMANAGEMENT@GMAIL.COM","M","Bidder's Questionnaire"
"MOUNTAIN STATES CONSTRUCTORS, INC.","3601 PAN AMERICAN FWY NE 111, ALBUQUERQUE NM 87107","(505) 292-5311","","NEIL@MSCONSTRUCTORS.COM","M","Prequalified"
"MP HEAVY CONSTRUCTION INC","10200 GROGANS MILL RD, STE 552, THE WOODLANDS TX 77380","(281) 719-0188","","CONTACT@MPHEAVY.COM","M","Monthly Estimate Reports, Prequalified"
"MPB, INC.","PO BOX 66, CENTER POINT TX 78010","(830) 634-7150","","MPBINC@MPBINC.COM","M","Monthly Estimate Reports, Prequalified"
"MTCO SERVICES","4510 FLOWER BRIDGE CT., HUMBLE TX 77396","(713) 320-6675","","MTCOCONSULTANTS@GMAIL.COM","M","Bidder's Questionnaire"
"MUNIZ CONCRETE AND CONTRACTING, INC.","PO BOX 6596, AUSTIN TX 78762","(512) 385-2334","","JOHNATHAN@MUNIZCONTRACTING.COM","M","Prequalified"
"MYERS CONCRETE CONSTRUCTION, LP","2301 FM 3237, WIMBERLEY TX 78676","(512) 847-8000","","CHARLENE@MYERSCONCRETE.COM","M","Prequalified"
"MYTY LLC","PO BOX 690692, KILLEEN TX 76549","(254) 780-5129","","MYTYLLC64@GMAIL.COM","M","Bidder's Questionnaire"
"NATE ROBB CUSTOM HOMES & REMODELING, L.L.C.","1095 EVERGREEN CIRCLE STE 200, THE WOODLANDS TX 77380","(832) 793-0400","","KARLI@ORYXCOMMUNICATIONS.COM","N","Bidder's Questionnaire"
"NATIONAL POWER RODDING CORPORATION","2500 W ARTHINGTON ST, CHICAGO IL 60612","(312) 666-0748","","OFFICE@NATIONALPOWERRODDING.COM","N","Bidder's Questionnaire"
"NAVACO GROUP INC","1400 BROADFIELD BLVD, STE 200, HOUSTON TX 77084","(832) 684-1980","","INFO@NAVACOGROUP.COM","N","Bidder's Questionnaire"
"NEA CONTRACTS, LLC","3581 N ALTURAS, ODESSA TX 79764","(585) 419-3727","","NEACONTRACTS.2021@GMAIL.COM","N","Bidder's Questionnaire"
"NEW DAYIAH CONTRACTING & BARRICADE","7925 BIRMINGHAM, HOUSTON TX 77028","(323) 297-6608","","ADMIN@DAYIAHCONTRACTING.COM","N","Bidder's Questionnaire"
"NIMBLE CRANE LLC","89 TIMSON HILL RD, NEWFANE VT 5345","(432) 250-5861","","ACCOUNTING@NIMBLECRANE.COM","N","Bidder's Questionnaire"
"NINE DEGREES CONSTRUCTION, LLC","1817 WYOMING AVE STE #2, EL PASO TX 79903","(915) 533-8482","","PATTYM@NINE-DEGREES.COM","N","Bidder's Questionnaire"
"NITTY GRITTY POWER WASHING & MOBILE SERVICES, LLC","PO BOX 33912, FORT WORTH TX 76162","(817) 887-5849","","LWALLACE@NITTYGRITTYPOWERWASHING.COM","N","Bidder's Questionnaire"
"NM CONTRACTING LLC","2022 ORCHID AVENUE, MCALLEN TX 78504","(956) 627-3959","","NOELJR@NMCONTRACTING.US","N","Bidder's Questionnaire"
"NO EGO INC.","13112 TAMAYO DR, AUSTIN TX 78729","(512) 827-7861","","INFO@WINNYMANCONSTRUCTION.COM","N","Bidder's Questionnaire"
"NOAH CONSTRUCTION","11811 N FREEWAY, HOUSTON TX 77060","(832) 417-4993","","NOEPENALOZA20@HOTMAIL.COM","N","Bidder's Questionnaire"
"NOBLES ROAD CONSTRUCTION, INC.","NOBLES ROAD CONSTRUCTION, INC. - Official Registered Office, TxDOT Division, TX","(800) 558-9368","","contractor.info@txdot.gov","N","Monthly Estimate Reports"
"NORMAN HIGHWAY CONSTRUCTORS, INC.","PO BOX 2440, ORANGE TX 77631","(409) 988-0326","","CBELL.NHC@GMAIL.COM","N","Prequalified"
"NORTEX CONCRETE LIFT & STABILIZATION, INC.","PO BOX 4935, FORT WORTH TX 76164","(817) 831-1245","","SIMPSONSKCM@YAHOO.COM","N","Monthly Estimate Reports, Prequalified"
"NORTH TARRANT INFRASTRUCTURE, LLC","13601 NORTH FREEWAY, SUITE 200, FORT WORTH TX 76177","(817) 339-6582","","DHOUSTON@FERROVIAL.US","N","Prequalified"
"NORTH TEXAS TRAFFIC SYSTEMS CONSTRUCTION","5422 COUNTY ROAD 4206, CAMPBELL TX 75422-1248","(903) 450-3787","","NTXTRAFFICSYSTEMS@OUTLOOK.COM","N","Monthly Estimate Reports, Prequalified"
"NORTHEASTERN PAVERS, LLC","PO BOX 566, GRANBURY TX 76048","(817) 573-3809","","CODYBARRINGTON@YAHOO.COM","N","Monthly Estimate Reports, Prequalified"
"NORTHSTAR CONSTRUCTION, LLC","2112 SOLONA STREET, FORT WORTH TX 76117","(817) 244-8886","","MIKE@NORTHSTAR93.COM","N","Prequalified"
"NORTON DCE, INC.","PO BOX 1130, NASH TX 75569","(903) 838-3881","","contractor.info@txdot.gov","N","Bidder's Questionnaire"
"NRG FREIGHT & LOGISTICS","17215 MARQUETTE POINT LN, HUMBLE TX 77346","(281) 627-6454","","INFO@NRG-XL.COM","N","Bidder's Questionnaire"
"NSG LOGISTICS, LLC","NSG LOGISTICS, LLC - Official Registered Office, TxDOT Division, TX","(800) 558-9368","","contractor.info@txdot.gov","N","Monthly Estimate Reports"
"NUTRIEN AG SOLUTIONS, INC.","NUTRIEN AG SOLUTIONS, INC. - Official Registered Office, TxDOT Division, TX","(800) 558-9368","","contractor.info@txdot.gov","N","Monthly Estimate Reports"
"NU-WAY CONSTRUCTION, L.L.C.","1209 CANTRELL SANSOM RD.,, FORT WORTH TX 76131","(817) 675-3888","","BRANDY@NU-WAYCONSTRUCTION.NET","N","Bidder's Questionnaire"
"O. TREVINO CONSTRUCTION, LLC","PO BOX 821909, NORTH RICHLAND HILLS TX 76182","(817) 491-3831","","ESTIMATING@OTCONST.COM","O","Monthly Estimate Reports, Prequalified"
"OAK BAYOU CONSTRUCTION L.L.C.","P. O. BOX 1028, SEALY TX 77474","(979) 877-8257","","OAKBAYOU@MAIL.COM","O","Bidder's Questionnaire"
"OCCI, INC.","3200 COUNTY RD 257, FULTON MO 65251","(573) 642-1419","","BIDINFO@OCCIMOFAB.COM","O","Prequalified"
"ODIN","2901 DOUGLAS BLVD, ROSEVILLE CA 95661","(916) 251-5599","","LOWAIDAT@ODINENV.COM","O","Prequalified"
"ODOTI HOLDING LLC","10039 BISSONNET ST #332, HOUSTON TX 77036","(713) 581-2377","","INFO@ODOTILLC.COM","O","Bidder's Questionnaire"
"ODUM SERVICES, LLC","6555 HARRIS LAKE ROAD, MARSHALL TX 75672","(903) 938-8059","","ERICA@ODUMSERVICES.COM","O","Monthly Estimate Reports, Prequalified"
"OHIO LIBERTY MAINTENANCE, INC.","777 N. MERIDIAN ROAD, YOUNGSTOWN OH 44509","(330) 755-1847","","CK@LIBERTYMAINTENANCEINC.COM","O","Prequalified"
"OLYMPUS PAINTING CONTRACTORS, INC.","556 ANCLOTE ROAD, TARPON SPRINGS FL 34689","(727) 938-6297","","GRACE@OLYMPUSPAINTING.COM","O","Monthly Estimate Reports, Prequalified"
"OPTERRA SOLUTIONS, INC.","PO BOX 161748, ATLANTA GA 30321","(803) 957-1043","","BIDS@OPTERRASOLUTIONS.COM","O","Monthly Estimate Reports, Prequalified"
"ORION CONSTRUCTION, LLC","4440 HWY 225, SUITE 180, DEER PARK TX 77536","(713) 852-6530","","PROJECTS_MARINE@ORIONMARINEGROUP.COM","O","Monthly Estimate Reports, Prequalified"
"ORTEGA'S LAWN AND LANDSCAPING, LLC","2200 CONNOR AVE, WACO TX 76706","(254) 744-6748","","JORGE@ORTEGASLAWN.COM","O","Monthly Estimate Reports, Prequalified"
"OSCAR RENDA CONTRACTING, INC.","1100 KUBOTA DR., GRAPEVINE TX 76051","(817) 293-5065","","LICENSE.REG@OSCARRENDA.COM","O","Prequalified"
"OVERLAND CORPORATION","PO BOX 1947, ARDMORE OK 73402","(580) 223-8454","","ESTIMATOR@OVCO.COM","O","Monthly Estimate Reports, Prequalified"
"OVERLAND MATERIALS & MANUFACTURING, INC.","OVERLAND MATERIALS & MANUFACTURING, INC. - Official Registered Office, TxDOT Division, TX","(800) 558-9368","","contractor.info@txdot.gov","O","Monthly Estimate Reports"
"P&M CIVIL SERVICES","5745 MOON FLOWER COURT, FORT WORTH TX 76244","(972) 268-1194","","PMCIVILPAINTINGLLC@HOTMAIL.COM","P","Bidder's Questionnaire"
"PACE CONSTRUCTION SERVICES LLC","1904 THORNBERRY DR, MELISSA TX 75454","(972) 832-9253","","PAUL_ANDERSON71@YAHOO.COM","P","Prequalified"
"PALACIOS SHIPYARD, INC.","PO BOX 590, PALACIOS TX 77465","(361) 972-3097","","PTXSHIPYARD@YAHOO.COM","P","Bidder's Questionnaire, Monthly Estimate Reports"
"PALMER HALL CONSTRUCTION","2633 MCKINNEY SUITE 130-164, DALLAS TX 75204","(214) 808-5145","","TERRELL@PALMERHALL.COM","P","Monthly Estimate Reports, Prequalified"
"PANDO CONSTRUCTION, LLC","3106 WEST COUNTY RD.140, MIDLAND TX 79706","(432) 425-5566","","PANDO432@GMAIL.COM","P","Bidder's Questionnaire"
"PANGEA COMMERCIAL CONSTRUCTION LLC","4500 W 34TH ST STE A, HOUSTON TX 77092","(346) 347-6676","","INFO@PANGEACOMMERCIALCONSTRUCTION.COM","P","Bidder's Questionnaire"
"PANHANDLE SWEEPING & MAINTENANCE, LLC","612 SW 4TH AVENUE, AMARILLO TX 79101-1212","(806) 373-4685","","BECKYA@PANHANDLESWEEPING.COM","P","Bidder's Questionnaire, Monthly Estimate Reports"
"PASEO DEL SOL CONSTRUCTION INC","1505 GEORGE DIETER DR, EL PASO TX 79936","(915) 494-7367","","PASEODELSOLCONSTRUCTION@GMAIL.COM","P","Bidder's Questionnaire"
"PATHFIELD INVESTMENTS LLC","4401 HICKORY TREE RD, BALCH SPRINGS TX 75180","(972) 803-6549","","LUIS@PATHFIELDINVESTMENTS.COM","P","Monthly Estimate Reports, Prequalified"
"PATIN CONSTRUCTION LLC","3800 W 2ND STREET, TAYLOR TX 76574","(512) 269-1072","","YVONNE@PATINCON.COM","P","Prequalified"
"PATMO SERVICES, L.L.C.","PO BOX 451282, LAREDO TX 78045-1282","(956) 796-9733","","JOE@PATMOSERVICES.COM","P","Bidder's Questionnaire"
"PATTERSON'S COMPLETE TREE SERVICE LLC","13192 CR 353, WINONA TX 75792","(903) 877-0177","","PATTERSONTREE@GMAIL.COM","P","Bidder's Questionnaire, Monthly Estimate Reports"
"PAVECON LTD. CO.","PO BOX 535457, GRAND PRAIRIE TX 75053","(972) 263-6551","","DONH@PAVECON.COM","P","Prequalified"
"PAVEMENT MARKINGS INC.","7010 N FM 493, DONNA TX 78537","(956) 464-5677","","VILLERG37@AOL.COM","P","Monthly Estimate Reports, Prequalified"
"PBX BRIDGE COMPANY","PO BOX 644, SAPULPA OK 74067","(918) 227-9637","","SAMB@PBXCORP.COM","P","Prequalified"
"PEACHTREE CONSTRUCTION, LTD.","5801 PARK VISTA CIRCLE, KELLER TX 76248","(817) 741-4648","","JBCLARK@PEACHTREECON.COM","P","Monthly Estimate Reports, Prequalified"
"PENHALL COMPANY","1212 CORPORATE DRIVE,SUITE 500, IRVING TX 75038","(206) 274-6147","","JSEONG@PENHALL.COM","P","Prequalified"
"PERFECT GENERAL CONTRACTORS LLC","4433 PUNJAB WAY #301, FRISCO TX 75033","(469) 536-8695","","SRI@CHALUVADI.NET","P","Bidder's Questionnaire"
"PERMIAN LAND MANAGEMENT LLC","41 E HARVARD CIRCLE, ODESSA TX 79765","(432) 599-5652","","PANIELSEN95@GMAIL.COM","P","Bidder's Questionnaire"
"PERRY WEST","193 N. COUNTY ROAD 4223, SIMMS TX 75574","(903) 293-3359","","PMONTE@WINDSTREAM.NET","P","Bidder's Questionnaire, Monthly Estimate Reports"
"PETERSON CONTRACTORS, INC.","PO BOX A, REINBECK IA 50669","(319) 345-2713","","contractor.info@txdot.gov","P","Prequalified"
"PETROCHEM ENERGY LLC.","13914 ABBEY LN, SUGAR LAND TX 77498","(346) 490-3365","","PETROCHEMENERGY2000@GMAIL.COM","P","Bidder's Questionnaire"
"PFEIFFER & SON LTD.","PO BOX 1116, LA PORTE TX 77572","(281) 471-6856","","CHARLIE@PFEIFFERANDSON.COM","P","Prequalified"
"PINNACLE SERVICE","PO BOX 391, PRAIRIEVILLE LA 70769","(225) 910-0751","","ENOASIS@EATEL.NET","P","Bidder's Questionnaire, Monthly Estimate Reports"
"PINTO CONSTRUCTION CO., INC.","PO BOX 631878, NACOGDOCHES TX 75963","(936) 569-6155","","CHINTON0810@YAHOO.COM","P","Monthly Estimate Reports, Prequalified"
"PIPE VIEW, LLC","13190 S FM 730, AZLE TX 76020","(815) 600-8247","","TONYB@PIPEVIEWAMERICA.COM","P","Prequalified"
"PMCO CONSTRUCTION LLC","P.O. BOX 211743, DALLAS TX 75211","(214) 331-0018","","RCORTEZ22PMCO@GMAIL.COM","P","Monthly Estimate Reports, Prequalified"
"PMI PAVEMENT MARKING, LLC","1001 S 54TH AVENUE, PHOENIX AZ 85043","(480) 598-0873","","SHANNON.WARNER@PMIAZ.COM","P","Monthly Estimate Reports, Prequalified"
"POSILLICO CIVIL, INC.","1750 NEW HIGHWAY, FARMINGDALE NY 11735","(631) 249-8124","","ESTIMATINGTX@POSILLICOINC.COM","P","Monthly Estimate Reports, Prequalified"
"PRATER DIRT WORK LLC","PO BOX 741, STEPHENVILLE TX 76401","(817) 694-8523","","JP@PRATERDIRTWORK.COM","P","Monthly Estimate Reports, Prequalified"
"PRECISION RAIL STRESS TESTING, INC.","3109 CONIFER TRAIL, STURGIS SD 57785","(605) 939-7196","","ADMIN@PRECISIONOFS.COM","P","Bidder's Questionnaire"
"PREMIER CONTRACTORS LLC","941 CIRCLE VIEW LN, DENTON TX 76210","(630) 540-8127","","PREMIERTX1@GMAIL.COM","P","Monthly Estimate Reports, Prequalified"
"PRESIDIO CONTRACTING, LLC","4030 NACO PERRIN_BLVD STE 100, SAN ANTONIO TX 78217","(210) 826-5432","","RYAN@PRESIDIOCONTRACTING.COM","P","Bidder's Questionnaire, Monthly Estimate Reports"
"PRINCIPAL SERVICES, LTD.","27080 MANDELL ROAD, CLEVELAND TX 77328","(832) 480-5450","","ALFREDO.AMET@PRINCIPALSERVICESLTD.COM","P","Prequalified"
"PROCURE SERVICES, LLC","3522 GUADALUPE AVENUE, DALLAS TX 75233","(214) 597-5961","","ESTATESERV@YAHOO.COM","P","Monthly Estimate Reports, Prequalified"
"PROFESSIONAL TRAFFIC CONTROL LLC","PO BOX 38711, HOUSTON TX 77238","(713) 490-3151","","PROFESSIONALTRAFFIC@GMAIL.COM","P","Monthly Estimate Reports, Prequalified"
"PROJECT ALLIED RESOURCES, LLC","1152 PATRIOT DR, COLLEGE STATION TX 77845","(281) 799-1006","","ESTIMATING@PROALLRES.COM","P","Prequalified"
"PRO-PIPE SERVICES, LLC","PRO-PIPE SERVICES, LLC - Official Registered Office, TxDOT Division, TX","(800) 558-9368","","contractor.info@txdot.gov","P","Monthly Estimate Reports"
"PROSHOT CONCRETE, INC.","PO BOX 1636, FLORENCE AL 35631","(256) 764-5946","","DONNIE@PROSHOTCONCRETE.COM","P","Prequalified"
"PULICE CONSTRUCTION, INC.","8660 E. HARTFORD DRIVE,, SCOTTSDALE AZ 85255","(602) 944-2241","","contractor.info@txdot.gov","P","Monthly Estimate Reports, Prequalified"
"P-VILLE, INCORPORATED","PO BOX 326, PLANTERSVILLE TX 77363","(936) 894-2922","","contractor.info@txdot.gov","P","Monthly Estimate Reports, Prequalified"
"QRO MEX CONSTRUCTION COMPANY, INC.","2801 PRAIRIE CREEK, GRANITE SHOALS TX 78654","(830) 596-2601","","QROMEX.MAIN@GMAIL.COM","Q","Bidder's Questionnaire"
"QUALITY EXCAVATION, LLC","104 REDFEARN RD., AUBREY TX 76227","(940) 365-5961","","RICHARD@QUALITYEXCAVATIONLTD.COM","Q","Monthly Estimate Reports, Prequalified"
"QUALITY HOT MIX, INC.","QUALITY HOT MIX, INC. - Official Registered Office, TxDOT Division, TX","(800) 558-9368","","contractor.info@txdot.gov","Q","Monthly Estimate Reports"
"QUEEN CITY RAILROAD CONSTRUCTION, INC.","12276 SAN JOSE BLVD STE 525, JACKSONVILLE FL 32223","(904) 240-1020","","VPHILLIPS@RAILSOURCE.COM","Q","Prequalified"
"R CONSTRUCTION CIVIL, LLC","PO BOX 189, BUFFALO TX 75831","(713) 334-5757","","contractor.info@txdot.gov","R","Monthly Estimate Reports, Prequalified"
"R&M INCORPORATED","PO BOX 362, WELLBORN TX 77881","(979) 229-6077","","contractor.info@txdot.gov","R","Monthly Estimate Reports, Prequalified"
"R&R UTILITY CONSTRUCTION LLC","2319 OLD PIONEER RD., EAGLE PASS TX 78852","(830) 421-5074","","RUBEN@RRUTILITY.COM","R","Bidder's Questionnaire"
"RAGLE CONSTRUCTION, INC.","PO BOX 1130, EULESS TX 76039","(817) 472-9942","","TXCONTRACTS@RAGLEINC.COM","R","Monthly Estimate Reports, Prequalified"
"RAILWORKS TRACK SYSTEMS LLC","8485 WEST 210TH STREET, LAKEVILLE MN 55044","(952) 469-1926","","RROLF@RAILWORKS.COM","R","Prequalified"
"RANDLES AND ASSOCIATES, LLC","6931 ECKNER DR, CORPUS CHRISTI TX 78414","(361) 236-7592","","SHERMAL@RANDLESANDASSOCLLC.COM","R","Bidder's Questionnaire"
"RANGER EXCAVATING, L.P.","5222 THUNDER CREEK ROAD, AUSTIN TX 78759","(512) 343-9618","","BRM@RANGEREX.COM","R","Prequalified"
"RARE EARTH LANDSCAPE SOLUTIONS LLC","101 SUSANA DR., GEORGETOWN TX 78628","(512) 461-9787","","KASH@RAREEARTHLS.COM","R","Monthly Estimate Reports, Prequalified"
"RATLIFF HARDSCAPE, LTD.","1740 MIDWAY RD, LEWISVILLE TX 75056","(972) 221-9905","","GRIVERO@RWASSETSINC.COM","R","Prequalified"
"RAYFORD'S TRUCK & TRACTOR","PO BOX 1742, MARSHALL TX 75671","(903) 935-7003","","LMCCRACKEN813@HOTMAIL.COM","R","Monthly Estimate Reports, Prequalified"
"RB CONTRACTING, LLC","1547 COUNTY ROAD 32240, SUMNER TX 75486","(903) 249-8181","","RBCONTRACTINGLLC@YAHOO.COM","R","Monthly Estimate Reports, Prequalified"
"RBM CONTRACTORS LLC","9721 E. MONTE CRISTO RD, EDCOUCH TX 78538","(956) 520-8707","","RBMCONTRACTORS@YAHOO.COM","R","Prequalified"
"RDH SITE AND CONCRETE, LLC","3809 CLAVEL ST SUITE D, PALMVIEW TX 78572","(956) 475-3917","","DIANALY@RDHCOMPANY.COM","R","Bidder's Questionnaire"
"REAGAN'S ENVIRONMENTAL SERVICES & LAWN CARE","193 GARVIS ST, LUFKIN TX 75904","(936) 255-0264","","JERKWENTON@GMAIL.COM","R","Bidder's Questionnaire"
"REAR CONTRACTORS LLC","REAR CONTRACTORS LLC - Official Registered Office, TxDOT Division, TX","(800) 558-9368","","contractor.info@txdot.gov","R","Monthly Estimate Reports"
"RED BARON BUILDING COMPANY, LLC","2561 S MAIN ST BLDG B, LINDALE TX 75771","(903) 882-9313","","REDBARON@REDBARONBUILDING.COM","R","Monthly Estimate Reports, Prequalified"
"RED RIVER GENERAL CONTRACTING INC.","1378 HIGHWAY 588, COMANCHE TX 76442","(325) 267-8034","","REDRIVERGENERALCONTRACTING@GMAIL.COM","R","Bidder's Questionnaire"
"RED SIXTEEN CONSTRUCTION, INC","8955 HWY 271 N, POWDERLY TX 75473","(903) 227-5325","","RED16CONSTRUCTION@GMAIL.COM","R","Bidder's Questionnaire"
"REECE ALBERT, INC.","3001 FOSTER STREET, SAN ANGELO TX 76903","(325) 653-0086","","BIDS@REECEALBERTINC.COM","R","Monthly Estimate Reports, Prequalified"
"REEDER INDUSTRIES INC","PO BOX 1124, AMARILLO TX 79105","(806) 356-6163","","LILY@REEDERLANDSCAPE.COM","R","Bidder's Questionnaire, Monthly Estimate Reports"
"REIM CONSTRUCTION, INC.","9612 N. STEWART ROAD, MISSION TX 78573","(956) 580-4032","","YADIRALAREDO@AOL.COM","R","Monthly Estimate Reports, Prequalified"
"RELIABLE TRAFFIC CONTROL SOLUTIONS LLC","111 COUNTY ROAD 870D, ALVIN TX 77511","(346) 622-1799","","INFO@RELIABLETRAFFICCONTROLSOLUTIONS.COM","R","Bidder's Questionnaire"
"RELIANT SAND AND CONSTRUCTION, INC.","PO BOX 457, ROSHARON TX 77583","(281) 754-4277","","GREAK@EARTHLINK.NET","R","Bidder's Questionnaire, Monthly Estimate Reports"
"RELMCO, INC.","PO BOX 154, HONDO TX 78861","(830) 741-7822","","LHACKEBEIL@RELMCOINC.COM","R","Monthly Estimate Reports, Prequalified"
"RENEGADE SITE SOLUTIONS, LLC","1705 MELISSA LN, CLEBURNE TX 76031","(254) 396-1465","","JAKE@RENEGADESITESOLUTIONS.COM","R","Bidder's Questionnaire, Monthly Estimate Reports"
"REPUBLIC LAND SERVICES, LLC","117 BREANNA WAY, WAXAHACHIE TX 75165","(214) 980-8066","","REPUBLICLANDSERVICESTX@GMAIL.COM","R","Bidder's Questionnaire"
"REPUBLIC TRAFFIC SAFETY, INC.","3508 CHERRY ST, HOUSTON TX 77026","(713) 227-8602","","MOHSIN@REPUBLICTRAFFICSAFETY.COM","R","Monthly Estimate Reports, Prequalified"
"RESTEK, INC.","12403 LOWDEN LANE, MANCHACA TX 78652","(512) 291-9813","","TIM@RESTEKINC-TX.COM","R","Monthly Estimate Reports, Prequalified"
"REYLO CONTRACTING, LLC","PO BOX 296, SULPHUR SPRINGS TX 75483","(940) 300-4178","","DELAINA.REYLO@PROTONMAIL.COM","R","Bidder's Questionnaire"
"REYNOLDS & KAY, LTD.","PO BOX 88, TYLER TX 75710","(903) 592-0835","","contractor.info@txdot.gov","R","Monthly Estimate Reports, Prequalified"
"REYNOLDS ASPHALT & CONSTRUCTION COMPANY","PO BOX 370, EULESS TX 76039","(817) 267-3131","","contractor.info@txdot.gov","R","Monthly Estimate Reports, Prequalified"
"REYTEC CONSTRUCTION RESOURCES, INC.","1901 HOLLISTER ST, HOUSTON TX 77080","(713) 681-0077","","GREYES@REYTEC.NET","R","Prequalified"
"RHINO EQUITY, LLC","P.O. BOX 1234, CONVERSE TX 78109","(210) 272-9222","","FRANK.HINOJOSA@OUTLOOK.COM","R","Monthly Estimate Reports, Prequalified"
"RHYNER CONSTRUCTION SERVICES, INC.","PO BOX 309, RIO HONDO TX 78583","(956) 748-3103","","STEPHANIE@RHYNERINC.COM","R","Bidder's Questionnaire"
"RICHARD DRAKE CONSTRUCTION COMPANY, L.P.","6290 HWY 271 N, POWDERLY TX 75473","(903) 732-4340","","LDRAKE@RDCCLP.COM","R","Monthly Estimate Reports, Prequalified"
"RICHARDSON BROS. CONTRACTING LLC","17963 RICHMOND HWY, PAMPLIN VA 23958","(434) 665-7537","","DRICHARDSON1981@LIVE.COM","R","Bidder's Questionnaire"
"RIGID CONSTRUCTORS, LLC","3861 AMBASSADOR CAFFERY PKWY, LAFAYETTE LA 70503","(337) 446-4900","","MARK@RIGIDCONSTRUCTORS.COM","R","Prequalified"
"RISE UP CONSTRUCTION LLC","P.O. BOX 350, CHANDLER TX 75758","(254) 644-4008","","RISEUPREFUSE@YAHOO.COM","R","Monthly Estimate Reports, Prequalified"
"RITE CONSTRUCTION & ROUSTABOUT SERVICES, LLC","PO BOX 118, DIANA TX 75640","(903) 663-4432","","RITECONSTRUCTIONANDROUSTABOUT@YAHOO.COM","R","Prequalified"
"RK CONSTRUCTION, LLC","228 E BETHEL RD, COPPELL TX 75019","(214) 577-7733","","REED@RKCONSTRUCTIONTEXAS.COM","R","Bidder's Questionnaire"
"RK HALL, LLC","5020 SE LOOP 286, PARIS TX 75460","(903) 784-7068","","JASON.EXUM@RK-HALL.COM","R","Monthly Estimate Reports, Prequalified"
"RK POWER DRIVE SERVICES, INC.","14848 FM 1774, PLANTERSVILLE TX 77363","(979) 830-5767","","contractor.info@txdot.gov","R","Monthly Estimate Reports, Prequalified"
"RLA DESIGN BUILD LLC","650 COUNTY ROAD 33980 N, POWDERLY TX 75473","(602) 725-3736","","RYAN@RLADESIGNBUILD.COM","R","Bidder's Questionnaire"
"RML SERVICES","RML SERVICES - Official Registered Office, TxDOT Division, TX","(800) 558-9368","","contractor.info@txdot.gov","R","Monthly Estimate Reports"
"ROAD DOCTORS LLC","102 CR 3115, VALLEY MILLS TX 76689","(254) 253-6558","","JARED@ROADDOCTORS.COM","R","Monthly Estimate Reports, Prequalified"
"ROAD MAKER CONTRACTORS, LLC","3912 SANDSHELL DRIVE, FORT WORTH TX 76137","(214) 971-1048","","CMAS@ROAD-MAKER.COM","R","Prequalified"
"ROAD MASTER STRIPING, LLC","1301 SE MCKINNEY ST, RICE TX 75155","(903) 326-4530","","ROZZANA@ROADMASTERSTRIPING.COM","R","Bidder's Questionnaire"
"ROAD SOLUTIONS L.L.C.","1535 SNIDER LN, LUCAS TX 75002","(214) 509-8990","","HBASS@ROADSOL.COM","R","Bidder's Questionnaire"
"ROADWAY SPECIALTIES, INC.","PO BOX 90309, AUSTIN TX 78709","(512) 280-6066","","ESTIMATING@ROADWAYSPECIALTIES.COM","R","Monthly Estimate Reports, Prequalified"
"ROADWORX, INC. OF ILLINOIS","11800 S. EWING AVENUE, CHICAGO IL 60617","(773) 978-5000","","ACCOUNTING@ROADWORX.NET","R","Prequalified"
"ROBINSON GENERAL CONTRACTORS, LLC","20770 US 281 N, STE 108-288, SAN ANTONIO TX 78258","(210) 305-4190","","KROBINSON@ROBINSONGC.COM","R","Bidder's Questionnaire"
"ROCK HILL INDUSTRIAL LLC","P.O. BOX 53190, LUBBOCK TX 79453","(806) 317-0730","","DONALD@RHIUSA.COM","R","Bidder's Questionnaire"
"ROMA CONCRETE & CONSTRUCTION LLC","26205 FM 2978 SUITE D, MAGNOLIA TX 77354","(346) 505-8109","","INFO@ROMACCLLC.COM","R","Bidder's Questionnaire"
"ROMAN EMPERORS ROAD, LLC","11381 MEADOWGLEN LANE, SUITE E, HOUSTON TX 77082","(225) 362-3363","","BIDS.RER@GMAIL.COM","R","Monthly Estimate Reports, Prequalified"
"RONALD R. WAGNER & CO., LP","PO BOX 354, KENDALIA TX 78027","(830) 336-2810","","contractor.info@txdot.gov","R","Monthly Estimate Reports, Prequalified"
"ROSS SA ENTERPRISE LLC","8426 HERALDRY, SAN ANTONIO TX 78254","(210) 834-6578","","ROBERT@ROSSSAENTERPRISE.COM","R","Monthly Estimate Reports, Prequalified"
"ROVAN TEXAS, L.L.C.","PO BOX 205, MERCEDES TX 78570","(956) 514-4825","","RYAN@ROVANTEXAS.COM","R","Bidder's Questionnaire"
"ROY JORGENSEN ASSOCIATES, INC.","PO BOX 70, BUCKEYSTOWN MD 21717","(301) 831-1000","","CONTRACTING@ROYJORGENSEN.COM","R","Monthly Estimate Reports, Prequalified"
"ROY LEE WALKER","ROY LEE WALKER - Official Registered Office, TxDOT Division, TX","(800) 558-9368","","contractor.info@txdot.gov","R","Monthly Estimate Reports"
"ROYAL BRIDGE INC.","3601 ALT. 19 SUITE A, PALM HARBOR FL 34683","(727) 234-0942","","TOMMY@ROYALBRIDGEINC.COM","R","Prequalified"
"ROYAL TRAFFIC SIGN COMPANY","P.O. BOX 11053, HOUSTON TX 77293","(281) 330-2139","","ROYALTRAFFICSIGNS@ATT.NET","R","Bidder's Questionnaire"
"RPM XCONSTRUCTION, LLC","PO BOX 2706, FRISCO TX 75034","(214) 239-4799","","MMCCANN@RPMXCONSTRUCTION.COM","R","Monthly Estimate Reports, Prequalified"
"Rucoba & Maya Construction, LLC","Rucoba & Maya Construction, LLC - Official Registered Office, TxDOT Division, TX","(800) 558-9368","","contractor.info@txdot.gov","R","Monthly Estimate Reports"
"RUDD-PALMER CO., INC.","PO BOX 10146, AMARILLO TX 79116","(806) 374-8581","","JERRY@RUDDPALMER.COM","R","Bidder's Questionnaire"
"RUMMEL CONSTRUCTION, INC.","7520 E. ADOBE DRIVE, SCOTTSDALE AZ 85255","(480) 222-9923","","MELISSA.MCMILLIN@EMERYSAPP.COM","R","Prequalified"
"RUMSEY CONSTRUCTION, INC.","4336 MARSH RIDGE, CARROLLTON TX 75010","(214) 556-1110","","GARY@RUMSEYLLC.COM","R","Bidder's Questionnaire"
"RUSSELL MARINE, LLC","16740 I-10 EAST FREEWAY, CHANNELVIEW TX 77530","(281) 860-0118","","BOB.ANDREWS@RUSSELLMARINELLC.COM","R","Monthly Estimate Reports, Prequalified"
"RWCS JANITORIAL LLC","7368 FM 137, PARIS TX 75460","(903) 495-8540","","contractor.info@txdot.gov","R","Bidder's Questionnaire, Monthly Estimate Reports"
"S & D CONSTRUCTORS INC.","315 CIBOLO RIDGE DR, LA VERNIA TX 78121","(951) 445-5099","","SDCONSTRUCTORS23@GMAIL.COM","S","Bidder's Questionnaire"
"S & S BRIDGE PAINTING, INC.","PO BOX 295094, KERRVILLE TX 78029","(830) 257-4789","","CRYSTAL@SSBRIDGEPAINTING.COM","S","Prequalified"
"S FOWLER SERVICES LLC","3578 W US HWY 80, MINEOLA TX 75773","(903) 262-5655","","SFOWLER2594@GMAIL.COM","S","Monthly Estimate Reports, Prequalified"
"S G COMPANY, LLC","405 BRADY ST, JACKSONVILLE TX 75766","(903) 284-1928","","SALATIEL.GARCIA16@YAHOO.COM","S","Bidder's Questionnaire, Monthly Estimate Reports"
"S&H HOTSHOTS LLC","713 CRESTVIEW DR, CORPUS CHRISTI TX 78412","(361) 813-7615","","SHHOTSHOTS16@GMAIL.COM","S","Bidder's Questionnaire"
"S. J. LOUIS CONSTRUCTION OF TEXAS LTD.","PO BOX 834, MANSFIELD TX 76063","(817) 477-0522","","COMPLIANCE@SJLOUIS.COM","S","Prequalified"
"SACYR CONSTRUCTION USA LLC","3191 CORAL WAY, SUITE 510, MIAMI FL 33145","(786) 773-5847","","BIDSTEXAS@SACYR.COM","S","Monthly Estimate Reports, Prequalified"
"SAENZ UTILITY CONTRACTORS, LLC","22290 N FM 88, EDCOUCH TX 78538","(956) 262-8506","","JUAN@SAENZUTILITY.COM","S","Bidder's Questionnaire"
"SAFFO CONTRACTORS, INC.","PO BOX 7035, WILMINGTON NC 28406","(910) 371-9422","","TAYLOR@SAFFOCONTRACTORS.COM","S","Prequalified"
"SAK CONSTRUCTION, LLC","864 HOFF ROAD, O'FALLON MO 63366","(636) 385-1100","","CCOPE@SAKCON.COM","S","Monthly Estimate Reports, Prequalified"
"SALINAS CONSTRUCTION TECHNOLOGIES, LTD.","3734 FM 3006, PLEASANTON TX 78064","(830) 281-3502","","SCTLTD@YAHOO.COM","S","Monthly Estimate Reports, Prequalified"
"SAMES, INC.","200 S 10TH ST STE 1500, MCALLEN TX 78501","(956) 702-8883","","SAUL@SAMENGINEERING-SURVEYING.COM","S","Bidder's Questionnaire"
"SAMMY GIST ENTERPRISES, INC.","PO BOX 722, CLARKSVILLE TX 75426","(903) 427-0172","","SGIST@SUDDENLINKMAIL.COM","S","Monthly Estimate Reports, Prequalified"
"SB CONTRACTORS LLC","SB CONTRACTORS LLC - Official Registered Office, TxDOT Division, TX","(800) 558-9368","","contractor.info@txdot.gov","S","Monthly Estimate Reports"
"SCHNABEL FOUNDATION COMPANY","21355 RIDGETOP CIR, STE 250, STERLING VA 20166","(703) 742-0020","","GERMAN.VARON@SCHNABEL.COM","S","Prequalified"
"SCODELLER CONSTRUCTION, INC.","51722 GRAND RIVER AVE, WIXOM MI 48393","(248) 374-1109","","DWYER@SCODELLER.COM","S","Prequalified"
"SCOTT DERR PAINTING CO, LLC","PO BOX 1848, FRIENDSWOOD TX 77549","(281) 480-0157","","SCOTTDERR@YAHOO.COM","S","Prequalified"
"SCOTT TUCKER CONSTRUCTION COMPANY, LLC","7639 CONFEDERATE PARK RD, FORT WORTH TX 76108","(817) 332-9008","","ESTIMATING@STCCTX.COM","S","Monthly Estimate Reports, Prequalified"
"SCOUT 5 CONSTRUCTION LLC","1475 FAWN CROSSING RD, GILMER TX 75644","(903) 806-6058","","HADDEN@SCOUT5VENTURES.COM","S","Monthly Estimate Reports, Prequalified"
"SCR CIVIL CONSTRUCTION, LLC","5420 FM 2218 RD, RICHMOND TX 77469","(281) 344-0099","","TOM@SCRCONSTRUCTION.COM","S","Monthly Estimate Reports, Prequalified"
"SELECT MAINTENANCE, L.L.C.","PO BOX 1130, EULESS TX 76039","(817) 472-9942","","ESTIMATING@SELECTCOMPANYLLC.COM","S","Monthly Estimate Reports, Prequalified"
"SEMA CONSTRUCTION, INC.","7353 S. EAGLE STREET, CENTENNIAL CO 80112","(303) 627-2626","","ESTIMATING.TX@SEMACONSTRUCTION.COM","S","Monthly Estimate Reports, Prequalified"
"SEQUEIRA CIVIL CONSTRUCTION LLC","PO BOX 454, TOMBALL TX 77377","(281) 305-1190","","BART@SC2-LLC.COM","S","Prequalified"
"SER CONSTRUCTION PARTNERS, LLC","3636 PASADENA BOULEVARD, PASADENA TX 77503","(713) 473-7900","","contractor.info@txdot.gov","S","Monthly Estimate Reports, Prequalified"
"SERNA CONTRACTORS, LLC","600 N. OVERLOOK DR., KERENS TX 75144","(903) 851-9154","","EDDIESERNA@GMAIL.COM","S","Bidder's Questionnaire, Monthly Estimate Reports"
"SERVIN MOWING","PO BOX 8264, JACKSONVILLE TX 75766","(903) 721-4631","","SERV1876@GMAIL.COM","S","Bidder's Questionnaire, Monthly Estimate Reports"
"SERVIN MOWING CONTRACTORS, LLC","SERVIN MOWING CONTRACTORS, LLC - Official Registered Office, TxDOT Division, TX","(800) 558-9368","","contractor.info@txdot.gov","S","Monthly Estimate Reports"
"SERVOX LLC","21302 PROVINCIAL BLVD STE A, KATY TX 77450","(617) 290-0040","","FNARANJO@SERVOX.US","S","Prequalified"
"SHALOM SERVICES CORPORATION","1507 QUAIL RIDGE DRIVE, CEDAR HILL TX 75104","(888) 409-3888","","JOHNSON.OJO@SHALOMINCORP.COM","S","Monthly Estimate Reports, Prequalified"
"SHAMGAR ENTERPRISES LLC","P.O. BOX 10025, KILLEEN TX 76547","(346) 573-4741","","AHOOD@SHAMGARENTERPRISESLLC.COM","S","Bidder's Questionnaire"
"SHAWNEE MISSION TREE SERVICE, INC.","1510 JELMAK STREET, GRAND PRAIRIE TX 75050","(469) 586-5780","","INFO@ARBORMASTERS.COM","S","Bidder's Questionnaire, Monthly Estimate Reports"
"SHIRLEY & SONS CONSTRUCTION CO., INC.","PO BOX 429, CLEVELAND TX 77329","(281) 592-9543","","SSCONSTRUCTION@EARTHLINK.NET","S","Prequalified"
"SHORT-LINE CORPORATION","P.O. BOX 700961, SAN ANTONIO TX 78270","(210) 380-6915","","contractor.info@txdot.gov","S","Prequalified"
"SICE, INC.","14350 NW 56TH CT UNIT 105, OPA-LOCKA FL 33054","(305) 390-0903","","BIDSTEXAS@SICE.COM","S","Monthly Estimate Reports, Prequalified"
"SIETE, INC","P.O. BOX 202, RYE CO 81069","(719) 676-7777","","BIDS@SIETEINC.NET","S","Prequalified"
"SIG-OP SYSTEMS, INC.","PO BOX 30067, EDMOND OK 73003","(405) 348-7489","","TSISIG@YAHOO.COM","S","Prequalified"
"SILVER CREEK CONSTRUCTION, INC.","PO BOX 250, PONDER TX 76259","(940) 479-2971","","WARD@SCCI1992.COM","S","Monthly Estimate Reports, Prequalified"
"SIMPLE VALET SOLUTIONS LLC","900 LAKE CYPRESS LN, LITTLE ELM TX 75068","(469) 767-9830","","THADDEUS@SIMPLEVALETSOLUTIONS.COM","S","Bidder's Questionnaire"
"SJ&J CONSTRUCTION, LLC","P.O. BOX 211723, DALLAS TX 75211","(214) 688-1986","","SJJCONS@HOTMAIL.COM","S","Bidder's Questionnaire, Monthly Estimate Reports"
"SKIDABRADER GROUP LLC","4924 KALTENBRUN RD, FORT WORTH TX 76119","(619) 295-0754","","ESTIMATING@SKIDABRADER.COM","S","Prequalified"
"SKYLINE BRIDGE LLC","PO BOX 57, HAWKINS TX 75765","(903) 843-1223","","INFO@SKYLINEBRIDGE.NET","S","Monthly Estimate Reports, Prequalified"
"SKYLINE CONSTRUCTION PAVING & STRIPING","11739 RIVERVIEW DR, HOUSTON TX 77077","(281) 658-7105","","ALI.SKYLINEMGMT@GMAIL.COM","S","Bidder's Questionnaire, Monthly Estimate Reports"
"SLATON BROS, INC.","860 AIRPORT FWY, STE 675, HURST TX 76054","(817) 952-8666","","LEAH.BENTLEY@SLATONBROS.COM","S","Bidder's Questionnaire"
"SLSCO LTD.","PO BOX 17017, GALVESTON TX 77552","(713) 880-8411","","SBLAIR@SLSCO.COM","S","Prequalified"
"SNIP CLEAN","SNIP CLEAN - Official Registered Office, TxDOT Division, TX","(800) 558-9368","","contractor.info@txdot.gov","S","Monthly Estimate Reports"
"SOLOGY INC.","PO BOX 262106, PLANO TX 75026-2106","(972) 792-9301","","SALES@SOLOGYSOLUTIONS.COM","S","Bidder's Questionnaire"
"SOUTH TEXAS ILLUMINATION, LLC","SOUTH TEXAS ILLUMINATION, LLC - Official Registered Office, TxDOT Division, TX","(800) 558-9368","","contractor.info@txdot.gov","S","Monthly Estimate Reports"
"SOUTHERN CROSS CONTRACTORS, LLC","PO BOX 66, TELEPHONE TX 75488","(903) 815-0372","","CRAIGMYRACLE@YAHOO.COM","S","Monthly Estimate Reports, Prequalified"
"SOUTHERN EDGE CONTRACTORS LLC","3703 ASPEN TRAIL, GILMER TX 75644","(903) 387-9784","","HAMMETT.SEC@YAHOO.COM","S","Bidder's Questionnaire, Monthly Estimate Reports"
"SOUTHERN ROAD & BRIDGE, LLC","715 WESLEY AVENUE, TARPON SPRINGS FL 34689","(727) 499-7158","","PREQUAL@SOUTHERNRB.COM","S","Monthly Estimate Reports, Prequalified"
"SOUTHERN SOURCING SOLUTIONS, LLC","SOUTHERN SOURCING SOLUTIONS, LLC - Official Registered Office, TxDOT Division, TX","(800) 558-9368","","contractor.info@txdot.gov","S","Monthly Estimate Reports"
"SOUTHLAND CONTRACTING, INC.","1100 KUBOTA DR, GRAPEVINE TX 76051","(817) 293-5065","","LICENSE.REG@SCITUNNELING.COM","S","Prequalified"
"SOUTH-POINT CONSTRUCTORS A JOINT VENTURE","SOUTH-POINT CONSTRUCTORS A JOINT VENTURE - Official Registered Office, TxDOT Division, TX","(800) 558-9368","","contractor.info@txdot.gov","S","Monthly Estimate Reports"
"SOUTHWEST ENVIROTX PARTNERS, LLC","SOUTHWEST ENVIROTX PARTNERS, LLC - Official Registered Office, TxDOT Division, TX","(800) 558-9368","","contractor.info@txdot.gov","S","Monthly Estimate Reports"
"SOUTHWEST SHIPYARD, L.P.","SOUTHWEST SHIPYARD, L.P. - Official Registered Office, TxDOT Division, TX","(800) 558-9368","","contractor.info@txdot.gov","S","Monthly Estimate Reports"
"SOUTHWEST SIGNAL SUPPLY, INC.","1107 JACKSON STREET, SOUTH HOUSTON TX 77587","(713) 946-7162","","INFO@SWSIGNAL.NET","S","Monthly Estimate Reports, Prequalified"
"SOWELLS ENGINEERS & CONSTRUCTORS, LLC","13430 NORTHWEST FREEWAY, HOUSTON TX 77040","(713) 583-2151","","JSOWELLS@SOWELLS-ENGR.COM","S","Bidder's Questionnaire"
"SPARTAN CONSTRUCTION OF TEXAS, INC.","615 E SCHUSTER AVE BLDG 1, EL PASO TX 79902","(972) 591-4523","","STEVE@SPARTAN-CONST.COM","S","Monthly Estimate Reports, Prequalified"
"SPARTAN CONTRACTING, LLC","5959 W LIBERTY STREET, HUBBARD OH 44425","(330) 534-7790","","contractor.info@txdot.gov","S","Prequalified"
"SPAW GLASS CONSTRUCTION CORPORATION","13800 WEST ROAD, HOUSTON TX 77041","(281) 970-5300","","ROGER.BERRY@SPAWGLASS.COM","S","Prequalified"
"SPAW GLASS CONTRACTORS, INC.","9331 CORPORATE DRIVE, SELMA TX 78154","(210) 651-4450","","JASON.SMITH@SPAWGLASS.COM","S","Prequalified"
"SPAWGLASS CIVIL CONSTRUCTION, INC.","13800 WEST ROAD, HOUSTON TX 77041","(281) 970-5305","","ROBIN.FALKE@SPAWGLASS.COM","S","Prequalified"
"SPEARHEAD CONSTRUCTION SOLUTIONS LLC","SPEARHEAD CONSTRUCTION SOLUTIONS LLC - Official Registered Office, TxDOT Division, TX","(800) 558-9368","","contractor.info@txdot.gov","S","Monthly Estimate Reports"
"SPECIALIZED MAINTENANCE SERVICES, INC.","4533 PASADENA BLVD, PASADENA TX 77503","(281) 476-4067","","OFFICE@SPECIALIZEDMAINTENANCE.COM","S","Bidder's Questionnaire"
"SQUARE G, INC.","PO BOX 30, PATTONVILLE TX 75468","(903) 652-4063","","SQUAREG@WINDSTREAM.NET","S","Bidder's Questionnaire, Monthly Estimate Reports"
"SQUARED AWAY TRUCKING LLC","4410 FENETRE FOREST ST, KATY TX 77493","(316) 730-1177","","SUPPORT@SQUAREDAWAYTRUCKING.COM","S","Bidder's Questionnaire"
"STACY AND WITBECK, INC.","2800 HARBOR BAY PARKWAY, ALAMEDA CA 94502","(510) 748-1205","","DKENNEDY@STACYWITBECK.COM","S","Prequalified"
"STAFFORD BUILDING CORPORATION","9925 CYPRESS N HOUSTON RD, HOUSTON TX 77070","(281) 955-5113","","AKM@SBCOTX.COM","S","Bidder's Questionnaire"
"STANDARD CONSTRUCTORS, INC.","9208 WINKLER, HOUSTON TX 77017","(713) 941-1232","","contractor.info@txdot.gov","S","Prequalified"
"STATEWIDE TRAFFIC SIGNAL COMPANY","1509 WEST 34TH STREET, HOUSTON TX 77018","(713) 680-2875","","JSACUEZA@STATEWIDE-TRAFFIC.NET","S","Monthly Estimate Reports, Prequalified"
"STERLING DELAWARE HOLDING COMPANY","20810 FERNBUSH LN, HOUSTON TX 77073","(281) 951-3675","","TSCESTIMATING@STRLCO.COM","S","Monthly Estimate Reports, Prequalified"
"STINNETT SERVICES, LLC","PO BOX 5564, ABILENE TX 79608","(325) 518-1972","","SALES@TXSWEEPING.COM","S","Bidder's Questionnaire, Monthly Estimate Reports"
"STONE DEMOLITION, LLC","PO BOX 8525, ENNIS TX 75120","(469) 456-0302","","STONEDEMOLITION@OUTLOOK.COM","S","Bidder's Questionnaire"
"STRIPE LINES, INC.","5430 KILLOUGH ST, HOUSTON TX 77086","(713) 598-6599","","DAN@STRIPELINESINC.COM","S","Monthly Estimate Reports, Prequalified"
"STRIPE-A-ZONE, LLC","2714 SHERMAN STREET, GRAND PRAIRIE TX 75051","(972) 647-9520","","JJOHNSON@STRIPE-A-ZONE.COM","S","Monthly Estimate Reports, Prequalified"
"STRIPES & STOPS COMPANY, INC.","2323 GREENS ROAD, HOUSTON TX 77032","(281) 821-5680","","STRIPES@STRIPESANDSTOPS.COM","S","Bidder's Questionnaire"
"STRIPING TECHNOLOGY, L.P.","PO BOX 4279, TYLER TX 75712","(903) 595-6255","","LRUDD@ST-LP.COM","S","Monthly Estimate Reports, Prequalified"
"STRUCTURAL INTEGRITY GROUP LLC","3321 E. DAVIS ST, CONROE TX 77301","(301) 706-0667","","ESTIMATING@SIG-LLC.COM","S","Monthly Estimate Reports, Prequalified"
"STRUCTURAL TECHNOLOGIES, LLC","10150 OLD COLUMBIA ROAD, COLUMBIA MD 21046","(410) 850-7000","","PREQUALS@STRUCTURALTEC.COM","S","Monthly Estimate Reports, Prequalified"
"STX CIVIL","5310 RIVERSIDE DR, LAREDO TX 78041","(956) 415-6816","","TXBIDS@STXCIVIL.COM","S","Monthly Estimate Reports, Prequalified"
"SUNDROP GARDENS LANDSCAPING, LLC","18484 PRESTON RD 102-311, DALLAS TX 75252","(214) 417-6036","","MANUEL@SUNDROPGARDENS.COM","S","Bidder's Questionnaire, Monthly Estimate Reports"
"SUNDT CONSTRUCTION, INC.","8445 FREEPORT PKWY, IRVING TX 75063","(469) 886-6635","","TEXASBID@SUNDT.COM","S","Monthly Estimate Reports, Prequalified"
"SUPER EXCAVATORS, INC.","N59 W14601 BOBOLINK AVE, MENOMONEE FALLS WI 53051","(262) 252-3406","","LISA@SUPEREXCAVATORS.COM","S","Prequalified"
"SUPERIOR EQUIPMENT SOLUTIONS LLC","8 CR SW 3010, MT VERNON TX 75457","(903) 588-3250","","SUPERIOREQUIPMENT23@GMAIL.COM","S","Bidder's Questionnaire"
"SUPERIOR TRAFFIC CONTROL, LLC","114 CAPITAL WAY, CHRISTIANA TN 37037","(615) 225-1078","","ADAM.COOLEY@SUPERIORTRAFFICCONTROL.COM","S","Monthly Estimate Reports, Prequalified"
"SUPREME POWER WASH LLC","8023 SAN MARINO DRIVE, SAN ANTONIO TX 78250","(210) 596-9274","","RFP@SUPREMEPOWERWASH.COM","S","Bidder's Questionnaire"
"SURFACE PREPARATION TECHNOLOGIES, LLC","PO BOX 834, NEW KINGSTOWN PA 17072","(717) 697-0813","","PREQUAL@SURFPREPTECH.COM","S","Prequalified"
"SWEEPING CORPORATION OF AMERICA, LLC","4141 ROCKSIDE RD STE 100, SEVEN HILLS OH 44131","(216) 777-2766","","COMPLIANCE@SWEEPINGCORP.COM","S","Monthly Estimate Reports, Prequalified"
"SYNERGY PROJECT CONTRACTORS, INC.","3318 ROSA AVE, EL PASO TX 79905","(915) 875-1929","","LLUNA@SPC-PM.COM","S","Monthly Estimate Reports, Prequalified"
"SYNERGY SIGNS & SERVICES LLC","2815 PRESTIGE RD, FORT WORTH TX 76244","(817) 745-2332","","JEFF@SYNERGYSIGNS.COM","S","Monthly Estimate Reports, Prequalified"
"T & M LAWN-FENCE SERVICE, LLC","7826 OPEN POINT DR, CYPRESS TX 77433","(305) 216-7464","","TMLAWNFENCE@GMAIL.COM","T","Bidder's Questionnaire, Monthly Estimate Reports"
"T&L CLEANING SERVICES LLC","PO BOX 644, CHINA SPRING TX 76633","(254) 715-9519","","TPERCIVILL@MSN.COM","T","Monthly Estimate Reports, Prequalified"
"T.F.R. ENTERPRISES, INC.","601 LEANDER DRIVE, LEANDER TX 78641","(512) 528-1942","","TIFFANY@TFRINC.COM","T","Monthly Estimate Reports, Prequalified"
"TAKCO, INC.","3405 MARTIN FARM RD., SUWANEE GA 30024","(205) 462-3507","","STEVE@TAKCOUSA.COM","T","Bidder's Questionnaire"
"TALBERT COMPANIES LLC","14123 SORANO DR, FRISCO TX 75035","(903) 285-2605","","CRAY@TALBERTCOMPANIES.COM","T","Monthly Estimate Reports, Prequalified"
"TALLADAVIS LLC","18410 NE 189 CT, BRUSH PRAIRIE WA 98606","(225) 713-9224","","JHURST@TALLADAVIS.COM","T","Bidder's Questionnaire"
"TALON/LPE, LTD.","921 N. BIVINS, AMARILLO TX 79107","(806) 372-6603","","PROCUREMENT@TALONLPE.COM","T","Prequalified"
"TATUM EXCAVATING COMPANY, INC.","2416 S LAKE DR., TEXARKANA TX 75501","(903) 792-4593","","ROSS@TATUMEXCAVATING.COM","T","Prequalified"
"TAYLOR BRIDGE LLC","TAYLOR BRIDGE LLC - Official Registered Office, TxDOT Division, TX","(800) 558-9368","","contractor.info@txdot.gov","T","Monthly Estimate Reports"
"TAYLOR CONTRACTING LLC","PO BOX 11, STONEWALL TX 78671","(210) 300-1899","","ESTIMATING@TAYLOR-BRIDGE.COM","T","Prequalified"
"TCB CONSTRUCTION, INC","PO BOX 81642, AUSTIN TX 78708","(512) 339-6321","","TCBCONSTRUCTION@HOTMAIL.COM","T","Bidder's Questionnaire"
"TERRASOL, LLC","P.O. BOX 347, TAYLOR TX 76574","(512) 365-4077","","contractor.info@txdot.gov","T","Bidder's Questionnaire"
"TERRY ENTERPRISES","PO BOX 361, MCLEOD TX 75565","(903) 277-5785","","SZNN61@AOL.COM","T","Bidder's Questionnaire"
"TEX OP CONSTRUCTION, LP","PO BOX 427, ROANOKE TX 76262","(940) 648-1457","","DSIMPSON@TEXOP.COM","T","Prequalified"
"TEXARKANA CONCRETE PROS LLC","6565 FM 1699, AVERY TX 75554","(903) 998-0042","","TEXARKANACONCRETEPROS@GMAIL.COM","T","Bidder's Questionnaire"
"TEXAS BLACKTOPS LLC","701 N POWERS ST., SEYMOUR TX 76380","(940) 256-3654","","BCBENSON1127@GMAIL.COM","T","Bidder's Questionnaire, Monthly Estimate Reports"
"TEXAS BUCKET TRUCKS LLC","11209 MARKET ST, HOUSTON TX 77029","(713) 676-2918","","TEXASBUCKETTRUCKS@YAHOO.COM","T","Bidder's Questionnaire"
"TEXAS CORDIA CONSTRUCTION, LLC","3149 CENTER POINTE DR, STE A, EDINBURG TX 78539","(956) 386-0289","","YARA@TEXASCORDIA.COM","T","Monthly Estimate Reports, Prequalified"
"TEXAS CUTTERS","1305 S 1ST WEST, CLYDE TX 79510","(325) 338-8407","","TEXASCUTTERS45@GMAIL.COM","T","Bidder's Questionnaire, Monthly Estimate Reports"
"TEXAS DEWATERING LLC","4591 FM 529, BELLVILLE TX 77418","(979) 246-3016","","INFO@TEXASDEWATERING.COM","T","Bidder's Questionnaire"
"TEXAS DRAINAGE INC.","29215-1 WALLER SPRING CREEK RD, WALLER TX 77484","(832) 201-8442","","ADMIN@TEXASDRAINAGE.COM","T","Monthly Estimate Reports, Prequalified"
"TEXAS FCC S.A. INC.","AVDA CAMINO DE SANTIAGO 40, MADRID, SPAIN 28050, 34917573247 Phone","(800) 558-9368","","EMARIJUANC@FCCCO.COM","T","Prequalified"
"TEXAS GULF CONSTRUCTION COMPANY, INC.","PO BOX 2110, GALVESTON TX 77553","(409) 740-0268","","STROMMEN@JWKELSO.COM","T","Monthly Estimate Reports, Prequalified"
"TEXAS LIME COMPANY","TEXAS LIME COMPANY - Official Registered Office, TxDOT Division, TX","(800) 558-9368","","contractor.info@txdot.gov","T","Monthly Estimate Reports"
"TEXAS MATERIALS GROUP, INC.","1320 ARROW POINT DR STE 600, CEDAR PARK TX 78613","(512) 861-7177","","contractor.info@txdot.gov","T","Monthly Estimate Reports, Prequalified"
"TEXAS PANHANDLE CONSTRUCTION, INC.","975 FM 2530, CHILDRESS TX 79201","(940) 937-8839","","TEXPANCON@GMAIL.COM","T","Monthly Estimate Reports, Prequalified"
"TEXAS ROAD CONSTRUCTION, LLC","421 RUNNELS LN, COLDSPRING TX 77331","(936) 788-4419","","TEXASROADCONSTRUCTION@GMAIL.COM","T","Monthly Estimate Reports, Prequalified"
"TEXAS ROAD LLC","P.O. BOX 5650, LAGO VISTA TX 78645","(512) 535-3286","","contractor.info@txdot.gov","T","Monthly Estimate Reports, Prequalified"
"TEXAS STEEL INDUSTRIAL PLACING, LLC","TEXAS STEEL INDUSTRIAL PLACING, LLC - Official Registered Office, TxDOT Division, TX","(800) 558-9368","","contractor.info@txdot.gov","T","Monthly Estimate Reports"
"TEXAS TMA RENTAL","TEXAS TMA RENTAL - Official Registered Office, TxDOT Division, TX","(800) 558-9368","","contractor.info@txdot.gov","T","Monthly Estimate Reports"
"TEXAS TRAFFIC CONTROL SYSTEMS, INC.","PO BOX 147, DIKE TX 75437","(713) 817-3629","","TEXASTRAFFICCONTROLSYSTEMS@GMAIL.COM","T","Monthly Estimate Reports, Prequalified"
"TEXAS TRAFFIC LLC","1027 NORFOLK DR, PEARLAND TX 77584","(956) 414-8382","","SALES@TRAFFICTEX.COM","T","Bidder's Questionnaire"
"TEXAS UTILITY & BORING INC.","PO BOX 1747, LAS CRUCES NM 88004","(575) 527-2260","","BIDS@MORROWNM.COM","T","Prequalified"
"TEXAS WALL & LANDSCAPE","654 N. SAM HOUSTON PKWY E, HOUSTON TX 77060","(713) 893-0048","","LDEAN@TEXASWL.COM","T","Monthly Estimate Reports, Prequalified"
"TEXAS WIDE FLAGGING TRAFFIC CONTROL L.L.C.","102 CARSON CT APT 609, HOUSTON TX 77004","(346) 229-1512","","INFO@TEXASWIDEFLAGGING.COM","T","Bidder's Questionnaire"
"TEXAS-REYES GROUP LTD.","15515 S CRAWFORD AVE, MARKHAM IL 60428","(708) 596-7184","","MARCOSG@REYESGROUP.COM","T","Prequalified"
"TEXCO SERVICES, LLC","PO BOX 105, HALLSVILLE TX 75650","(903) 578-1769","","STEPHANIE@TEXCOSERVICES.COM","T","Bidder's Questionnaire"
"TEXCON GENERAL CONTRACTORS","PO BOX 138, KURTEN TX 77862","(979) 690-9797","","CHRISTINEMARTIN@TEXCON.NET","T","Prequalified"
"TEXWAY WASTEWATER SERVICES, LLC","TEXWAY WASTEWATER SERVICES, LLC - Official Registered Office, TxDOT Division, TX","(800) 558-9368","","contractor.info@txdot.gov","T","Monthly Estimate Reports"
"THE BARGAIN SOURCE","2516 MORNINGSIDE DRIVE, GARLAND TX 75041","(972) 278-2635","","GCTBS@PRODIGY.NET","T","Bidder's Questionnaire"
"THE CONFIDENCE GROUP, INC","909 LAKE CAROLYN PARKWAY 750, IRVING TX 75039","(469) 261-5328","","IBARNES@THECONFIDENCEGROUP.COM","T","Bidder's Questionnaire, Monthly Estimate Reports"
"THE CUMMINS CONSTRUCTION COMPANY, INC.","1420 WEST CHESTNUT AVE, ENID OK 73703","(580) 233-9858","","GARRETTDONSHARP@GMAIL.COM","T","Prequalified"
"THE FAIN GROUP, INC.","PO BOX 164308, FORT WORTH TX 76161","(817) 927-4389","","LFRAZIER@FAINGP.COM","T","Prequalified"
"THE FISHEL COMPANY","1366 DUBLIN ROAD, COLUMBUS OH 43215","(614) 274-6794","","HMMILLS@TEAMFISHEL.COM","T","Prequalified"
"THE LANE CONSTRUCTION CORPORATION","6125 TYVOLA CENTRE DRIVE, CHARLOTTE NC 28217","(704) 553-6500","","TEXASBIDS@LANECONSTRUCT.COM","T","Prequalified"
"THE LEVY COMPANY, INC.","16294 IH 35 N, SELMA TX 78154","(210) 653-2835","","INFO@LEVYCOMPANY.COM","T","Monthly Estimate Reports, Prequalified"
"THE LEVY COMPANY, LLC","THE LEVY COMPANY, LLC - Official Registered Office, TxDOT Division, TX","(800) 558-9368","","contractor.info@txdot.gov","T","Monthly Estimate Reports"
"THE MIDDLESEX CORPORATION","ONE SPECTACLE POND ROAD, LITTLETON MA 1460","(978) 742-4434","","TGRONDINE@MIDDLESEXCO.COM","T","Prequalified"
"THE ROLLING GROUP LLC","18111 MILLAU VIADUCT WAY, HOUSTON TX 77044","(832) 801-5009","","ROLLINGMOTORSHOU@YAHOO.COM","T","Bidder's Questionnaire, Monthly Estimate Reports"
"THE TRUESDELL CORPORATION","1310 W. 23RD STREET, TEMPE AZ 85282","(602) 437-1821","","NMACKOWIAK@TRUESDELLCORP.COM","T","Monthly Estimate Reports, Prequalified"
"THE URBAN FORESTERS LLC","12703 STAFFORD ROAD, STAFFORD TX 77477","(855) 255-5212","","contractor.info@txdot.gov","T","Bidder's Questionnaire"
"THE WILKINS GROUP, INC.","1710 FIRMAN DRIVE STE 200, RICHARDSON TX 75081","(972) 479-1099","","INFO@WILKINS.COM","T","Bidder's Questionnaire"
"THIEM LLC","17350 STATE HWY 249 STE 220, HOUSTON TX 77064","(800) 214-2381","","INFO@THIEM-LLC.COM","T","Bidder's Questionnaire"
"THIRD COAST SERVICES LLC","36530 COLEMAN RD, MAGNOLIA TX 77355","(832) 834-0243","","JOSH@TCSTX.US","T","Monthly Estimate Reports, Prequalified"
"THK CONSTRUCTION LLC","510 E LOOP 281 STE B, BOX 815, LONGVIEW TX 75605","(903) 738-0396","","JERRYKRCHNAK@THKCONSTRUCTION.COM","T","Monthly Estimate Reports, Prequalified"
"TIGHT LINE CONSTRUCTION, LLC","PO BOX 150508, LUFKIN TX 75915","(281) 659-6759","","JBONDS@TIGHTLINETX.COM","T","Monthly Estimate Reports, Prequalified"
"TIGUA, INC.","12 LEIGH FISHER BLVD., EL PASO TX 79906","(915) 298-0700","","ALEJANDRO.BOOTH@TIGUAINC.ORG","T","Bidder's Questionnaire"
"TIKON GROUP, INC.","6335 GULFTON ST., SUITE 201, HOUSTON TX 77081","(713) 988-2082","","TIKON@TIKONGROUP.COM","T","Bidder's Questionnaire"
"TIMBERLINE CONSTRUCTORS, INC.","3195 US HIGHWAY 69N, LUFKIN TX 75904","(936) 637-7980","","INFO@TIMBERLINECONSTRUCTORS.COM","T","Bidder's Questionnaire"
"TIMES CONSTRUCTION, INC.","2900 WESLAYAN, SUITE 625, HOUSTON TX 77027","(713) 977-3797","","NEGAR@TIMES-CONSTRUCTION.COM","T","Bidder's Questionnaire"
"TISEO PAVING CO.","PO BOX 270040, DALLAS TX 75227","(972) 216-5637","","JSTARNES@TISEOPAVING.COM","T","Prequalified"
"TI-ZACK CONCRETE, LLC","39352 221ST AVENUE, LE CENTER MN 56057","(507) 357-6096","","ESTIMATING@TIZACK.COM","T","Monthly Estimate Reports, Prequalified"
"TJT CONSTRUCTION, INC.","1111 WEBSTER ST., LONGVIEW TX 75602","(903) 576-7000","","TMSTAUTS@GMAIL.COM","T","Bidder's Questionnaire"
"TOM'S TREE PLACE","5104 34TH STREET, LUBBOCK TX 79410","(806) 799-3680","","ALEXS@TOMSTREEPLACE.COM","T","Bidder's Questionnaire"
"TOTAL CONTRACTING LIMITED","11203 BEDFORD, HOUSTON TX 77031","(713) 995-8644","","TOTALCONTRACTING@YAHOO.COM","T","Prequalified"
"TOUCHSTONE RESOURCES, LLC","TOUCHSTONE RESOURCES, LLC - Official Registered Office, TxDOT Division, TX","(800) 558-9368","","contractor.info@txdot.gov","T","Monthly Estimate Reports"
"TRAC-WORK, INC.","PO BOX 550, ENNIS TX 75120","(972) 875-1298","","EALLEN@TRAC-WORK.COM","T","Prequalified"
"TRADEMARK ELECTRIC, INC.","3200 JOYCE DRIVE, FORT WORTH TX 76116","(817) 656-8455","","MBLESSING@TMELECTRIC.COM","T","Bidder's Questionnaire"
"TRAFFIC HIGHWAY MAINTENANCE, LLC","PO BOX 472, MIDLOTHIAN TX 76065","(469) 523-0181","","KEITH@THMTX.COM","T","Monthly Estimate Reports, Prequalified"
"TRAF-TEX, INC.","8420 HANSEN, HOUSTON TX 77075","(713) 643-5599","","MREYNA@TRAF-TEX.COM","T","Monthly Estimate Reports, Prequalified"
"TRANSCORE ITS, LLC","4415 LEWIS ROAD, HARRISBURG PA 17111","(717) 516-2400","","contractor.info@txdot.gov","T","Prequalified"
"TRANSTAR TRAFFIC SYSTEMS LLC","904 FOREST SPRINGS, LIVINGSTON TX 77351","(832) 288-6156","","PVAUGHN@TRANSTARTRAFFICSYSTEMS.COM","T","Bidder's Questionnaire"
"TRAYLOR BROS., INC.","835 N CONGRESS AVE, EVANSVILLE IN 47715","(812) 477-1542","","contractor.info@txdot.gov","T","Prequalified"
"TREE GUY LLC","18757 KELLY MEADOWS LANE, NEW CANEY TX 77357","(713) 933-9791","","SCOTT.TGSERVICES@GMAIL.COM","T","Bidder's Questionnaire"
"TREENEWAL, LLC","1712 FM 407 EAST, ARGYLE TX 76226","(817) 329-2450","","INFO@TREENEWAL.COM","T","Bidder's Questionnaire"
"TREVWAY, INC.","6725 S FRY RD, STE 700-538, KATY TX 77494","(855) 487-3892","","KTREVINO@TREVINCTX.COM","T","Monthly Estimate Reports, Prequalified"
"TRI STATE ELECTRIC, LTD.","530 VALLEY CHILE ROAD, VINTON TX 79821","(915) 755-7276","","DFULLERTSE@SBCGLOBAL.NET","T","Monthly Estimate Reports, Prequalified"
"TRICARE PHARMACY LLC","P.O. BOX 113, ALIEF TX 77411","(281) 953-0028","","ADMIN@TONNAPHARMACY.COM","T","Bidder's Questionnaire"
"TRICON PRECAST, LTD.","15055 HENRY ROAD, HOUSTON TX 77060","(281) 931-0061","","MARISOL@TRICONPRECAST.COM","T","Prequalified"
"TRI-CON SERVICES, INC.","PO BOX 472867, GARLAND TX 75047","(972) 475-7416","","PATTY@TRI-CONSERVICES.COM","T","Prequalified"
"TRIPLE H FIELD SERVICES, LLC","PO BOX 260608, CORPUS CHRISTI TX 78426","(361) 813-9902","","VICHUFF3@TRIPLEHFS.COM","T","Monthly Estimate Reports, Prequalified"
"TRIPLE H OUTDOOR SOLUTIONS, LLC","1207 GOLDEN BEAR, KINGWOOD TX 77339","(281) 507-6653","","ROBHUBER.MARLIN@GMAIL.COM","T","Bidder's Questionnaire"
"TRIPLE T MAINTENANCE INC.","11006 FM 1769, GRAHAM TX 76450","(940) 456-4058","","TRIPLETMAINTENANCE69@GMAIL.COM","T","Bidder's Questionnaire, Monthly Estimate Reports"
"TRITEX FENCE","5508 CHRISTOVAL RD, SAN ANGELO TX 76904","(325) 812-7143","","HEATHER@TRITEXTX.COM","T","Bidder's Questionnaire"
"TRP CONSTRUCTION GROUP, LLC","TRP CONSTRUCTION GROUP, LLC - Official Registered Office, TxDOT Division, TX","(800) 558-9368","","contractor.info@txdot.gov","T","Monthly Estimate Reports"
"TRP INFRASTRUCTURE SERVICES, LLC","2411 MINNIS DR, FT WORTH TX 76117","(817) 808-1466","","ROBE@TRPINFRA.COM","T","Monthly Estimate Reports, Prequalified"
"TRUE ROADS CONSTRUCTION LLC","PO BOX 1430, HALLSVILLE TX 75650","(430) 201-5131","","ESTIMATING@TRUEROADSCONSTRUCTION.COM","T","Monthly Estimate Reports"
"TRUE ROADS, LLC","PO BOX 1430, HALLSVILLE TX 75650","(430) 201-5131","","ESTIMATING@TRUEROADSCONSTRUCTION.COM","T","Monthly Estimate Reports, Prequalified"
"TTG UTILITIES, INC.","PO BOX 299, GATESVILLE TX 76528","(254) 248-1242","","BPENA@TTGUTILITIES.COM","T","Monthly Estimate Reports, Prequalified"
"TUCAN CONTRACTING, LLC","TUCAN CONTRACTING, LLC - Official Registered Office, TxDOT Division, TX","(800) 558-9368","","contractor.info@txdot.gov","T","Monthly Estimate Reports"
"TURN KEY UTILITY CONSTRUCTION, INC.","9716 LIMESTONE COURT, JOSHUA TX 76058","(817) 309-3475","","BOBI@TURNKEYTEXAS.NET","T","Bidder's Questionnaire"
"TWELVE STARS CONSTRUCTION COMPANY LLC","600 CENTER AVE. #1883, BROWNWOOD TX 76801","(325) 305-4497","","contractor.info@txdot.gov","T","Monthly Estimate Reports, Prequalified"
"U.S. TRAFFIC CONTROL, LLC","PO BOX 6297, ATHENS GA 30604","(706) 425-0300","","contractor.info@txdot.gov","U","Bidder's Questionnaire"
"UMD Construction","UMD Construction - Official Registered Office, TxDOT Division, TX","(800) 558-9368","","contractor.info@txdot.gov","U","Monthly Estimate Reports"
"UNITED CLEANING SERVICE INC.","17423 WILD WILLOW LANE, HOUSTON TX 77084","(832) 782-2932","","SANTOSERIVAS@OUTLOOK.COM","U","Bidder's Questionnaire"
"UNITED FIRE & CASUALTY COMPANY","UNITED FIRE & CASUALTY COMPANY - Official Registered Office, TxDOT Division, TX","(800) 558-9368","","contractor.info@txdot.gov","U","Monthly Estimate Reports"
"UNITED SALT CORPORATION","UNITED SALT CORPORATION - Official Registered Office, TxDOT Division, TX","(800) 558-9368","","contractor.info@txdot.gov","U","Monthly Estimate Reports"
"URBAN HEIGHTS INVESTMENTS LLC","6306 KALEE DR, AMARILLO TX 79109","(806) 420-5070","","DOSHONJOHNSONSR007@GMAIL.COM","U","Bidder's Questionnaire"
"URBAN INFRACONSTRUCTION LLC","URBAN INFRACONSTRUCTION LLC - Official Registered Office, TxDOT Division, TX","(800) 558-9368","","contractor.info@txdot.gov","U","Monthly Estimate Reports"
"URETEK USA, INC.","PO BOX 1929, TOMBALL TX 77377","(281) 351-0884","","EHIBBARD@URETEKUSA.COM","U","Bidder's Questionnaire"
"USA AMTECH, INC.","P.O. BOX 507, THE WOODLANDS TX 77382","(210) 972-7956","","MOHSIN@USAMTECH.COM","U","Bidder's Questionnaire, Monthly Estimate Reports"
"USA DT SERVICES, INC.","12650 W. 64TH AVE. UNIT 504, ARVADA CO 80004","(303) 717-7161","","contractor.info@txdot.gov","U","Monthly Estimate Reports, Prequalified"
"VACA UNDERGROUND UTILITIES INC","VACA UNDERGROUND UTILITIES INC - Official Registered Office, TxDOT Division, TX","(800) 558-9368","","contractor.info@txdot.gov","V","Monthly Estimate Reports"
"VALOR GC","1337 JIM PAUL, EL PASO TX 79936","(915) 740-6017","","GCEPEDA@VALOR-GC.COM","V","Bidder's Questionnaire"
"VALUE DRILLING COMPANY INC","4102 ALDINE MAIL RT ROAD, HOUSTON TX 77039","(713) 474-0119","","SIDDIQUE@VALUEDRILLING.COM","V","Bidder's Questionnaire, Monthly Estimate Reports"
"VANN/ELLI, INC.","PO BOX 1060, JOSHUA TX 76058","(817) 645-5352","","VANN1ELLI@AOL.COM","V","Prequalified"
"VECTOR UTILITIES LLC","VECTOR UTILITIES LLC - Official Registered Office, TxDOT Division, TX","(800) 558-9368","","contractor.info@txdot.gov","V","Monthly Estimate Reports"
"VEMAC, LLC","1919 RIO GRANDE, EL PASO TX 79902","(915) 566-1911","","LESTALA@VEMAC.US","V","Prequalified"
"VENTURE CONSTRUCTION, INC","42 LOCKE RD, CONCORD NH 3301","(603) 224-6341","","INFO@VENTURE-CONSTRUCTION.COM","V","Prequalified"
"VERNARA LLC","11816 INWOOD RD 1105, DALLAS TX 75244","(305) 760-9005","","ASHKAN@VERNARA.COM","V","Bidder's Questionnaire"
"VERSABUCKET, LLC","15720 GARRETT RD, HOUSTON TX 77044","(832) 777-3001","","NROBERTS@VERSABUCKET.COM","V","Bidder's Questionnaire"
"VERTICAL TRACTOR MOWING, LLC","4180 N SMITH ROAD, ROCKWALL TX 75087","(972) 922-3333","","MICHELLE@VERTICALTRACTOR.NET","V","Bidder's Questionnaire"
"VIZCAINO, L.P.","2210 W. 16TH STREET, ODESSA TX 79763","(432) 332-8466","","JUAN@VIZCAINOLP.COM","V","Monthly Estimate Reports, Prequalified"
"VNA ROAD & BRIDGE LLC","PO BOX 71597, EL PASO TX 79917","(915) 777-0335","","JANGUIANO@VNAROAD.COM","V","Prequalified"
"VOLCANIC STONE CO.","VOLCANIC STONE CO. - Official Registered Office, TxDOT Division, TX","(800) 558-9368","","contractor.info@txdot.gov","V","Monthly Estimate Reports"
"VSS INTERNATIONAL, INC.","PO BOX 981330, WEST SACRAMENTO CA 95798","(916) 373-0183","","VSSIESTIMATING@SLURRY.COM","V","Prequalified"
"VULCAN CONSTRUCTION MATERIALS, LLC","VULCAN CONSTRUCTION MATERIALS, LLC - Official Registered Office, TxDOT Division, TX","(800) 558-9368","","contractor.info@txdot.gov","V","Monthly Estimate Reports"
"VULCAN MATERIALS ASPHALT AND CONSTRUCTION, LLC","1575 FM 1485, CONROE TX 77301","(936) 760-1625","","TXDOTBIDSVMAC@VMCMAIL.COM","V","Monthly Estimate Reports, Prequalified"
"WALLER COUNTY ASPHALT INC.","WALLER COUNTY ASPHALT INC. - Official Registered Office, TxDOT Division, TX","(800) 558-9368","","contractor.info@txdot.gov","W","Monthly Estimate Reports"
"WASTE SOLUTIONS USA LLC","28664 KYLE ROAD, WALLER TX 77484","(832) 405-6296","","FABRICIO@WASTESOLUTIONSUSA.COM","W","Bidder's Questionnaire, Monthly Estimate Reports"
"WAVETRONIX LLC","WAVETRONIX LLC - Official Registered Office, TxDOT Division, TX","(800) 558-9368","","contractor.info@txdot.gov","W","Monthly Estimate Reports"
"WAYLON BOYLES","3280 DEAD MAN RD, HUNTINGTON TX 75949","(936) 676-5276","","WBOYLES@VECTORCONTRACTING.COM","W","Bidder's Questionnaire"
"WAYNE YANCEY, INC.","PO BOX 1244, MAGNOLIA TX 77353","(832) 457-1724","","TLYANCEY20@GMAIL.COM","W","Monthly Estimate Reports, Prequalified"
"WE PAVE ROAD CONSTRUCTION L.L.C.","2801 RICHMOND ROAD # 213, TEXARKANA TX 75503","(903) 556-0967","","WEPAVEROAD@GMAIL.COM","W","Bidder's Questionnaire"
"WEBBER INFRASTRUCTURE MANAGEMENT, INC.","10415 MORADO CIRCLE, BLDG.2, AUSTIN TX 78759","(713) 964-2801","","BIDDING.INFRA@WWEBBER.COM","W","Prequalified"
"WEBBER WATERWORKS, LLC","1725 HUGHES LANDING BLVD, THE WOODLANDS TX 77380","(281) 449-6658","","BIDS@PLWUS.COM","W","Monthly Estimate Reports, Prequalified"
"WEBBER, LLC","1725 HUGHES LANDING BLVD, STE, THE WOODLANDS TX 77380","(281) 449-6658","","WEBBERESTIMATING@WWEBBER.COM","W","Monthly Estimate Reports, Prequalified"
"WEEKS MARINE, INC.","4 COMMERCE DRIVE, CRANFORD NJ 7016","(908) 272-4740","","TRINA.SABATKA@KIEWIT.COM","W","Prequalified"
"WELLCRAFT BUILDERS","16756 MARSALA SPRINGS DR, ROUND ROCK TX 78681","(215) 554-7834","","VARUN@WELLCRAFTBUILDERS.COM","W","Monthly Estimate Reports, Prequalified"
"WELLMANN ENTERPRISES","PO BOX 1003, BRENHAM TX 77834","(979) 830-3898","","RLWELLMANN@YAHOO.COM","W","Bidder's Questionnaire, Monthly Estimate Reports"
"WEST TEXAS PAVING, INC.","10104 ALCOVE AVE, WOLFFORTH TX 79382","(806) 833-2884","","contractor.info@txdot.gov","W","Monthly Estimate Reports, Prequalified"
"WEST TEXAS ROCK RESOURCES, LLC","P.O. BOX 871, ROSCOE TX 79545","(325) 766-3401","","contractor.info@txdot.gov","W","Bidder's Questionnaire"
"WESTCO VENTURES, LLC","4400 S. WAYSIDE SUITE 101, HOUSTON TX 77087","(713) 645-5057","","AWEST@WESTCOVENTURES.COM","W","Bidder's Questionnaire"
"WESTFIELD INSURANCE COMPANY","WESTFIELD INSURANCE COMPANY - Official Registered Office, TxDOT Division, TX","(800) 558-9368","","contractor.info@txdot.gov","W","Monthly Estimate Reports"
"WG ENGINEERING & CONSTRUCTION, LLC","190 E. STACY RD, STE 306-135, ALLEN TX 75002","(469) 712-5115","","EDMOND@WGENGINEERING.COM","W","Monthly Estimate Reports, Prequalified"
"WILLIAM CHARLES CONSTRUCTION COMPANY, LLC","PO BOX 2071, LOVES PARK IL 61130","(815) 654-4736","","NATALIE.LATINO@WILLIAMCHARLES.COM","W","Prequalified"
"WILLIAMS BROTHERS CONSTRUCTION CO., INC.","PO BOX 66428, HOUSTON TX 77266","(713) 520-5247","","BLANHAM@WBCTX.COM","W","Monthly Estimate Reports, Prequalified"
"WILLIS ELECTRIC CO., LP","PO BOX 7109, ABILENE TX 79608","(325) 698-3444","","contractor.info@txdot.gov","W","Monthly Estimate Reports, Prequalified"
"WILSONS FLAGGING CONTROL COMPANY LLC","P.O. BOX 91102, HOUSTON TX 77088","(832) 877-9352","","ALANW716@GMAIL.COM","W","Bidder's Questionnaire"
"WIMS ENVIRONMENTAL CONSTRUCTION, LTD.","PO BOX 495668, GARLAND TX 75049","(214) 728-1525","","KRISTYW@WIMSLTD.COM","W","Bidder's Questionnaire"
"WINDING ROAD CONSTRUCTION, INC.","39036 COUNTY ROAD 225, BIGFORK MN 56628","(218) 743-6048","","WINDINGROAD1877@YAHOO.COM","W","Monthly Estimate Reports, Prequalified"
"WITHERS CONSTRUCTION, LLC","1202 COUNTY ROAD 44850, BLOSSOM TX 75416","(800) 450-3515","","WITHERSCONSTRUCTION@YAHOO.COM","W","Bidder's Questionnaire"
"WMS R AND B, L.L.C.","P.O. BOX 1869, MARSHALL TX 75671","(903) 754-0882","","WMS@WMSRANDB.COM","W","Bidder's Questionnaire"
"WORKQUEST","WORKQUEST - Official Registered Office, TxDOT Division, TX","(800) 558-9368","","contractor.info@txdot.gov","W","Monthly Estimate Reports"
"WRIGHT ASPHALT PRODUCTS COMPANY LLC","WRIGHT ASPHALT PRODUCTS COMPANY LLC - Official Registered Office, TxDOT Division, TX","(800) 558-9368","","contractor.info@txdot.gov","W","Monthly Estimate Reports"
"WRIGHT BROTHERS CONSTRUCTION COMPANY, INC.","PO BOX 437, CHARLESTON TN 37310","(423) 336-2079","","BBREWER@WBCCI.COM","W","Prequalified"
"W-TEX SERVICES LLC","480 MILL OAK LN, SEGUIN TX 78155","(830) 321-2276","","W-TEX@OUTLOOK.COM","W","Bidder's Questionnaire"
"XIT PAVING AND CONSTRUCTION INC.","3934 S. HWY 287, WAXAHACHIE TX 75165","(972) 351-9906","","ACCOUNTS@XITPAVING.COM","X","Monthly Estimate Reports, Prequalified"
"XTREME PRO CLEANING LLC","10501 FOY LANE, HOUSTON TX 77093","(713) 384-3117","","ANGELA6595@AOL.COM","X","Bidder's Questionnaire, Monthly Estimate Reports"
"YELLABUSH CONSTRUCTION SERVICES, LLC","PO BOX 10653, LUBBOCK TX 79416","(806) 577-4538","","AARON@YB-ENERGY.COM","Y","Bidder's Questionnaire"
"YELLOWSTONE LANDSCAPE - CENTRAL, INC.","10892 SHADOW WOOD DRIVE, HOUSTON TX 77043","(713) 690-6461","","JSIVILS@YELLOWSTONELANDSCAPE.COM","Y","Monthly Estimate Reports, Prequalified"
"YOKO EXCAVATING, LLC","2608 N MAIN ST STE B282, BELTON TX 76513","(254) 780-9707","","YOKOEXCAVATINGLLC@GMAIL.COM","Y","Monthly Estimate Reports, Prequalified"
"YUNEX LLC","9225 BEE CAVE RD, BLDG B, AUSTIN TX 78733","(214) 546-2602","","ESTIMATINGTX@YUNEXTRAFFIC.COM","Y","Monthly Estimate Reports, Prequalified"
"Z & L CONCRETE CONTRACTORS, INC.","324 MARGO ST., SAN ANTONIO TX 78223","(210) 633-9444","","ZLCONCRETE@YAHOO.COM","Z","Bidder's Questionnaire"
"Z3 WELDING GONZALES LLC","1307 E 3RD ST ST B, BIG SPRING TX 79720","(432) 517-7073","","AGONZALES509@GMAIL.COM","Z","Bidder's Questionnaire"
"ZACHRY CONSTRUCTION CORPORATION","PO BOX 33240, SAN ANTONIO TX 78265","(210) 871-6906","","JIM.AUSTIN@ZACHRYCORP.COM","Z","Monthly Estimate Reports, Prequalified"
"ZACK BURKETT CO.","PO BOX 40, GRAHAM TX 76450","(940) 549-0436","","contractor.info@txdot.gov","Z","Monthly Estimate Reports, Prequalified"
"ZEBRA PARKING LOT STRIPING & RESTORATIONS, LLC","315 PEAR RD, GLADEWATER TX 75647","(903) 401-7743","","ZEBRALOT@GMAIL.COM","Z","Bidder's Questionnaire"
"ZURICH AMERICAN INSURANCE COMPANY","ZURICH AMERICAN INSURANCE COMPANY - Official Registered Office, TxDOT Division, TX","(800) 558-9368","","contractor.info@txdot.gov","Z","Monthly Estimate Reports"
